event	stage	breaker 1 (red)	breaker 2 (blue)	winner	battle rounds	number of judges	breaker 1 round wins	breaker 2 round wins	breaker 1 vote count	breaker 2 vote count	judge 1 name	judge 2 name	judge 3 name	judge 4 name	judge 5 name	judge 6 name	judge 7 name	judge 8 name	judge 9 name	r1j1over	r1j2over	r1j3over	r1j4over	r1j5over	r1j6over	r1j7over	r1j8over	r1j9over	r2j1over	r2j2over	r2j3over	r2j4over	r2j5over	r2j6over	r2j7over	r2j8over	r2j9over	r3j1over	r3j2over	r3j3over	r3j4over	r3j5over	r3j6over	r3j7over	r3j8over	r3j9over	r4j1over	r4j2over	r4j3over	r4j4over	r4j5over	r4j6over	r4j7over	r4j8over	r4j9over	r5j1over	r5j2over	r5j3over	r5j4over	r5j5over	r5j6over	r5j7over	r5j8over	r5j9over	date	source	source url
Break Mission x B-Side Hip-Hop Festival 2023	1vs1 16'n'under Top 16 KnockOut	Danger	SEIGO	Danger	3	5	3	0	11	4	Rob-Nasty Rocker	Cri6	Stefani	Issue	Alvarone					2	-5	14	-94	-57					-2	8	-48	-76	-19					-1	-2	-100	88	-8																								seed	
Break Mission x B-Side Hip-Hop Festival 2023	1vs1 16'n'under Top 16 KnockOut	SEIGO	Mimì	SEIGO	2	5	2	0	10	0	Rob-Nasty Rocker	Cri6	Stefani	Issue	Alvarone					-4	-3	-5	-78	-26					-22	-14	-58	-81	-62																																	seed	
Break Mission x B-Side Hip-Hop Festival 2023	1vs1 16'n'under Top 16 KnockOut	Danger	LilMega	Danger	2	5	2	0	9	1	Rob-Nasty Rocker	Cri6	Stefani	Issue	Alvarone					1	-4	-84	-64	-22					-11	-1	-80	-73	-32																																	seed	
Break Mission x B-Side Hip-Hop Festival 2023	1vs1 16'n'under Top 16 KnockOut	Mimì	Theige	Mimì	2	5	2	0	7	3	Rob-Nasty Rocker	Cri6	Stefani	Issue	Alvarone					1	-6	-91	-100	-52					-1	3	-32	84	-63																																	seed	
Break Mission x B-Side Hip-Hop Festival 2023	1vs1 16'n'under Top 16 KnockOut	SEIGO	Sebastiaan	SEIGO	2	5	2	0	10	0	Rob-Nasty Rocker	Cri6	Stefani	Issue	Alvarone					-15	-15	-100	-100	-35					-15	-17	-100	-78	-47																																	seed	
Break Mission x B-Side Hip-Hop Festival 2023	1vs1 16'n'under Top 16 KnockOut	LEGEND	LilMega	LilMega	3	5	1	2	7	8	Rob-Nasty Rocker	Cri6	Stefani	Issue	Alvarone					-27	-8	-12	-100	-70					1	-1	-10	100	7					17	31	14	100	19																								seed	
Break Mission x B-Side Hip-Hop Festival 2023	1vs1 16'n'under Top 16 KnockOut	Danger	Juice	Danger	2	5	2	0	10	0	Rob-Nasty Rocker	Cri6	Stefani	Issue	Alvarone					-4	-25	-100	-100	-48					-15	-11	-12	-100	-40																																	seed	
Break Mission x B-Side Hip-Hop Festival 2023	1vs1 16'n'under Top 16 KnockOut	Mariarchie	Theige	Theige	2	5	0	2	0	10	Rob-Nasty Rocker	Cri6	Stefani	Issue	Alvarone					24	22	58	100	84					10	14	79	100	67																																	seed	
Break Mission x B-Side Hip-Hop Festival 2023	1vs1 16'n'under Top 16 KnockOut	Maya	Mimì	Mimì	2	5	0	2	0	10	Rob-Nasty Rocker	Cri6	Stefani	Issue	Alvarone					28	21	100	100	76					18	10	100	92	18																																	seed	
Break Mission x B-Side Hip-Hop Festival 2023	1vs1 16'n'under Top 16 KnockOut	Blake	Sebastiaan	Sebastiaan	2	5	0	2	2	8	Rob-Nasty Rocker	Cri6	Stefani	Issue	Alvarone					-5	-3	11	100	64					2	22	62	93	59																																	seed	
Break Mission x B-Side Hip-Hop Festival 2023	1vs1 16'n'under Top 16 KnockOut	Inzain	SEIGO	SEIGO	2	5	0	2	2	8	Rob-Nasty Rocker	Cri6	Stefani	Issue	Alvarone					5	-4	15	-100	61					34	29	100	100	79																																	seed	
Break Mission x B-Side Hip-Hop Festival 2023	1vs1 16'n'under Top 16 KnockOut	Macey	LilMega	LilMega	2	5	0	2	0	10	Rob-Nasty Rocker	Cri6	Stefani	Issue	Alvarone					14	8	35	100	63					34	8	100	100	67																																	seed	
Break Mission x B-Side Hip-Hop Festival 2023	1vs1 16'n'under Top 16 KnockOut	Hazza D	LEGEND	LEGEND	3	5	1	2	4	11	Rob-Nasty Rocker	Cri6	Stefani	Issue	Alvarone					18	44	12	90	86					-9	8	-13	-58	7					3	7	-20	71	10																								seed	
Break Mission x B-Side Hip-Hop Festival 2023	1vs1 16'n'under Top 16 KnockOut	Cookie	Juice	Juice	2	5	0	2	0	10	Rob-Nasty Rocker	Cri6	Stefani	Issue	Alvarone					41	13	92	83	65					41	29	100	100	82																																	seed	
Break Mission x B-Side Hip-Hop Festival 2023	1vs1 16'n'under Top 16 KnockOut	Milan	Danger	Danger	2	5	0	2	0	10	Rob-Nasty Rocker	Cri6	Stefani	Issue	Alvarone					21	55	61	100	71					58	54	99	100	100																																	seed	
Break Mission x B-Side Hip-Hop Festival 2023	1vs1 B-Girl Top 8 KnockOut	Miimo	Solid	Solid	3	5	1	2	4	11	Rob-Nasty Rocker	Cri6	Stefani	Issue	Alvarone					12	6	100	98	41					12	-4	10	100	19					1	-4	-10	85	-68																								seed	
Break Mission x B-Side Hip-Hop Festival 2023	1vs1 B-Girl Top 8 KnockOut	Solid	Nat	Solid	2	5	2	0	10	0	Rob-Nasty Rocker	Cri6	Stefani	Issue	Alvarone					-13	-20	-35	-55	-30					-14	-19	-100	-78	-70																																	seed	
Break Mission x B-Side Hip-Hop Festival 2023	1vs1 B-Girl Top 8 KnockOut	Miimo	Spooky	Miimo	3	5	2	1	12	3	Rob-Nasty Rocker	Cri6	Stefani	Issue	Alvarone					-4	-8	-6	-100	-38					1	-8	-5	71	23					-6	-1	-5	-72	-21																								seed	
Break Mission x B-Side Hip-Hop Festival 2023	1vs1 B-Girl Top 8 KnockOut	Roxic	Nat	Nat	2	5	0	2	2	8	Rob-Nasty Rocker	Cri6	Stefani	Issue	Alvarone					-9	11	100	79	6					8	7	100	-100	51																																	seed	
Break Mission x B-Side Hip-Hop Festival 2023	1vs1 B-Girl Top 8 KnockOut	Mimì	Solid	Solid	2	5	0	2	2	8	Rob-Nasty Rocker	Cri6	Stefani	Issue	Alvarone					-1	5	36	98	39					-2	10	78	99	22																																	seed	
Break Mission x B-Side Hip-Hop Festival 2023	1vs1 B-Girl Top 8 KnockOut	Munirat	Spooky	Spooky	3	5	1	2	6	9	Rob-Nasty Rocker	Cri6	Stefani	Issue	Alvarone					-1	8	-21	-62	-25					5	4	11	100	32					-1	-2	11	81	9																								seed	
Break Mission x B-Side Hip-Hop Festival 2023	1vs1 B-Girl Top 8 KnockOut	Miimo	Cha-Ja	Miimo	2	5	2	0	8	2	Rob-Nasty Rocker	Cri6	Stefani	Issue	Alvarone					-3	9	10	-76	-5					-3	-14	-11	-64	-14																																	seed	
Break Mission x B-Side Hip-Hop Festival 2023	1vs1 Open Breaking Top 16 KnockOut	Exaggerate	Thesis	Thesis	3	5	0	3	0	15	Rob-Nasty Rocker	Cri6	Stefani	Issue	Alvarone					27	10	7	96	15					11	5	5	84	36					7	6	8	82	76																								seed	
Break Mission x B-Side Hip-Hop Festival 2023	1vs1 Open Breaking Top 16 KnockOut	Thesis	warfoot	Thesis	2	5	2	0	8	2	Rob-Nasty Rocker	Cri6	Stefani	Issue	Alvarone					-3	-12	-27	70	-56					3	-3	-17	-71	-56																																	seed	
Break Mission x B-Side Hip-Hop Festival 2023	1vs1 Open Breaking Top 16 KnockOut	Exaggerate	JET LEG	Exaggerate	2	5	2	0	9	1	Rob-Nasty Rocker	Cri6	Stefani	Issue	Alvarone					-3	-1	-78	79	-28					-1	-18	-80	-73	-51																																	seed	
Break Mission x B-Side Hip-Hop Festival 2023	1vs1 Open Breaking Top 16 KnockOut	warfoot	The Space Ninja	warfoot	2	5	2	0	8	2	Rob-Nasty Rocker	Cri6	Stefani	Issue	Alvarone					2	-4	13	-100	-17					-4	-3	-61	-91	-21																																	seed	
Break Mission x B-Side Hip-Hop Festival 2023	1vs1 Open Breaking Top 16 KnockOut	Thesis	Victor Jay	Thesis	2	5	2	0	10	0	Rob-Nasty Rocker	Cri6	Stefani	Issue	Alvarone					-16	-15	-100	-100	-75					-30	-13	-55	-100	-80																																	seed	
Break Mission x B-Side Hip-Hop Festival 2023	1vs1 Open Breaking Top 16 KnockOut	JET LEG	Romarjo_PTK	JET LEG	2	5	2	0	9	1	Rob-Nasty Rocker	Cri6	Stefani	Issue	Alvarone					2	-3	-8	-100	-47					-1	-2	-44	-79	-37																																	seed	
Break Mission x B-Side Hip-Hop Festival 2023	1vs1 Open Breaking Top 16 KnockOut	Exaggerate	The Law	Exaggerate	2	5	2	0	9	1	Rob-Nasty Rocker	Cri6	Stefani	Issue	Alvarone					-21	-16	-100	86	-56					-11	-8	-100	-100	-49																																	seed	
Break Mission x B-Side Hip-Hop Festival 2023	1vs1 Open Breaking Top 16 KnockOut	Wose	The Space Ninja	The Space Ninja	2	5	0	2	0	10	Rob-Nasty Rocker	Cri6	Stefani	Issue	Alvarone					9	14	70	94	61					11	18	100	100	35																																	seed	
Break Mission x B-Side Hip-Hop Festival 2023	1vs1 Open Breaking Top 16 KnockOut	warfoot	Mac1	warfoot	2	5	2	0	9	1	Rob-Nasty Rocker	Cri6	Stefani	Issue	Alvarone					1	-15	-73	-88	-32					-14	-22	-100	-100	-68																																	seed	
Break Mission x B-Side Hip-Hop Festival 2023	1vs1 Open Breaking Top 16 KnockOut	Victor Jay	SuperVen	Victor Jay	3	5	2	1	8	7	Rob-Nasty Rocker	Cri6	Stefani	Issue	Alvarone					-3	7	31	-78	25					-1	-3	76	100	-10					-7	-5	26	79	-6																								seed	
Break Mission x B-Side Hip-Hop Festival 2023	1vs1 Open Breaking Top 16 KnockOut	Slick Johnny	Thesis	Thesis	2	5	0	2	0	10	Rob-Nasty Rocker	Cri6	Stefani	Issue	Alvarone					2	23	57	80	51					8	26	100	82	75																																	seed	
Break Mission x B-Side Hip-Hop Festival 2023	1vs1 Open Breaking Top 16 KnockOut	Romarjo_PTK	Rhythm Box	Romarjo_PTK	2	5	2	0	6	4	Rob-Nasty Rocker	Cri6	Stefani	Issue	Alvarone					5	9	-28	-78	-15					18	-3	22	-79	-8																																	seed	
Break Mission x B-Side Hip-Hop Festival 2023	1vs1 Open Breaking Top 16 KnockOut	Kai	JET LEG	JET LEG	2	5	0	2	0	10	Rob-Nasty Rocker	Cri6	Stefani	Issue	Alvarone					41	39	100	100	58					31	24	100	100	72																																	seed	
Break Mission x B-Side Hip-Hop Festival 2023	1vs1 Open Breaking Top 16 KnockOut	Fon	The Law	The Law	2	5	0	2	1	9	Rob-Nasty Rocker	Cri6	Stefani	Issue	Alvarone					18	7	57	100	34					29	11	28	100	-7																																	seed	
Break Mission x B-Side Hip-Hop Festival 2023	1vs1 Open Breaking Top 16 KnockOut	Exaggerate	Aleon	Exaggerate	2	5	2	0	7	3	Rob-Nasty Rocker	Cri6	Stefani	Issue	Alvarone					-3	-24	-41	100	-22					1	-5	-12	-100	21																																	seed	
Le Championnat Breaking Quebec 2023	1vs1 Breaking (6-9 ans) Top 8 KnockOut	Chakal	B-Girl Fierce	B-Girl Fierce	2	3	0	2	2	4	Dazl	Prototype	Omegatron							100	100	-100							100	-100	100																																			seed	
Le Championnat Breaking Quebec 2023	1vs1 Breaking (6-9 ans) Top 8 KnockOut	Dragon Uzi	B-Lion	B-Lion	3	3	1	2	5	4	Dazl	Prototype	Omegatron							-100	-100	-100							-97	100	100							100	-100	100																										seed	
Le Championnat Breaking Quebec 2023	1vs1 Breaking (6-9 ans) Top 8 KnockOut	B-Girl Fierce	B-Lion	B-Girl Fierce	2	3	2	0	5	1	Dazl	Prototype	Omegatron							-100	-100	-100							-100	-100	100																																			seed	
Le Championnat Breaking Quebec 2023	1vs1 Breaking (6-9 ans) Top 8 KnockOut	Chakal	Dragon Uzi	Chakal	2	3	2	0	5	1	Dazl	Prototype	Omegatron							-100	85	-100							-100	-100	-100																																			seed	
Le Championnat Breaking Quebec 2023	1vs1 Breaking (6-9 ans) Top 8 KnockOut	Nico Smash	B-Lion	B-Lion	1	3	0	1	0	3	Dazl	Prototype	Omegatron							100	100	100																																												seed	
Le Championnat Breaking Quebec 2023	1vs1 Breaking (6-9 ans) Top 8 KnockOut	B-Girl Fierce	PigouBoy	B-Girl Fierce	1	3	1	0	3	0	Dazl	Prototype	Omegatron							-100	-100	-100																																												seed	
Le Championnat Breaking Quebec 2023	1vs1 Breaking (6-9 ans) Top 8 KnockOut	B-Boy Romenz	Dragon Uzi	Dragon Uzi	1	3	0	1	0	3	Dazl	Prototype	Omegatron							100	100	100																																												seed	
Le Championnat Breaking Quebec 2023	1vs1 Breaking (6-9 ans) Top 8 KnockOut	Chakal	White Walker	Chakal	1	3	1	0	3	0	Dazl	Prototype	Omegatron							-100	-100	-78																																												seed	
Le Championnat Breaking Quebec 2023	1vs1 Breaking (10-13 ans) Top 32 KnockOut	B Girl Ace	B-Boy Slim	B Girl Ace	2	3	2	0	4	2	Dazl	Prototype	Omegatron							-100	-100	77							-100	23	-94																																			seed	
Le Championnat Breaking Quebec 2023	1vs1 Breaking (10-13 ans) Top 32 KnockOut	B-Boy Spinner	Tittch	Tittch	3	3	1	2	4	5	Dazl	Prototype	Omegatron							-100	-100	-41							-100	96	47							100	100	97																										seed	
Le Championnat Breaking Quebec 2023	1vs1 Breaking (10-13 ans) Top 32 KnockOut	Tittch	B-Boy Slim	B-Boy Slim	2	3	0	2	2	4	Dazl	Prototype	Omegatron							100	48	-64							-100	91	41																																			seed	
Le Championnat Breaking Quebec 2023	1vs1 Breaking (10-13 ans) Top 32 KnockOut	B Girl Ace	B-Boy Spinner	B Girl Ace	2	3	2	0	6	0	Dazl	Prototype	Omegatron							-100	-100	-22							-100	-98	-39																																			seed	
Le Championnat Breaking Quebec 2023	1vs1 Breaking (10-13 ans) Top 32 KnockOut	B-Boy Nightmare	B-Boy Slim	B-Boy Slim	1	3	0	1	1	2	Dazl	Prototype	Omegatron							-100	100	100																																												seed	
Le Championnat Breaking Quebec 2023	1vs1 Breaking (10-13 ans) Top 32 KnockOut	Tittch	B-Boy Crescendo	Tittch	1	3	1	0	3	0	Dazl	Prototype	Omegatron							-100	-100	-100																																												seed	
Le Championnat Breaking Quebec 2023	1vs1 Breaking (10-13 ans) Top 32 KnockOut	B-Boy Spinner	Brisk	B-Boy Spinner	1	3	1	0	3	0	Dazl	Prototype	Omegatron							-100	-100	-67																																												seed	
Le Championnat Breaking Quebec 2023	1vs1 Breaking (10-13 ans) Top 32 KnockOut	B Girl Ace	Philoops	B Girl Ace	1	3	1	0	2	1	Dazl	Prototype	Omegatron							-100	100	-31																																												seed	
Le Championnat Breaking Quebec 2023	1vs1 Breaking (10-13 ans) Top 32 KnockOut	B-Boy Slim	Hell cat	B-Boy Slim	1	3	1	0	2	1	Dazl	Prototype	Omegatron							-100	-100	34																																												seed	
Le Championnat Breaking Quebec 2023	1vs1 Breaking (10-13 ans) Top 32 KnockOut	B-Boy Nightmare	Lil Time	B-Boy Nightmare	1	3	1	0	3	0	Dazl	Prototype	Omegatron							-100	-100	-90																																												seed	
Le Championnat Breaking Quebec 2023	1vs1 Breaking (10-13 ans) Top 32 KnockOut	B-Boy Crescendo	Wolf	B-Boy Crescendo	1	3	1	0	2	1	Dazl	Prototype	Omegatron							-100	-100	18																																												seed	
Le Championnat Breaking Quebec 2023	1vs1 Breaking (10-13 ans) Top 32 KnockOut	Tittch	SamyBoy	Tittch	1	3	1	0	3	0	Dazl	Prototype	Omegatron							-100	-100	-84																																												seed	
Le Championnat Breaking Quebec 2023	1vs1 Breaking (10-13 ans) Top 32 KnockOut	Brisk	Fuzzy legs	Brisk	1	3	1	0	3	0	Dazl	Prototype	Omegatron							-90	-70	-82																																												seed	
Le Championnat Breaking Quebec 2023	1vs1 Breaking (10-13 ans) Top 32 KnockOut	B-Boy Spinner	B-Boy KingDom	B-Boy Spinner	1	3	1	0	3	0	Dazl	Prototype	Omegatron							-100	-94	-100																																												seed	
Le Championnat Breaking Quebec 2023	1vs1 Breaking (10-13 ans) Top 32 KnockOut	Philoops	B-Boy D-Brods	Philoops	1	3	1	0	2	1	Dazl	Prototype	Omegatron							-100	-85	20																																												seed	
Le Championnat Breaking Quebec 2023	1vs1 Breaking (10-13 ans) Top 32 KnockOut	B Girl Ace	FunkyJay	B Girl Ace	1	3	1	0	3	0	Dazl	Prototype	Omegatron							-100	-82	-100																																												seed	
Le Championnat Breaking Quebec 2023	1vs1 Breaking (10-13 ans) Top 32 KnockOut	Hell cat	Attack	Hell cat	1	3	1	0	2	1	Dazl	Prototype	Omegatron							100	-47	-100																																												seed	
Le Championnat Breaking Quebec 2023	1vs1 Breaking (10-13 ans) Top 32 KnockOut	B-Boy Slim	Lol’D	B-Boy Slim	1	3	1	0	3	0	Dazl	Prototype	Omegatron							-100	-100	-100																																												seed	
Le Championnat Breaking Quebec 2023	1vs1 Breaking (10-13 ans) Top 32 KnockOut	ChewieB	Lil Time	Lil Time	1	3	0	1	0	3	Dazl	Prototype	Omegatron							100	32	62																																												seed	
Le Championnat Breaking Quebec 2023	1vs1 Breaking (10-13 ans) Top 32 KnockOut	Raphy B	B-Boy Nightmare	B-Boy Nightmare	1	3	0	1	1	2	Dazl	Prototype	Omegatron							100	100	-25																																												seed	
Le Championnat Breaking Quebec 2023	1vs1 Breaking (10-13 ans) Top 32 KnockOut	B-Boy GoodWill	Wolf	Wolf	1	3	0	1	1	2	Dazl	Prototype	Omegatron							100	-58	55																																												seed	
Le Championnat Breaking Quebec 2023	1vs1 Breaking (10-13 ans) Top 32 KnockOut	Willy the kid	B-Boy Crescendo	B-Boy Crescendo	1	3	0	1	0	3	Dazl	Prototype	Omegatron							100	100	57																																												seed	
Le Championnat Breaking Quebec 2023	1vs1 Breaking (10-13 ans) Top 32 KnockOut	Dydypow	SamyBoy	SamyBoy	1	3	0	1	0	3	Dazl	Prototype	Omegatron							100	15	98																																												seed	
Le Championnat Breaking Quebec 2023	1vs1 Breaking (10-13 ans) Top 32 KnockOut	B-Boy Abraham	Tittch	Tittch	1	3	0	1	0	3	Dazl	Prototype	Omegatron							100	100	98																																												seed	
Le Championnat Breaking Quebec 2023	1vs1 Breaking (10-13 ans) Top 32 KnockOut	Fuzzy legs	B-Boy Chrissto	Fuzzy legs	1	3	1	0	2	1	Dazl	Prototype	Omegatron							-100	-48	48																																												seed	
Le Championnat Breaking Quebec 2023	1vs1 Breaking (10-13 ans) Top 32 KnockOut	Brisk	La kouette	Brisk	1	3	1	0	3	0	Dazl	Prototype	Omegatron							-100	-100	-86																																												seed	
Le Championnat Breaking Quebec 2023	1vs1 Breaking (10-13 ans) Top 32 KnockOut	B-Boy KingDom	TheRock	B-Boy KingDom	1	3	1	0	3	0	Dazl	Prototype	Omegatron							-100	-83	-67																																												seed	
Le Championnat Breaking Quebec 2023	1vs1 Breaking (10-13 ans) Top 32 KnockOut	Mathéo	B-Boy Spinner	B-Boy Spinner	1	3	0	1	0	3	Dazl	Prototype	Omegatron							100	100	100																																												seed	
Le Championnat Breaking Quebec 2023	1vs1 Breaking (10-13 ans) Top 32 KnockOut	B-Boy D-Brods	C-Snow	B-Boy D-Brods	1	3	1	0	3	0	Dazl	Prototype	Omegatron							-100	-100	-100																																												seed	
Le Championnat Breaking Quebec 2023	1vs1 Breaking (10-13 ans) Top 32 KnockOut	Jordan	Philoops	Philoops	1	3	0	1	1	2	Dazl	Prototype	Omegatron							100	100	-100																																												seed	
Le Championnat Breaking Quebec 2023	1vs1 Breaking (10-13 ans) Top 32 KnockOut	FunkyJay	Singletrack	FunkyJay	1	3	1	0	3	0	Dazl	Prototype	Omegatron							-100	-100	-100																																												seed	
Le Championnat Breaking Quebec 2023	1vs1 Breaking (10-13 ans) Top 32 KnockOut	Laur-D	B Girl Ace	B Girl Ace	1	3	0	1	0	3	Dazl	Prototype	Omegatron							100	100	100																																												seed	
Le Championnat Breaking Quebec 2023	1vs1 Breaking (intermediaire 14-17 ans) Top 16 KnockOut	B-Boy Sparrow	G-Raph	B-Boy Sparrow	3	3	3	0	8	1	Laos	DKC Freeze	Benzo							-100	-100	-100							-100	-96	-100							-100	100	-100																										seed	
Le Championnat Breaking Quebec 2023	1vs1 Breaking (intermediaire 14-17 ans) Top 16 KnockOut	Vinc	Gimmicks	Vinc	3	3	2	1	5	4	Laos	DKC Freeze	Benzo							100	100	100							-100	-100	-100							-100	-100	100																										seed	
Le Championnat Breaking Quebec 2023	1vs1 Breaking (intermediaire 14-17 ans) Top 16 KnockOut	G-Raph	Gimmicks	G-Raph	3	3	2	1	5	4	Laos	DKC Freeze	Benzo							-100	100	-100							100	100	-97							-100	100	-90																										seed	
Le Championnat Breaking Quebec 2023	1vs1 Breaking (intermediaire 14-17 ans) Top 16 KnockOut	Vinc	B-Boy Sparrow	B-Boy Sparrow	2	3	0	2	2	4	Laos	DKC Freeze	Benzo							-100	100	100							100	-96	100																																			seed	
Le Championnat Breaking Quebec 2023	1vs1 Breaking (intermediaire 14-17 ans) Top 16 KnockOut	ONI	Gimmicks	Gimmicks	2	3	0	2	1	5	Laos	DKC Freeze	Benzo							100	100	100							100	100	-100																																			seed	
Le Championnat Breaking Quebec 2023	1vs1 Breaking (intermediaire 14-17 ans) Top 16 KnockOut	Chef Polo	G-Raph	G-Raph	2	3	0	2	0	6	Laos	DKC Freeze	Benzo							100	100	100							100	100	100																																			seed	
Le Championnat Breaking Quebec 2023	1vs1 Breaking (intermediaire 14-17 ans) Top 16 KnockOut	Mathioso	B-Boy Sparrow	B-Boy Sparrow	2	3	0	2	2	4	Laos	DKC Freeze	Benzo							100	100	-100							100	100	-100																																			seed	
Le Championnat Breaking Quebec 2023	1vs1 Breaking (intermediaire 14-17 ans) Top 16 KnockOut	Malek	Vinc	Vinc	2	3	0	2	2	4	Laos	DKC Freeze	Benzo							-100	100	100							-100	100	100																																			seed	
Le Championnat Breaking Quebec 2023	1vs1 Breaking (intermediaire 14-17 ans) Top 16 KnockOut	Gimmicks	Joestar	Gimmicks	2	3	2	0	6	0	Laos	DKC Freeze	Benzo							-100	-100	-95							-100	-100	-95																																			seed	
Le Championnat Breaking Quebec 2023	1vs1 Breaking (intermediaire 14-17 ans) Top 16 KnockOut	ONI	B-Boy D.B	ONI	2	3	2	0	4	2	Laos	DKC Freeze	Benzo							-100	-100	99							-100	-100	100																																			seed	
Le Championnat Breaking Quebec 2023	1vs1 Breaking (intermediaire 14-17 ans) Top 16 KnockOut	S-Frost	G-Raph	G-Raph	2	3	0	2	0	6	Laos	DKC Freeze	Benzo							100	100	100							100	100	90																																			seed	
Le Championnat Breaking Quebec 2023	1vs1 Breaking (intermediaire 14-17 ans) Top 16 KnockOut	Double A	Chef Polo	Chef Polo	2	3	0	2	1	5	Laos	DKC Freeze	Benzo							-100	100	93							100	100	100																																			seed	
Le Championnat Breaking Quebec 2023	1vs1 Breaking (intermediaire 14-17 ans) Top 16 KnockOut	White Star	B-Boy Sparrow	B-Boy Sparrow	2	3	0	2	0	6	Laos	DKC Freeze	Benzo							100	100	100							100	100	100																																			seed	
Le Championnat Breaking Quebec 2023	1vs1 Breaking (intermediaire 14-17 ans) Top 16 KnockOut	Mathioso	B-Boy cyclone	Mathioso	2	3	2	0	6	0	Laos	DKC Freeze	Benzo							-100	-100	-87							-100	-100	-97																																			seed	
Le Championnat Breaking Quebec 2023	1vs1 Breaking (intermediaire 14-17 ans) Top 16 KnockOut	Vinc	FlowCAM	Vinc	2	3	2	0	6	0	Laos	DKC Freeze	Benzo							-100	-100	-100							-100	-100	-100																																			seed	
Le Championnat Breaking Quebec 2023	1vs1 Breaking (intermediaire 14-17 ans) Top 16 KnockOut	Malek	B-Boy Noah	Malek	2	3	2	0	4	2	Laos	DKC Freeze	Benzo							-100	100	-97							-100	94	-100																																			seed	
Le Championnat Breaking Quebec 2023	1vs1 BBoy (16 ans + Elite) Top 16 KnockOut	Powers	Hubert	Powers	3	3	2	1	6	3	Laos	DKC Freeze	Benzo							-100	-100	-100							-100	-100	-100							100	100	100																										seed	
Le Championnat Breaking Quebec 2023	1vs1 BBoy (16 ans + Elite) Top 16 KnockOut	Intrikid	Kid Nasty	Intrikid	3	3	2	1	4	5	Laos	DKC Freeze	Benzo							100	100	100							100	-100	-100							-100	-100	100																										seed	
Le Championnat Breaking Quebec 2023	1vs1 BBoy (16 ans + Elite) Top 16 KnockOut	Hubert	Kid Nasty	Hubert	3	3	2	1	7	2	Laos	DKC Freeze	Benzo							100	100	-100							-100	-100	-100							-100	-100	-100																										seed	
Le Championnat Breaking Quebec 2023	1vs1 BBoy (16 ans + Elite) Top 16 KnockOut	Powers	Intrikid	Powers	3	3	2	1	7	2	Laos	DKC Freeze	Benzo							100	100	-100							-100	-100	-100							-100	-100	-100																										seed	
Le Championnat Breaking Quebec 2023	1vs1 BBoy (16 ans + Elite) Top 16 KnockOut	Kid Nasty	Swifty	Kid Nasty	2	3	2	0	5	1	Laos	DKC Freeze	Benzo							-100	-100	100							-100	-100	-100																																			seed	
Le Championnat Breaking Quebec 2023	1vs1 BBoy (16 ans + Elite) Top 16 KnockOut	Manny.ssuave	Hubert	Hubert	2	3	0	2	0	6	Laos	DKC Freeze	Benzo							100	95	100							100	100	100																																			seed	
Le Championnat Breaking Quebec 2023	1vs1 BBoy (16 ans + Elite) Top 16 KnockOut	pjb	Intrikid	Intrikid	2	3	0	2	2	4	Laos	DKC Freeze	Benzo							100	100	-100							-100	100	100																																			seed	
Le Championnat Breaking Quebec 2023	1vs1 BBoy (16 ans + Elite) Top 16 KnockOut	Powers	Papagayo	Powers	2	3	2	0	6	0	Laos	DKC Freeze	Benzo							-100	-100	-100							-100	-100	-100																																			seed	
Le Championnat Breaking Quebec 2023	1vs1 BBoy (16 ans + Elite) Top 16 KnockOut	Swifty	Zuko	Swifty	2	3	2	0	6	0	Laos	DKC Freeze	Benzo							-100	-100	-100							-100	-100	-100																																			seed	
Le Championnat Breaking Quebec 2023	1vs1 BBoy (16 ans + Elite) Top 16 KnockOut	Rym	Kid Nasty	Kid Nasty	3	3	1	2	2	7	Laos	DKC Freeze	Benzo							-100	98	-100							100	100	100							100	100	100																										seed	
Le Championnat Breaking Quebec 2023	1vs1 BBoy (16 ans + Elite) Top 16 KnockOut	Versace	Hubert	Hubert	2	3	0	2	1	5	Laos	DKC Freeze	Benzo							100	100	100							100	100	-100																																			seed	
Le Championnat Breaking Quebec 2023	1vs1 BBoy (16 ans + Elite) Top 16 KnockOut	Sak	Manny.ssuave	Manny.ssuave	3	3	1	2	3	6	Laos	DKC Freeze	Benzo							-100	100	-100							-100	100	100							100	100	100																										seed	
Le Championnat Breaking Quebec 2023	1vs1 BBoy (16 ans + Elite) Top 16 KnockOut	Diablopablo	Intrikid	Intrikid	2	3	0	2	0	6	Laos	DKC Freeze	Benzo							100	100	100							100	100	100																																			seed	
Le Championnat Breaking Quebec 2023	1vs1 BBoy (16 ans + Elite) Top 16 KnockOut	Professor H	pjb	pjb	3	3	1	2	3	6	Laos	DKC Freeze	Benzo							100	-100	-100							-100	100	100							100	100	100																										seed	
Le Championnat Breaking Quebec 2023	1vs1 BBoy (16 ans + Elite) Top 16 KnockOut	Papagayo	Dvd	Papagayo	2	3	2	0	5	1	Laos	DKC Freeze	Benzo							-100	100	-100							-100	-100	-100																																			seed	
Le Championnat Breaking Quebec 2023	1vs1 BBoy (16 ans + Elite) Top 16 KnockOut	Powers	X-Ray	Powers	2	3	2	0	6	0	Laos	DKC Freeze	Benzo							-100	-100	-100							-100	-100	-100																																			seed	
Le Championnat Breaking Quebec 2023	1vs1 BGirl (16 ans + Elite) Final KnockOut	Lynx	B-Nice	Lynx	3	3	3	0	8	1	Laos	DKC Freeze	Benzo							-100	-100	-98							100	-100	-100							-100	-100	-100																										seed	
BOTY Central Europe & Hip Hop Pfingstcamp 2023	1vs1 Breaking Kids Top 16 KnockOut	Hulk	Jojo	Hulk	2	3	2	0	4	2	Lil Amok	Alicia	Body							-28	-29	22							-45	23	-23																																			seed	
BOTY Central Europe & Hip Hop Pfingstcamp 2023	1vs1 Breaking Kids Top 16 KnockOut	David	Jojo	Jojo	3	3	1	2	3	6	Lil Amok	Alicia	Body							6	44	66							-7	-52	64							10	-73	45																										seed	
BOTY Central Europe & Hip Hop Pfingstcamp 2023	1vs1 Breaking Kids Top 16 KnockOut	Melina	Hulk	Hulk	3	3	1	2	2	7	Body	Alicia	Lil Amok							-27	63	-25							25	63	7							28	31	6																										seed	
ROCK HARDER: The Breaking Draft 2023	1v1 B-Boys Top 4 KnockOut	CEEBRI	HIJACK	HIJACK	5	5	2	3	12	13	Boobjester	Cleopatra	Mezu	MN Joe	Box Won					-43	-21	-13	-12	-9					-48	-18	-30	-32	-7					29	-15	-27	25	26					27	32	93	40	24					33	27	45	50	28						seed	
ROCK HARDER: The Breaking Draft 2023	1v1 B-Boys Top 4 KnockOut	HIJACK	JC FRESH	HIJACK	5	5	5	0	17	8	Boobjester	Cleopatra	Mezu	MN Joe	Box Won					15	-56	-35	-77	-7					-33	47	-33	-51	9					-31	39	-24	-52	9					-27	-50	7	-18	7					-16	-37	-10	-30	6						seed	
ROCK HARDER: The Breaking Draft 2023	1v1 B-Boys Top 4 KnockOut	CEEBRI	CANARUS	CEEBRI	5	5	3	2	15	10	Boobjester	Cleopatra	Mezu	MN Joe	Box Won					16	-37	-27	-13	34					-13	36	26	-10	56					23	-40	-39	29	10					-22	-36	-27	-9	12					-34	-55	-23	-17	8						seed	
ROCK HARDER: The Breaking Draft 2023	1v1 B-Girls Top 4 KnockOut	PEBBLZ LUV	LA VIX	LA VIX	3	5	1	2	5	10	Boobjester	Cleopatra	Mezu	MN Joe	Box Won					-26	-43	-14	-14	-7					27	42	38	25	7					33	29	52	27	35																								seed	
ROCK HARDER: The Breaking Draft 2023	1v1 B-Girls Top 4 KnockOut	RAMONA	LA VIX	LA VIX	3	5	0	3	1	14	Boobjester	Cleopatra	Mezu	MN Joe	Box Won					29	55	27	21	-10					45	70	49	60	59					25	48	22	49	46																								seed	
ROCK HARDER: The Breaking Draft 2023	1v1 B-Girls Top 4 KnockOut	PEBBLZ LUV	KONATSU	PEBBLZ LUV	3	5	2	1	11	4	Boobjester	Cleopatra	Mezu	MN Joe	Box Won					33	-64	12	12	-6					-34	-62	-87	-100	-88					-34	53	-45	-81	-16																								seed	
Ontario Open 2023	1vs1 B-Boy Top 16 KnockOut	Illz	Jc Fresh	Jc Fresh	3	3	1	2	2	7	Boobjester	Cleopatra	Mezu							23	27	22							12	-29	-10							26	18	26																										seed	
Ontario Open 2023	1vs1 B-Boy Top 16 KnockOut	MN Joe	Ceebri	MN Joe	3	3	2	1	5	4	Boobjester	Cleopatra	Mezu							20	-24	-32							17	37	15							-17	-19	-30																										seed	
Ontario Open 2023	1vs1 B-Boy Top 16 KnockOut	Ceebri	Jc Fresh	Jc Fresh	3	3	0	3	2	7	Boobjester	Cleopatra	Mezu							-26	100	8							25	-37	16							20	73	26																										seed	
Ontario Open 2023	1vs1 B-Boy Top 16 KnockOut	MN Joe	Illz	Illz	3	3	0	3	1	8	Boobjester	Cleopatra	Mezu							28	95	19							32	-91	15							28	100	18																										seed	
Ontario Open 2023	1vs1 B-Boy Top 16 KnockOut	Jc Fresh	Wizz	Jc Fresh	2	3	2	0	6	0	Boobjester	Cleopatra	Mezu							-23	-93	-19							-33	-100	-34																																			seed	
Ontario Open 2023	1vs1 B-Boy Top 16 KnockOut	Ceebri	ONTON	Ceebri	3	3	2	1	7	2	Boobjester	Cleopatra	Mezu							-32	-93	-10							15	-75	17							-19	-100	-12																										seed	
Ontario Open 2023	1vs1 B-Boy Top 16 KnockOut	Montuu	Illz	Illz	3	3	1	2	3	6	Boobjester	Cleopatra	Mezu							-29	-100	-12							17	100	18							21	100	34																										seed	
Ontario Open 2023	1vs1 B-Boy Top 16 KnockOut	MN Joe	Anyo	MN Joe	3	3	2	1	6	3	Boobjester	Cleopatra	Mezu							18	100	9							-30	-100	-54							-26	-100	-14																										seed	
Ontario Open 2023	1vs1 B-Boy Top 16 KnockOut	Noski	Wizz	Wizz	2	3	0	2	1	5	Boobjester	Cleopatra	Mezu							24	100	20							-20	100	24																																			seed	
Ontario Open 2023	1vs1 B-Boy Top 16 KnockOut	Transitionz	Jc Fresh	Jc Fresh	2	3	0	2	0	6	Boobjester	Cleopatra	Mezu							28	100	39							20	85	29																																			seed	
Ontario Open 2023	1vs1 B-Boy Top 16 KnockOut	Marichok	ONTON	ONTON	2	3	0	2	1	5	Boobjester	Cleopatra	Mezu							31	74	15							26	100	-7																																			seed	
Ontario Open 2023	1vs1 B-Boy Top 16 KnockOut	TimJ	Ceebri	Ceebri	2	3	0	2	0	6	Boobjester	Cleopatra	Mezu							20	75	11							5	66	13																																			seed	
Ontario Open 2023	1vs1 B-Boy Top 16 KnockOut	Denis Wong	Illz	Illz	2	3	0	2	1	5	Boobjester	Cleopatra	Mezu							21	95	54							-16	70	61																																			seed	
Ontario Open 2023	1vs1 B-Boy Top 16 KnockOut	Montuu	Frescy	Montuu	2	3	2	0	5	1	Boobjester	Cleopatra	Mezu							-10	100	-10							-16	-97	-12																																			seed	
Ontario Open 2023	1vs1 B-Boy Top 16 KnockOut	Anyo	Franky	Anyo	2	3	2	0	6	0	Boobjester	Cleopatra	Mezu							-15	-100	-11							-49	-100	-7																																			seed	
Ontario Open 2023	1vs1 B-Boy Top 16 KnockOut	MN Joe	JBugz	MN Joe	2	3	2	0	4	2	Boobjester	Cleopatra	Mezu							-26	-100	6							50	-100	-37																																			seed	
Ontario Open 2023	1vs1 B-Girl Top 4 KnockOut	SashaFox	TIFF!!!!!!	SashaFox	3	3	2	1	4	5	Boobjester	Cleopatra	Mezu							40	18	32							-21	16	-13							-26	23	-64																										seed	
Ontario Open 2023	1vs1 B-Girl Top 4 KnockOut	Karyin	India	Karyin	3	3	2	1	5	4	Boobjester	Cleopatra	Mezu							-24	-20	17							-24	-29	-12							37	15	23																										seed	
Ontario Open 2023	1vs1 B-Girl Top 4 KnockOut	India	TIFF!!!!!!	TIFF!!!!!!	3	3	0	3	0	9	Boobjester	Cleopatra	Mezu							18	96	13							23	78	30							43	99	35																										seed	
Ontario Open 2023	1vs1 B-Girl Top 4 KnockOut	Karyin	SashaFox	SashaFox	3	3	0	3	0	9	Boobjester	Cleopatra	Mezu							34	97	53							38	63	46							36	85	33																										seed	
Ontario Open 2023	Youth U9 Top 4 KnockOut	Bboy Luu	Julian	Bboy Luu	2	3	2	0	6	0	Mezu	Konatsu	Flex							-8	-39	-53							-10	-80	-63																																			seed	
Ontario Open 2023	Youth U9 Top 4 KnockOut	BBoy Emil	Lucas C	BBoy Emil	2	3	2	0	6	0	Mezu	Konatsu	Flex							-38	-39	-100							-38	-39	-100																																			seed	
Ontario Open 2023	Youth U9 Top 4 KnockOut	Julian	Lucas C	Julian	2	3	2	0	6	0	Mezu	Konatsu	Flex							-29	-30	-83							-50	-18	-68																																			seed	
Ontario Open 2023	Youth U9 Top 4 KnockOut	BBoy Emil	Bboy Luu	Bboy Luu	3	3	1	2	3	6	Mezu	Konatsu	Flex							8	-20	-100							9	17	100							7	15	-100																										seed	
Ontario Open 2023	Youth U13 Top 8 KnockOut	AMP	Bboy Luu	AMP	2	3	2	0	6	0	Mezu	Konatsu	Flex							-46	-54	-62							-41	-53	-10																																			seed	
Ontario Open 2023	Youth U13 Top 8 KnockOut	Steven	Elvin Taghiyev	Elvin Taghiyev	2	3	0	2	2	4	Mezu	Konatsu	Flex							-17	40	50							-11	19	7																																			seed	
Ontario Open 2023	Youth U13 Top 8 KnockOut	Bboy Luu	Elvin Taghiyev	Bboy Luu	3	3	2	1	7	2	Mezu	Konatsu	Flex							-7	-24	-12							9	25	-5							-10	-32	-3																										seed	
Ontario Open 2023	Youth U13 Top 8 KnockOut	AMP	Steven	AMP	2	3	2	0	6	0	Mezu	Konatsu	Flex							-78	-36	-100							-58	-48	-100																																			seed	
Ontario Open 2023	Youth U13 Top 8 KnockOut	YJbuba Noos Noos	Elvin Taghiyev	Elvin Taghiyev	1	3	0	1	0	3	Mezu	Konatsu	Flex							22	31	37																																												seed	
Ontario Open 2023	Youth U13 Top 8 KnockOut	Bboy Luu	Isabelle	Bboy Luu	1	3	1	0	3	0	Mezu	Konatsu	Flex							-31	-16	-65																																												seed	
Ontario Open 2023	Youth U13 Top 8 KnockOut	Steven	Kintus	Steven	1	3	1	0	3	0	Mezu	Konatsu	Flex							-67	-42	-100																																												seed	
Ontario Open 2023	Youth U13 Top 8 KnockOut	AMP	Andrew	AMP	1	3	1	0	3	0	Mezu	Konatsu	Flex							-69	-64	-85																																												seed	
Ontario Open 2023	Youth U17 Top 8 KnockOut	eden	Gryffin	Gryffin	2	3	0	2	0	6	Mezu	Konatsu	Flex							12	52	79							50	36	65																																			seed	
Ontario Open 2023	Youth U17 Top 8 KnockOut	Doctr Drew	Taane	Doctr Drew	2	3	2	0	6	0	Mezu	Konatsu	Flex							-12	-33	-51							-67	-34	-57																																			seed	
Ontario Open 2023	Youth U17 Top 8 KnockOut	Gryffin	Taane	Gryffin	2	3	2	0	6	0	Mezu	Konatsu	Flex							-55	-82	-74							-63	-44	-86																																			seed	
Ontario Open 2023	Youth U17 Top 8 KnockOut	eden	Doctr Drew	eden	2	3	2	0	6	0	Mezu	Konatsu	Flex							-62	-43	-67							-16	-40	-58																																			seed	
Ontario Open 2023	Youth U17 Top 8 KnockOut	DT Rock	Taane	Taane	1	3	0	1	0	3	Mezu	Konatsu	Flex							27	32	86																																												seed	
Ontario Open 2023	Youth U17 Top 8 KnockOut	Liit	Gryffin	Gryffin	1	3	0	1	0	3	Mezu	Konatsu	Flex							15	33	84																																												seed	
Ontario Open 2023	Youth U17 Top 8 KnockOut	Flo	Doctr Drew	Doctr Drew	1	3	0	1	0	3	Mezu	Konatsu	Flex							20	14	36																																												seed	
Ontario Open 2023	Youth U17 Top 8 KnockOut	eden	India	eden	1	3	1	0	3	0	Mezu	Konatsu	Flex							-10	-18	-16																																												seed	
Red Bull BC One Cypher Austria 2023	1vs1 B-Boys (Qualifier) Top 32 KnockOut	Killua	Amin Drillz	Amin Drillz	1	3	0	1	0	3	Kastet	Flearock	Dora							100	39	64																																												seed	
Red Bull BC One Cypher Austria 2023	1vs1 B-Boys (Qualifier) Top 32 KnockOut	Guti	Jake	Guti	1	3	1	0	2	1	Kastet	Flearock	Dora							-16	7	-12																																												seed	
Red Bull BC One Cypher Austria 2023	1vs1 B-Boys (Qualifier) Top 32 KnockOut	Farso	Koda	Koda	1	3	0	1	0	3	Kastet	Flearock	Dora							29	62	25																																												seed	
Red Bull BC One Cypher Austria 2023	1vs1 B-Boys (Qualifier) Top 32 KnockOut	Alchemist	Sigma	Sigma	1	3	0	1	0	3	Kastet	Flearock	Dora							10	74	15																																												seed	
Red Bull BC One Cypher Austria 2023	1vs1 B-Boys (Qualifier) Top 32 KnockOut	Ghostface	Tomy-Lee	Ghostface	1	3	1	0	2	1	Kastet	Flearock	Dora							-46	-26	12																																												seed	
Red Bull BC One Cypher Austria 2023	1vs1 B-Boys (Qualifier) Top 32 KnockOut	Istwan	Nonsense	Istwan	1	3	1	0	3	0	Kastet	Flearock	Dora							-100	-63	-11																																												seed	
Red Bull BC One Cypher Austria 2023	1vs1 B-Boys (Qualifier) Top 32 KnockOut	Bizar	El Vasi	El Vasi	1	3	0	1	0	3	Kastet	Flearock	Dora							8	8	7																																												seed	
Red Bull BC One Cypher Austria 2023	1vs1 B-Boys (Qualifier) Top 32 KnockOut	P-Rex	Pain	Pain	1	3	0	1	1	2	Kastet	Flearock	Dora							-12	18	6																																												seed	
Red Bull BC One Cypher Austria 2023	1vs1 B-Boys (Qualifier) Top 32 KnockOut	Mogli	Julien	Julien	1	3	0	1	1	2	Kastet	Flearock	Dora							66	4	-13																																												seed	
Red Bull BC One Cypher Austria 2023	1vs1 B-Boys (Qualifier) Top 32 KnockOut	Felipe Macanudo	Technique	Felipe Macanudo	1	3	1	0	3	0	Kastet	Flearock	Dora							-79	-25	-14																																												seed	
Red Bull BC One Cypher Austria 2023	1vs1 B-Boys (Qualifier) Top 32 KnockOut	Phreez	Kelt	Kelt	1	3	0	1	0	3	Kastet	Flearock	Dora							84	54	20																																												seed	
Red Bull BC One Cypher Austria 2023	1vs1 B-Boys (Qualifier) Top 32 KnockOut	Daiki	Rocknroli	Rocknroli	1	3	0	1	0	3	Kastet	Flearock	Dora							60	41	12																																												seed	
Red Bull BC One Cypher Austria 2023	1vs1 B-Boys (Qualifier) Top 32 KnockOut	FlavaCat	Valo	Valo	1	3	0	1	1	2	Kastet	Flearock	Dora							-62	14	12																																												seed	
Red Bull BC One Cypher Austria 2023	1vs1 B-Boys (Qualifier) Top 32 KnockOut	Flo	KoAar	Flo	1	3	1	0	3	0	Kastet	Flearock	Dora							-72	-25	-16																																												seed	
Red Bull BC One Cypher Austria 2023	1vs1 B-Boys (Qualifier) Top 32 KnockOut	Coolboy	Cheche	Coolboy	1	3	1	0	3	0	Kastet	Flearock	Dora							-15	-34	-10																																												seed	
Carinthian-X-Break 2023	1vs1 Breaking (B-Boys + B-Girls) Top 8 KnockOut	Beat the Young Hustler	Lele	Lele	2	3	0	2	0	6	The Wolfer	Killa Kim	Side							13	16	23							21	15	25																																			seed	
Carinthian-X-Break 2023	1vs1 Breaking (B-Boys + B-Girls) Top 8 KnockOut	Lele	Hynamite	Lele	2	3	2	0	5	1	The Wolfer	Killa Kim	Side							-5	-9	-18							-6	11	-22																																			seed	
Carinthian-X-Break 2023	1vs1 Breaking (B-Boys + B-Girls) Top 8 KnockOut	Beat the Young Hustler	Marox	Beat the Young Hustler	2	3	2	0	4	2	The Wolfer	Killa Kim	Side							-5	12	-20							-4	-10	28																																			seed	
Carinthian-X-Break 2023	1vs1 Breaking (B-Boys + B-Girls) Top 8 KnockOut	Hynamite	Cip	Hynamite	1	3	1	0	3	0	The Wolfer	Killa Kim	Side							-17	-14	-30																																												seed	
Carinthian-X-Break 2023	1vs1 Breaking (B-Boys + B-Girls) Top 8 KnockOut	Koda	Lele	Lele	1	3	0	1	0	3	The Wolfer	Killa Kim	Side							10	12	10																																												seed	
Carinthian-X-Break 2023	1vs1 Breaking (B-Boys + B-Girls) Top 8 KnockOut	Blanco	Marox	Marox	1	3	0	1	1	2	The Wolfer	Killa Kim	Side							5	-8	15																																												seed	
Carinthian-X-Break 2023	1vs1 Breaking (B-Boys + B-Girls) Top 8 KnockOut	Space Up	Beat the Young Hustler	Beat the Young Hustler	1	3	0	1	0	3	The Wolfer	Killa Kim	Side							11	100	25																																												seed	
Carinthian-X-Break 2023	1vs1 B-Girls Top 8 KnockOut	Esthalavista	Sinaya	Esthalavista	2	3	2	0	4	2	Killa Kim	Side	The Wolfer							-11	21	-8							-39	16	-15																																			seed	
Carinthian-X-Break 2023	1vs1 B-Girls Top 8 KnockOut	Elenuar	Sinaya	Sinaya	2	3	0	2	1	5	Killa Kim	Side	The Wolfer							-9	19	13							10	17	15																																			seed	
Carinthian-X-Break 2023	1vs1 B-Girls Top 8 KnockOut	Undici	Esthalavista	Esthalavista	2	3	0	2	0	6	Killa Kim	Side	The Wolfer							10	16	8							10	18	12																																			seed	
Carinthian-X-Break 2023	1vs1 B-Girls Top 8 KnockOut	Sinaya	Princess	Sinaya	1	3	1	0	3	0	Killa Kim	Side	The Wolfer							-100	-27	-21																																												seed	
Carinthian-X-Break 2023	1vs1 B-Girls Top 8 KnockOut	Elenuar	Blanca	Elenuar	1	3	1	0	3	0	Killa Kim	Side	The Wolfer							-12	-24	-13																																												seed	
Carinthian-X-Break 2023	1vs1 B-Girls Top 8 KnockOut	Esthalavista	Ellá	Esthalavista	1	3	1	0	3	0	Killa Kim	Side	The Wolfer							-26	-25	-21																																												seed	
Carinthian-X-Break 2023	1vs1 B-Girls Top 8 KnockOut	Undici	Alinza	Undici	1	3	1	0	3	0	Killa Kim	Side	The Wolfer							-47	-36	-15																																												seed	
P.O.W. - Princes-ses of War 2022	1vs1 Breaking (6-9 years old) Top 16 KnockOut	Fierce	Dragon Uzi	Fierce	3	3	2	1	7	2	Cleopatra	Gabba	Sao							-92	-100	-50							100	24	-45							-83	-100	-18																										seed	
P.O.W. - Princes-ses of War 2022	1vs1 Breaking (6-9 years old) Top 16 KnockOut	Tom O	Dragon Uzi	Dragon Uzi	1	3	0	1	1	2	Cleopatra	Gabba	Sao							100	-48	41																																												seed	
P.O.W. - Princes-ses of War 2022	1vs1 Breaking (6-9 years old) Top 16 KnockOut	Paul uz	Fierce	Fierce	1	3	0	1	0	3	Cleopatra	Gabba	Sao							100	100	30																																												seed	
P.O.W. - Princes-ses of War 2022	1vs1 Breaking (6-9 years old) Top 16 KnockOut	Emile	Dragon Uzi	Dragon Uzi	1	3	0	1	0	3	Cleopatra	Gabba	Sao							100	46	59																																												seed	
P.O.W. - Princes-ses of War 2022	1vs1 Breaking (6-9 years old) Top 16 KnockOut	SammyP	Tom O	Tom O	1	3	0	1	0	3	Cleopatra	Gabba	Sao							100	100	17																																												seed	
P.O.W. - Princes-ses of War 2022	1vs1 Breaking (6-9 years old) Top 16 KnockOut	Chrissto	Fierce	Fierce	1	3	0	1	0	3	Cleopatra	Gabba	Sao							100	100	42																																												seed	
P.O.W. - Princes-ses of War 2022	1vs1 Breaking (6-9 years old) Top 16 KnockOut	Parra	Paul uz	Paul uz	1	3	0	1	0	3	Cleopatra	Gabba	Sao							100	100	30																																												seed	
P.O.W. - Princes-ses of War 2022	1vs1 Breaking (6-9 years old) Top 16 KnockOut	OP Style	Dragon Uzi	Dragon Uzi	1	3	0	1	0	3	Cleopatra	Gabba	Sao							100	100	100																																												seed	
P.O.W. - Princes-ses of War 2022	1vs1 Breaking (6-9 years old) Top 16 KnockOut	Jacky Boy	Emile	Emile	1	3	0	1	0	3	Cleopatra	Gabba	Sao							100	100	45																																												seed	
P.O.W. - Princes-ses of War 2022	1vs1 Breaking (6-9 years old) Top 16 KnockOut	JJ	Tom O	Tom O	1	3	0	1	1	2	Cleopatra	Gabba	Sao							-100	100	62																																												seed	
P.O.W. - Princes-ses of War 2022	1vs1 Breaking (6-9 years old) Top 16 KnockOut	SammyP	Oliver	SammyP	1	3	1	0	2	1	Cleopatra	Gabba	Sao							100	-100	-53																																												seed	
P.O.W. - Princes-ses of War 2022	1vs1 Breaking (6-9 years old) Top 16 KnockOut	Étienne Bilodeau	Fierce	Fierce	1	3	0	1	0	3	Cleopatra	Gabba	Sao							100	97	100																																												seed	
P.O.W. - Princes-ses of War 2022	1vs1 Breaking (6-9 years old) Top 16 KnockOut	Willie Joy	Chrissto	Chrissto	1	3	0	1	0	3	Cleopatra	Gabba	Sao							97	100	50																																												seed	
P.O.W. - Princes-ses of War 2022	1vs1 Breaking (6-9 years old) Top 16 KnockOut	Alexi Masson	Paul uz	Paul uz	1	3	0	1	0	3	Cleopatra	Gabba	Sao							100	100	71																																												seed	
P.O.W. - Princes-ses of War 2022	1vs1 Breaking (6-9 years old) Top 16 KnockOut	Parra	Jack turning head	Parra	1	3	1	0	3	0	Cleopatra	Gabba	Sao							-100	-100	-23																																												seed	
P.O.W. - Princes-ses of War 2022	1vs1 Breaking (10-13 years old) Top 32 KnockOut	Ace	BBoy Slim	Ace	2	3	2	0	5	1	Cleopatra	Gabba	Sao							-86	-100	-36							100	-100	-46																																			seed	
P.O.W. - Princes-ses of War 2022	1vs1 Breaking (10-13 years old) Top 32 KnockOut	Vinc	BBoy Slim	BBoy Slim	1	3	0	1	1	2	Cleopatra	Gabba	Sao							100	-29	57																																												seed	
P.O.W. - Princes-ses of War 2022	1vs1 Breaking (10-13 years old) Top 32 KnockOut	Kenny-N	Ace	Ace	1	3	0	1	0	3	Cleopatra	Gabba	Sao							100	14	23																																												seed	
P.O.W. - Princes-ses of War 2022	1vs1 Breaking (10-13 years old) Top 32 KnockOut	BBoy Slim	Bboy Crescendo	BBoy Slim	1	3	1	0	3	0	Cleopatra	Gabba	Sao							-100	-15	-38																																												seed	
P.O.W. - Princes-ses of War 2022	1vs1 Breaking (10-13 years old) Top 32 KnockOut	Philoops	Vinc	Vinc	1	3	0	1	0	3	Cleopatra	Gabba	Sao							100	17	60																																												seed	
P.O.W. - Princes-ses of War 2022	1vs1 Breaking (10-13 years old) Top 32 KnockOut	Bboy Lil Time	Ace	Ace	1	3	0	1	0	3	Cleopatra	Gabba	Sao							100	100	80																																												seed	
P.O.W. - Princes-ses of War 2022	1vs1 Breaking (10-13 years old) Top 32 KnockOut	Bboy Abraham	Kenny-N	Kenny-N	1	3	0	1	1	2	Cleopatra	Gabba	Sao							100	-47	38																																												seed	
P.O.W. - Princes-ses of War 2022	1vs1 Breaking (10-13 years old) Top 32 KnockOut	Bboy Crescendo	Brisk	Bboy Crescendo	1	3	1	0	3	0	Cleopatra	Gabba	Sao							-82	-39	-11																																												seed	
P.O.W. - Princes-ses of War 2022	1vs1 Breaking (10-13 years old) Top 32 KnockOut	Lukato	BBoy Slim	BBoy Slim	1	3	0	1	1	2	Cleopatra	Gabba	Sao							79	-22	32																																												seed	
P.O.W. - Princes-ses of War 2022	1vs1 Breaking (10-13 years old) Top 32 KnockOut	Fuzzy legs	Vinc	Vinc	1	3	0	1	0	3	Cleopatra	Gabba	Sao							100	100	70																																												seed	
P.O.W. - Princes-ses of War 2022	1vs1 Breaking (10-13 years old) Top 32 KnockOut	Jay	Philoops	Philoops	1	3	0	1	1	2	Cleopatra	Gabba	Sao							100	-28	36																																												seed	
P.O.W. - Princes-ses of War 2022	1vs1 Breaking (10-13 years old) Top 32 KnockOut	Coacham	Ace	Ace	1	3	0	1	0	3	Cleopatra	Gabba	Sao							100	100	39																																												seed	
P.O.W. - Princes-ses of War 2022	1vs1 Breaking (10-13 years old) Top 32 KnockOut	Bboy Lil Time	Bboy spinner	Bboy Lil Time	1	3	1	0	2	1	Cleopatra	Gabba	Sao							100	-16	-25																																												seed	
P.O.W. - Princes-ses of War 2022	1vs1 Breaking (10-13 years old) Top 32 KnockOut	Tittch	Kenny-N	Kenny-N	1	3	0	1	1	2	Cleopatra	Gabba	Sao							100	-12	16																																												seed	
P.O.W. - Princes-ses of War 2022	1vs1 Breaking (10-13 years old) Top 32 KnockOut	Eddy	Bboy Abraham	Bboy Abraham	1	3	0	1	0	3	Cleopatra	Gabba	Sao							100	32	76																																												seed	
P.O.W. - Princes-ses of War 2022	1vs1 Breaking (10-13 years old) Top 32 KnockOut	LaurD	Brisk	Brisk	1	3	0	1	0	3	Cleopatra	Gabba	Sao							100	100	52																																												seed	
P.O.W. - Princes-ses of War 2022	1vs1 Breaking (10-13 years old) Top 32 KnockOut	Nathan Barrette	Bboy Crescendo	Bboy Crescendo	1	3	0	1	0	3	Cleopatra	Gabba	Sao							100	50	86																																												seed	
P.O.W. - Princes-ses of War 2022	1vs1 Breaking (10-13 years old) Top 32 KnockOut	Charrs	BBoy Slim	BBoy Slim	1	3	0	1	0	3	Cleopatra	Gabba	Sao							100	100	72																																												seed	
P.O.W. - Princes-ses of War 2022	1vs1 Breaking (10-13 years old) Top 32 KnockOut	Lol-D	Lukato	Lukato	1	3	0	1	1	2	Cleopatra	Gabba	Sao							100	-12	21																																												seed	
P.O.W. - Princes-ses of War 2022	1vs1 Breaking (10-13 years old) Top 32 KnockOut	MatB	Vinc	Vinc	1	3	0	1	0	3	Cleopatra	Gabba	Sao							100	55	33																																												seed	
P.O.W. - Princes-ses of War 2022	1vs1 Breaking (10-13 years old) Top 32 KnockOut	Tag	Fuzzy legs	Fuzzy legs	1	3	0	1	0	3	Cleopatra	Gabba	Sao							100	68	32																																												seed	
P.O.W. - Princes-ses of War 2022	1vs1 Breaking (10-13 years old) Top 32 KnockOut	Glasses	Philoops	Philoops	1	3	0	1	1	2	Cleopatra	Gabba	Sao							-100	40	18																																												seed	
P.O.W. - Princes-ses of War 2022	1vs1 Breaking (10-13 years old) Top 32 KnockOut	Dydypow	Jay	Jay	1	3	0	1	0	3	Cleopatra	Gabba	Sao							100	45	34																																												seed	
P.O.W. - Princes-ses of War 2022	1vs1 Breaking (10-13 years old) Top 32 KnockOut	ChewieB	Ace	Ace	1	3	0	1	0	3	Cleopatra	Gabba	Sao							100	100	78																																												seed	
P.O.W. - Princes-ses of War 2022	1vs1 Breaking (10-13 years old) Top 32 KnockOut	Coacham	Fil the beat	Coacham	1	3	1	0	2	1	Cleopatra	Gabba	Sao							100	-30	-49																																												seed	
P.O.W. - Princes-ses of War 2022	1vs1 Breaking (10-13 years old) Top 32 KnockOut	Olivier Castonguay	Bboy spinner	Bboy spinner	1	3	0	1	1	2	Cleopatra	Gabba	Sao							100	100	-28																																												seed	
P.O.W. - Princes-ses of War 2022	1vs1 Breaking (10-13 years old) Top 32 KnockOut	B-Lo	Bboy Lil Time	Bboy Lil Time	1	3	0	1	0	3	Cleopatra	Gabba	Sao							100	100	55																																												seed	
P.O.W. - Princes-ses of War 2022	1vs1 Breaking (10-13 years old) Top 32 KnockOut	HellCaT	Kenny-N	Kenny-N	1	3	0	1	0	3	Cleopatra	Gabba	Sao							100	100	60																																												seed	
P.O.W. - Princes-ses of War 2022	1vs1 Breaking (10-13 years old) Top 32 KnockOut	Elle Rae	Tittch	Tittch	1	3	0	1	0	3	Cleopatra	Gabba	Sao							93	100	65																																												seed	
P.O.W. - Princes-ses of War 2022	1vs1 Breaking (10-13 years old) Top 32 KnockOut	Raoul	Bboy Abraham	Bboy Abraham	1	3	0	1	0	3	Cleopatra	Gabba	Sao							100	100	53																																												seed	
P.O.W. - Princes-ses of War 2022	1vs1 Breaking (10-13 years old) Top 32 KnockOut	Eddy	C.C's	Eddy	1	3	1	0	2	1	Cleopatra	Gabba	Sao							-95	-100	83																																												seed	
P.O.W. - Princes-ses of War 2022	1vs1 Breaking (14-17 years old) Top 4 KnockOut	Malek	Chef Polo	Chef Polo	3	3	1	2	4	5	Cleopatra	Gabba	Sao							100	-100	39							100	-100	-16							-90	100	30																										seed	
P.O.W. - Princes-ses of War 2022	1vs1 Breaking (14-17 years old) Top 4 KnockOut	Mathioso	Chef Polo	Chef Polo	1	3	0	1	1	2	Cleopatra	Gabba	Sao							100	35	-12																																												seed	
P.O.W. - Princes-ses of War 2022	1vs1 Breaking (14-17 years old) Top 4 KnockOut	Malek	FlowCAM	Malek	1	3	1	0	2	1	Cleopatra	Gabba	Sao							-100	-33	63																																												seed	
P.O.W. - Princes-ses of War 2022	1vs1 Breaking Elite Top 8 KnockOut	Hubert	MASS	MASS	3	3	1	2	3	6	Cleopatra	Gabba	Sao							79	100	44							48	100	47							-65	-100	-8																										seed	
P.O.W. - Princes-ses of War 2022	1vs1 Breaking Elite Top 8 KnockOut	Powers	MASS	MASS	2	3	0	2	2	4	Cleopatra	Gabba	Sao							67	-100	34							-65	100	42																																			seed	
P.O.W. - Princes-ses of War 2022	1vs1 Breaking Elite Top 8 KnockOut	Mexikush	Hubert	Hubert	2	3	0	2	1	5	Cleopatra	Gabba	Sao							95	100	45							82	100	-73																																			seed	
P.O.W. - Princes-ses of War 2022	1vs1 Breaking Elite Top 8 KnockOut	Drigonimo	MASS	MASS	2	3	0	2	0	6	Cleopatra	Gabba	Sao							76	100	79							66	100	70																																			seed	
P.O.W. - Princes-ses of War 2022	1vs1 Breaking Elite Top 8 KnockOut	Inferno	Powers	Powers	2	3	0	2	0	6	Cleopatra	Gabba	Sao							90	100	35							79	89	57																																			seed	
P.O.W. - Princes-ses of War 2022	1vs1 Breaking Elite Top 8 KnockOut	Malek	Hubert	Hubert	2	3	0	2	0	6	Cleopatra	Gabba	Sao							100	100	45							84	100	62																																			seed	
P.O.W. - Princes-ses of War 2022	1vs1 Breaking Elite Top 8 KnockOut	Fourchette tournante	Mexikush	Mexikush	2	3	0	2	0	6	Cleopatra	Gabba	Sao							100	86	38							100	100	34																																			seed	
Unbreakable 2022	1vs1 B-Boys Top 32 KnockOut	Leony	Menno	Menno	3	5	0	3	0	15	Blanka	Storm	Niek	Thias	Greku					13	9	67	20	34					8	5	13	20	19					6	3	25	18	20																								seed	
Unbreakable 2022	1vs1 B-Boys Top 32 KnockOut	Cis	Menno	Menno	2	5	0	2	0	10	Blanka	Storm	Niek	Thias	Greku					24	11	32	10	9					10	10	25	11	13																																	seed	
Unbreakable 2022	1vs1 B-Boys Top 32 KnockOut	Leony	Tiro	Leony	3	5	2	1	6	9	Blanka	Storm	Niek	Thias	Greku					10	7	35	23	6					8	-8	-12	23	-8					-21	-11	20	17	-4																								seed	
Unbreakable 2022	1vs1 B-Boys Top 32 KnockOut	Lorenzo	Menno	Menno	2	5	0	2	1	9	Blanka	Storm	Niek	Thias	Greku					54	12	-18	8	12					25	9	24	23	7																																	seed	
Unbreakable 2022	1vs1 B-Boys Top 32 KnockOut	Daniel	Cis	Cis	3	5	1	2	6	9	Blanka	Storm	Niek	Thias	Greku					5	10	-55	18	13					-11	-4	-70	17	-7					8	9	-10	27	10																								seed	
Unbreakable 2022	1vs1 B-Boys Top 32 KnockOut	Tiro	Lee	Tiro	3	5	2	1	10	5	Blanka	Storm	Niek	Thias	Greku					-30	-16	-34	-15	-7					-24	8	8	-21	4					-22	14	23	-9	-4																								seed	
Unbreakable 2022	1vs1 B-Boys Top 32 KnockOut	Damani	Leony	Leony	2	5	0	2	3	7	Blanka	Storm	Niek	Thias	Greku					18	-13	-18	16	7					15	14	-21	22	6																																	seed	
Unbreakable 2022	1vs1 B-Boys Top 32 KnockOut	Mass	Menno	Menno	2	5	0	2	1	9	Blanka	Storm	Niek	Thias	Greku					10	12	-13	17	10					20	12	31	21	10																																	seed	
Unbreakable 2022	1vs1 B-Boys Top 32 KnockOut	Snap	Lorenzo	Lorenzo	3	5	1	2	8	7	Blanka	Storm	Niek	Thias	Greku					-25	2	-47	-6	-9					-15	4	-15	15	10					-10	11	39	21	-6																								seed	
Unbreakable 2022	1vs1 B-Boys Top 32 KnockOut	Cis	Caligola	Cis	3	5	2	1	11	4	Blanka	Storm	Niek	Thias	Greku					-5	-7	-16	-18	-14					10	5	14	-12	5					-15	-12	-30	-19	-13																								seed	
Unbreakable 2022	1vs1 B-Boys Top 32 KnockOut	Poter	Daniel	Daniel	3	5	1	2	7	8	Blanka	Storm	Niek	Thias	Greku					-16	-3	34	-14	16					-6	13	24	-10	10					-7	9	12	-17	8																								seed	
Unbreakable 2022	1vs1 B-Boys Top 32 KnockOut	Lee	Hijack	Lee	2	5	2	0	8	2	Blanka	Storm	Niek	Thias	Greku					-10	-11	-21	-13	-18					5	-11	17	-8	-10																																	seed	
Unbreakable 2022	1vs1 B-Boys Top 32 KnockOut	Tiro	Allef The Deep	Tiro	2	5	2	0	7	3	Blanka	Storm	Niek	Thias	Greku					-10	4	-44	-12	8					15	-7	-46	-14	-9																																	seed	
Unbreakable 2022	1vs1 B-Boys Top 32 KnockOut	Leony	Lithe-ing	Leony	3	5	2	1	12	3	Blanka	Storm	Niek	Thias	Greku					-10	6	-16	7	2					-10	-4	-20	-7	-9					-6	-6	-11	-5	-8																								seed	
Unbreakable 2022	1vs1 B-Boys Top 32 KnockOut	Ricky rulez	Damani	Damani	3	5	1	2	6	9	Blanka	Storm	Niek	Thias	Greku					-10	15	17	21	-15					-4	9	-13	18	-13					6	7	70	4	-7																								seed	
Unbreakable 2022	1vs1 B-Boys Top 32 KnockOut	Doudou	Menno	Menno	1	5	0	1	0	5	Blanka	Storm	Niek	Thias	Greku					25	7	20	8	27																																										seed	
Unbreakable 2022	1vs1 B-Boys Top 32 KnockOut	MN Joe	Mass	Mass	1	5	0	1	0	5	Blanka	Storm	Niek	Thias	Greku					10	7	56	25	14																																										seed	
Unbreakable 2022	1vs1 B-Boys Top 32 KnockOut	Dumbo	Lorenzo	Lorenzo	1	5	0	1	1	4	Blanka	Storm	Niek	Thias	Greku					10	-4	30	17	23																																										seed	
Unbreakable 2022	1vs1 B-Boys Top 32 KnockOut	Amaro	Snap	Snap	1	5	0	1	1	4	Blanka	Storm	Niek	Thias	Greku					9	-8	15	10	12																																										seed	
Unbreakable 2022	1vs1 B-Boys Top 32 KnockOut	X-Rain	Caligola	Caligola	1	5	0	1	0	5	Blanka	Storm	Niek	Thias	Greku					10	6	19	30	10																																										seed	
Unbreakable 2022	1vs1 B-Boys Top 32 KnockOut	TawfiQ	Cis	Cis	1	5	0	1	2	3	Blanka	Storm	Niek	Thias	Greku					19	5	-67	20	-12																																										seed	
Unbreakable 2022	1vs1 B-Boys Top 32 KnockOut	Leon	Daniel	Daniel	1	5	0	1	2	3	Blanka	Storm	Niek	Thias	Greku					-5	9	41	-10	12																																										seed	
Unbreakable 2022	1vs1 B-Boys Top 32 KnockOut	Poter	Apache	Poter	1	5	1	0	4	1	Blanka	Storm	Niek	Thias	Greku					-5	-8	-27	-6	13																																										seed	
Unbreakable 2022	1vs1 B-Boys Top 32 KnockOut	Hijack	Warner	Hijack	1	5	1	0	5	0	Blanka	Storm	Niek	Thias	Greku					-55	-22	-26	-12	-14																																										seed	
Unbreakable 2022	1vs1 B-Boys Top 32 KnockOut	Lee	Carlito’	Lee	1	5	1	0	5	0	Blanka	Storm	Niek	Thias	Greku					-90	-19	-60	-6	-29																																										seed	
Unbreakable 2022	1vs1 B-Boys Top 32 KnockOut	Bad Matty	Allef The Deep	Allef The Deep	1	5	0	1	0	5	Blanka	Storm	Niek	Thias	Greku					90	16	88	22	43																																										seed	
Unbreakable 2022	1vs1 B-Boys Top 32 KnockOut	Tiro	Salo	Tiro	1	5	1	0	5	0	Blanka	Storm	Niek	Thias	Greku					-10	-5	-25	-11	-10																																										seed	
Unbreakable 2022	1vs1 B-Boys Top 32 KnockOut	Beat the Young Hustler	Lithe-ing	Lithe-ing	1	5	0	1	1	4	Blanka	Storm	Niek	Thias	Greku					-6	31	33	47	41																																										seed	
Unbreakable 2022	1vs1 B-Boys Top 32 KnockOut	Pesto	Leony	Leony	1	5	0	1	0	5	Blanka	Storm	Niek	Thias	Greku					25	28	54	37	13																																										seed	
Unbreakable 2022	1vs1 B-Boys Top 32 KnockOut	Damani	Mowgly	Damani	1	5	1	0	3	2	Blanka	Storm	Niek	Thias	Greku					15	-6	-11	-32	15																																										seed	
Unbreakable 2022	1vs1 B-Boys Top 32 KnockOut	Ricky rulez	Gohan	Ricky rulez	1	5	1	0	3	2	Blanka	Storm	Niek	Thias	Greku					64	-12	-100	-59	8																																										seed	
Unbreakable 2022	1vs1 B-Girl Top 16 KnockOut	India	San Andrea	San Andrea	3	5	0	3	4	11	Blanka	Storm	Greku	Niek	Thias					21	14	12	-10	25					14	10	-11	-10	23					8	8	4	-20	7																								seed	
Unbreakable 2022	1vs1 B-Girl Top 16 KnockOut	Nicka	San Andrea	San Andrea	3	5	1	2	7	8	Blanka	Storm	Greku	Niek	Thias					13	-4	6	22	13					29	-6	-5	-18	-8					13	-7	7	-16	5																								seed	
Unbreakable 2022	1vs1 B-Girl Top 16 KnockOut	India	Carlota	India	3	5	2	1	12	3	Blanka	Storm	Greku	Niek	Thias					-14	-19	-11	-69	-10					4	-8	6	12	-22					-21	-6	-27	-63	-35																								seed	
Unbreakable 2022	1vs1 B-Girl Top 16 KnockOut	Anti	San Andrea	San Andrea	2	5	0	2	0	10	Blanka	Storm	Greku	Niek	Thias					16	14	6	8	23					23	3	2	17	17																																	seed	
Unbreakable 2022	1vs1 B-Girl Top 16 KnockOut	Camine	Nicka	Nicka	2	5	0	2	1	9	Blanka	Storm	Greku	Niek	Thias					7	16	10	22	14					-7	24	6	17	40																																	seed	
Unbreakable 2022	1vs1 B-Girl Top 16 KnockOut	Carlota	Syssy	Carlota	2	5	2	0	8	2	Blanka	Storm	Greku	Niek	Thias					-14	-5	-6	15	-10					-10	-5	-3	50	-2																																	seed	
Unbreakable 2022	1vs1 B-Girl Top 16 KnockOut	India	Spidergirl	India	2	5	2	0	10	0	Blanka	Storm	Greku	Niek	Thias					-21	-18	-12	-54	-29					-23	-11	-7	-7	-12																																	seed	
Unbreakable 2022	1vs1 B-Girl Top 16 KnockOut	San Andrea	Zoë	San Andrea	2	5	2	0	10	0	Blanka	Storm	Greku	Niek	Thias					-20	-14	-13	-34	-13					-25	-6	-16	-34	-20																																	seed	
Unbreakable 2022	1vs1 B-Girl Top 16 KnockOut	Izanami	Anti	Anti	2	5	0	2	1	9	Blanka	Storm	Greku	Niek	Thias					10	6	17	42	12					-5	6	8	8	19																																	seed	
Unbreakable 2022	1vs1 B-Girl Top 16 KnockOut	Fanny	Nicka	Nicka	2	5	0	2	1	9	Blanka	Storm	Greku	Niek	Thias					5	29	17	20	17					-6	12	10	33	12																																	seed	
Unbreakable 2022	1vs1 B-Girl Top 16 KnockOut	Nadia	Camine	Camine	3	5	1	2	5	10	Blanka	Storm	Greku	Niek	Thias					-15	10	11	-25	-21					5	10	11	9	-11					-10	8	12	11	15																								seed	
Unbreakable 2022	1vs1 B-Girl Top 16 KnockOut	Syssy	Kami	Syssy	2	5	2	0	6	4	Blanka	Storm	Greku	Niek	Thias					5	-18	9	-47	-19					5	-3	-10	-18	15																																	seed	
Unbreakable 2022	1vs1 B-Girl Top 16 KnockOut	Cha-Ja	Carlota	Carlota	2	5	0	2	4	6	Blanka	Storm	Greku	Niek	Thias					-5	11	14	48	-13					-15	9	10	-29	18																																	seed	
Unbreakable 2022	1vs1 B-Girl Top 16 KnockOut	Sidi	Spidergirl	Spidergirl	2	5	0	2	1	9	Blanka	Storm	Greku	Niek	Thias					10	8	-7	33	25					20	7	14	52	12																																	seed	
Unbreakable 2022	1vs1 B-Girl Top 16 KnockOut	Isis	India	India	2	5	0	2	1	9	Blanka	Storm	Greku	Niek	Thias					53	24	15	64	-19					16	16	22	46	32																																	seed	
The World Battle 2022	1vs1 BBoy Top 16 KnockOut	Grom	Nord Diamond	Nord Diamond	3	7	1	2	6	15	Kid Glyde	Aslan	Skim	Nadia	Bojin	Katsu One	Poe One			8	26	17	33	-26	47	26			-44	-13	-4	-47	19	38	20			13	25	10	-25	14	31	34																						seed	
The World Battle 2022	1vs1 BBoy Top 16 KnockOut	Allef	Nord Diamond	Nord Diamond	2	7	0	2	3	11	Kid Glyde	Aslan	Skim	Nadia	Bojin	Katsu One	Poe One			11	28	5	55	15	27	9			4	19	-4	12	-14	23	-15																															seed	
The World Battle 2022	1vs1 BBoy Top 16 KnockOut	Lithe-ing	Grom	Grom	2	7	0	2	0	14	Kid Glyde	Aslan	Skim	Nadia	Bojin	Katsu One	Poe One			60	22	8	15	20	30	14			38	54	4	65	20	21	19																															seed	
The World Battle 2022	1vs1 BBoy Top 16 KnockOut	Dale	Nord Diamond	Nord Diamond	2	7	0	2	0	14	Kid Glyde	Aslan	Skim	Nadia	Bojin	Katsu One	Poe One			33	21	7	45	22	17	8			13	21	6	44	23	30	10																															seed	
The World Battle 2022	1vs1 BBoy Top 16 KnockOut	Perninha	Allef	Allef	2	7	0	2	1	13	Kid Glyde	Aslan	Skim	Nadia	Bojin	Katsu One	Poe One			6	30	7	33	-13	19	10			10	33	84	32	6	17	8																															seed	
The World Battle 2022	1vs1 BBoy Top 16 KnockOut	Deeogo	Grom	Grom	2	7	0	2	6	8	Kid Glyde	Aslan	Skim	Nadia	Bojin	Katsu One	Poe One			20	27	4	46	-8	-17	-7			-12	-20	-4	34	24	19	9																															seed	
The World Battle 2022	1vs1 BBoy Top 16 KnockOut	Cyga	Lithe-ing	Lithe-ing	2	7	0	2	1	13	Kid Glyde	Aslan	Skim	Nadia	Bojin	Katsu One	Poe One			26	37	8	6	55	-17	25			27	35	8	71	48	37	40																															seed	
The World Battle 2022	1vs1 BBoy Top 16 KnockOut	Nord Diamond	Rato evn	Nord Diamond	2	7	2	0	12	2	Aslan	Katsu One	Poe One	Bojin	Nadia	Kid Glyde	Skim			-30	-22	9	-23	-11	-7	-4			-30	-21	12	-18	-7	-20	-5																															seed	
The World Battle 2022	1vs1 BBoy Top 16 KnockOut	Dale	X-Rain	Dale	3	7	2	1	11	10	Aslan	Katsu One	Poe One	Bojin	Nadia	Kid Glyde	Skim			12	-19	7	22	-16	18	6			-15	-14	-7	20	-8	17	5			-8	17	-8	28	-8	-9	-5																						seed	
The World Battle 2022	1vs1 BBoy Top 16 KnockOut	Sheku	Allef	Allef	2	7	0	2	3	11	Aslan	Katsu One	Poe One	Bojin	Nadia	Kid Glyde	Skim			17	-25	35	-15	-13	13	10			34	27	29	59	22	22	30																															seed	
The World Battle 2022	1vs1 BBoy Top 16 KnockOut	Create	Perninha	Perninha	3	7	1	2	8	13	Aslan	Katsu One	Poe One	Bojin	Nadia	Kid Glyde	Skim			-15	-17	6	-27	-13	34	-4			-12	21	6	10	-9	-9	4			17	24	50	34	34	46	12																						seed	
The World Battle 2022	1vs1 BBoy Top 16 KnockOut	Grom	Sinistro	Grom	2	7	2	0	12	2	Aslan	Katsu One	Poe One	Bojin	Nadia	Kid Glyde	Skim			-33	-26	-36	-26	-48	-25	-5			-7	-15	-4	23	-44	-9	5																															seed	
The World Battle 2022	1vs1 BBoy Top 16 KnockOut	Deeogo	Kley	Deeogo	2	7	2	0	13	1	Aslan	Katsu One	Poe One	Bojin	Nadia	Kid Glyde	Skim			-22	-21	-6	-44	8	-11	-3			-39	-16	-51	-35	-49	-20	-19																															seed	
The World Battle 2022	1vs1 BBoy Top 16 KnockOut	Lithe-ing	Mini Joe	Lithe-ing	2	7	2	0	10	4	Aslan	Katsu One	Poe One	Bojin	Nadia	Kid Glyde	Skim			-26	-12	18	-26	12	7	-5			-28	-26	-10	-15	-15	5	-7																															seed	
The World Battle 2022	1vs1 BBoy Top 16 KnockOut	Johnny Fox	Cyga	Cyga	2	7	0	2	5	9	Aslan	Katsu One	Poe One	Bojin	Nadia	Kid Glyde	Skim			20	11	29	-12	-12	21	19			28	-22	8	-19	24	11	-12																															seed	
The World Battle 2022	1vs1 BGirl Top 16 KnockOut	671	Vanessa	671	3	7	2	1	12	9	Kid Glyde	Aslan	Skim	Nadia	Bojin	Katsu	Poe One			10	-27	-5	-10	-30	-41	-19			-10	-21	-6	13	-18	-19	-38			28	28	45	66	19	30	34																						seed	
The World Battle 2022	1vs1 BGirl Top 16 KnockOut	Fenqi	Vanessa	Vanessa	2	7	0	2	0	14	Kid Glyde	Aslan	Skim	Nadia	Bojin	Katsu	Poe One			11	38	16	41	20	28	25			24	39	22	52	28	31	32																															seed	
The World Battle 2022	1vs1 BGirl Top 16 KnockOut	671	Jilou	671	2	7	2	0	13	1	Kid Glyde	Aslan	Skim	Nadia	Bojin	Katsu	Poe One			-37	-50	-8	-35	-36	17	-21			-14	-48	-7	-38	-30	-51	-44																															seed	
The World Battle 2022	1vs1 BGirl Top 16 KnockOut	Vanessa	Luma	Vanessa	2	7	2	0	9	5	Kid Glyde	Aslan	Skim	Nadia	Bojin	Katsu	Poe One			-20	27	-4	12	-20	-16	-9			-15	18	-3	-64	13	-16	6																															seed	
The World Battle 2022	1vs1 BGirl Top 16 KnockOut	Fenqi	Yingzi	Fenqi	3	7	2	1	11	10	Kid Glyde	Aslan	Skim	Nadia	Bojin	Katsu	Poe One			10	25	-5	-30	-20	-21	14			33	19	-23	-38	-16	27	8			-22	27	4	-38	-14	-26	9																						seed	
The World Battle 2022	1vs1 BGirl Top 16 KnockOut	Campanita	Jilou	Jilou	2	7	0	2	0	14	Kid Glyde	Aslan	Skim	Nadia	Bojin	Katsu	Poe One			32	15	13	34	44	39	42			42	37	5	31	15	25	37																															seed	
The World Battle 2022	1vs1 BGirl Top 16 KnockOut	Anti	671	671	2	7	0	2	1	13	Kid Glyde	Aslan	Skim	Nadia	Bojin	Katsu	Poe One			29	31	6	57	30	26	49			8	22	5	62	-13	27	17																															seed	
The World Battle 2022	1vs1 BGirl Top 16 KnockOut	M-Jay	Luma	Luma	2	7	0	2	0	14	Aslan	Katsu	Poe One	Bojin	Nadia	Kid Glyde	Skim			27	37	58	32	67	34	20			34	53	46	20	92	60	23																															seed	
The World Battle 2022	1vs1 BGirl Top 16 KnockOut	Rule	Vanessa	Vanessa	2	7	0	2	3	11	Aslan	Katsu	Poe One	Bojin	Nadia	Kid Glyde	Skim			20	-16	48	22	10	54	32			14	-14	-7	24	10	34	19																															seed	
The World Battle 2022	1vs1 BGirl Top 16 KnockOut	Pekena bgirl	Yingzi	Yingzi	2	7	0	2	0	14	Aslan	Katsu	Poe One	Bojin	Nadia	Kid Glyde	Skim			26	29	22	32	77	31	8			37	31	32	27	82	47	21																															seed	
The World Battle 2022	1vs1 BGirl Top 16 KnockOut	Dedessa	Fenqi	Fenqi	2	7	0	2	2	12	Aslan	Katsu	Poe One	Bojin	Nadia	Kid Glyde	Skim			8	30	-5	13	46	-5	6			47	25	43	20	49	27	39																															seed	
The World Battle 2022	1vs1 BGirl Top 16 KnockOut	Karolzinha	Jilou	Jilou	3	7	1	2	6	15	Aslan	Katsu	Poe One	Bojin	Nadia	Kid Glyde	Skim			11	22	-25	-12	-54	-9	-6			45	24	33	45	-10	74	13			74	25	40	54	38	75	24																						seed	
The World Battle 2022	1vs1 BGirl Top 16 KnockOut	AirNastya	Campanita	Campanita	2	7	0	2	1	13	Aslan	Katsu	Poe One	Bojin	Nadia	Kid Glyde	Skim			40	62	31	13	6	31	12			19	32	11	-11	51	20	6																															seed	
The World Battle 2022	1vs1 BGirl Top 16 KnockOut	Maia	671	671	2	7	0	2	1	13	Aslan	Katsu	Poe One	Bojin	Nadia	Kid Glyde	Skim			43	36	8	43	-13	33	29			31	19	23	13	100	21	33																															seed	
The World Battle 2022	1vs1 BGirl Top 16 KnockOut	Cha-Ja	Anti	Anti	2	7	0	2	0	14	Aslan	Katsu	Poe One	Bojin	Nadia	Kid Glyde	Skim			65	24	28	36	82	40	34			47	39	33	41	47	50	22																															seed	
The World Battle 2022	1vs1 KIDS Breaking Battle Top 16 KnockOut	Gera	Hulk	Gera	3	3	2	1	5	4	Kleju	MG	Sweet Lu							-15	-22	-44							-16	-11	22							3	7	50																										seed	
The World Battle 2022	1vs1 KIDS Breaking Battle Top 16 KnockOut	King-Kong	Hulk	Hulk	3	3	1	2	4	5	Kleju	MG	Sweet Lu							8	9	16							-12	-35	-85							17	9	-14																										seed	
The World Battle 2022	1vs1 KIDS Breaking Battle Top 16 KnockOut	Gera	Flip	Gera	2	3	2	0	5	1	Kleju	MG	Sweet Lu							-12	14	-39							-22	-33	-15																																			seed	
The World Battle 2022	1vs1 KIDS Breaking Battle Top 16 KnockOut	Gizmou	Hulk	Hulk	2	3	0	2	1	5	Kleju	MG	Sweet Lu							-7	20	19							18	31	17																																			seed	
The World Battle 2022	1vs1 KIDS Breaking Battle Top 16 KnockOut	Victor	King-Kong	King-Kong	2	3	0	2	0	6	Kleju	MG	Sweet Lu							13	28	67							9	11	60																																			seed	
The World Battle 2022	1vs1 KIDS Breaking Battle Top 16 KnockOut	Samuelf	Flip	Flip	2	3	0	2	1	5	Kleju	MG	Sweet Lu							8	6	8							10	-7	20																																			seed	
The World Battle 2022	1vs1 KIDS Breaking Battle Top 16 KnockOut	Gera	Amor	Gera	2	3	2	0	6	0	Kleju	MG	Sweet Lu							-15	-14	-36							-27	-17	-16																																			seed	
The World Battle 2022	1vs1 KIDS Breaking Battle Top 16 KnockOut	Hulk	Gwen	Hulk	1	3	1	0	3	0	Kleju	MG	Sweet Lu							-14	-28	-27																																												seed	
The World Battle 2022	1vs1 KIDS Breaking Battle Top 16 KnockOut	Rayssa	Gizmou	Gizmou	1	3	0	1	1	2	Kleju	MG	Sweet Lu							9	-5	28																																												seed	
The World Battle 2022	1vs1 KIDS Breaking Battle Top 16 KnockOut	Leo	King-Kong	King-Kong	1	3	0	1	0	3	Kleju	MG	Sweet Lu							13	20	60																																												seed	
The World Battle 2022	1vs1 KIDS Breaking Battle Top 16 KnockOut	Lukas	Victor	Victor	1	3	0	1	0	3	Kleju	MG	Sweet Lu							8	8	12																																												seed	
The World Battle 2022	1vs1 KIDS Breaking Battle Top 16 KnockOut	Flip	Zoë	Flip	1	3	1	0	3	0	Kleju	MG	Sweet Lu							-18	-17	-48																																												seed	
The World Battle 2022	1vs1 KIDS Breaking Battle Top 16 KnockOut	Dinis	Samuelf	Samuelf	1	3	0	1	1	2	Kleju	MG	Sweet Lu							12	10	-10																																												seed	
The World Battle 2022	1vs1 KIDS Breaking Battle Top 16 KnockOut	Alex	Amor	Amor	1	3	0	1	0	3	Kleju	MG	Sweet Lu							19	29	7																																												seed	
The World Battle 2022	1vs1 KIDS Breaking Battle Top 16 KnockOut	Gera	Lilmaniak	Gera	1	3	1	0	3	0	Sweet Lu	MG	Kleju							-34	-17	-22																																												seed	
Red Bull BC One Cypher Austria 2022	1vs1 B-Boys (Qualifier) Top 32 Knock-Out	Sevone	Dr.ill	Sevone	1	3	1	0	2	1	The Wolfer	San Andrea	Ronnie							3	-83	-44																																												seed	
Red Bull BC One Cypher Austria 2022	1vs1 B-Boys (Qualifier) Top 32 Knock-Out	Koda	Hoomi	Koda	1	3	1	0	3	0	The Wolfer	San Andrea	Ronnie							-20	-57	-33																																												seed	
Red Bull BC One Cypher Austria 2022	1vs1 B-Boys (Qualifier) Top 32 Knock-Out	Animus	KoAar	Animus	1	3	1	0	3	0	The Wolfer	San Andrea	Ronnie							-14	-88	-64																																												seed	
Red Bull BC One Cypher Austria 2022	1vs1 B-Boys (Qualifier) Top 32 Knock-Out	Miracle Smile	Donjelo	Miracle Smile	1	3	1	0	3	0	The Wolfer	San Andrea	Ronnie							-9	-34	-36																																												seed	
Red Bull BC One Cypher Austria 2022	1vs1 B-Boys (Qualifier) Top 32 Knock-Out	Mogli	Stump-One	Mogli	1	3	1	0	3	0	The Wolfer	San Andrea	Ronnie							-16	-81	-16																																												seed	
Red Bull BC One Cypher Austria 2022	1vs1 B-Boys (Qualifier) Top 32 Knock-Out	Philmo	Guti	Philmo	1	3	1	0	2	1	The Wolfer	San Andrea	Ronnie							15	-7	-15																																												seed	
Red Bull BC One Cypher Austria 2022	1vs1 B-Boys (Qualifier) Top 32 Knock-Out	Marci Marc	Roc Lee	Roc Lee	1	3	0	1	1	2	The Wolfer	San Andrea	Ronnie							5	-28	43																																												seed	
Red Bull BC One Cypher Austria 2022	1vs1 B-Boys (Qualifier) Top 32 Knock-Out	Intus	Ghostface	Ghostface	1	3	0	1	1	2	The Wolfer	San Andrea	Ronnie							13	-100	15																																												seed	
Red Bull BC One Cypher Austria 2022	1vs1 B-Boys (Qualifier) Top 32 Knock-Out	Töma	Bizar	Töma	1	3	1	0	3	0	The Wolfer	San Andrea	Ronnie							-30	-100	-81																																												seed	
Red Bull BC One Cypher Austria 2022	1vs1 B-Boys (Qualifier) Top 32 Knock-Out	Istwan	Masfree	Istwan	1	3	1	0	3	0	The Wolfer	San Andrea	Ronnie							-22	-100	-72																																												seed	
Red Bull BC One Cypher Austria 2022	1vs1 B-Boys (Qualifier) Top 32 Knock-Out	Rock'n'Roli	Cherry	Rock'n'Roli	1	3	1	0	2	1	The Wolfer	San Andrea	Ronnie							7	-55	-57																																												seed	
Red Bull BC One Cypher Austria 2022	1vs1 B-Boys (Qualifier) Top 32 Knock-Out	Marox	Dizzy MIke	Marox	1	3	1	0	3	0	The Wolfer	San Andrea	Ronnie							-29	-55	-22																																												seed	
Red Bull BC One Cypher Austria 2022	1vs1 B-Boys (Qualifier) Top 32 Knock-Out	Amin Drillz	P-Rex	Amin Drillz	1	3	1	0	3	0	The Wolfer	San Andrea	Ronnie							-25	-67	-76																																												seed	
Red Bull BC One Cypher Austria 2022	1vs1 B-Boys (Qualifier) Top 32 Knock-Out	Hynamite	Valo	Hynamite	1	3	1	0	3	0	The Wolfer	San Andrea	Ronnie							-15	-74	-70																																												seed	
Red Bull BC One Cypher Austria 2022	1vs1 B-Boys (Qualifier) Top 32 Knock-Out	Lil Zoo	Pilgrim	Lil Zoo	1	3	1	0	3	0	The Wolfer	San Andrea	Ronnie							-34	-100	-36																																												seed	
BC One Camp Switzerland 2019	Red Bull BC One Cypher Switzerland Qualifier Top 32 Knock-Out	Nabla	Moa	Moa	1	3	0	1	0	3	Mario	Roxrite	Dr. Hill							100	20	40																																												seed	
BC One Camp Switzerland 2019	Red Bull BC One Cypher Switzerland Qualifier Top 32 Knock-Out	Treyer	Astro	Astro	1	3	0	1	0	3	Mario	Roxrite	Dr. Hill							30	24	15																																												seed	
BC One Camp Switzerland 2019	Red Bull BC One Cypher Switzerland Qualifier Top 32 Knock-Out	Kid Art	Neo	Neo	1	3	0	1	0	3	Mario	Roxrite	Dr. Hill							29	21	14																																												seed	
BC One Camp Switzerland 2019	Red Bull BC One Cypher Switzerland Qualifier Top 32 Knock-Out	Zealouss	Lucas Paul	Zealouss	1	3	1	0	2	1	Mario	Roxrite	Dr. Hill							-3	-7	4																																												seed	
BC One Camp Switzerland 2019	Red Bull BC One Cypher Switzerland Qualifier Top 32 Knock-Out	Nestor	No-Mercy	Nestor	1	3	1	0	3	0	Mario	Roxrite	Dr. Hill							-30	-37	-16																																												seed	
BC One Camp Switzerland 2019	Red Bull BC One Cypher Switzerland Qualifier Top 32 Knock-Out	Nasty Flow	Bosco Roc	Bosco Roc	1	3	0	1	0	3	Mario	Roxrite	Dr. Hill							17	3	9																																												seed	
BC One Camp Switzerland 2019	Red Bull BC One Cypher Switzerland Qualifier Top 32 Knock-Out	Killya	Buz	Killya	1	3	1	0	2	1	Mario	Roxrite	Dr. Hill							-21	-12	44																																												seed	
BC One Camp Switzerland 2019	Red Bull BC One Cypher Switzerland Qualifier Top 32 Knock-Out	Kamikaze	Wen	Wen	1	3	0	1	1	2	Mario	Roxrite	Dr. Hill							4	13	-24																																												seed	
BC One Camp Switzerland 2019	Red Bull BC One Cypher Switzerland Qualifier Top 32 Knock-Out	Shaymin	T-Mo	Shaymin	1	3	1	0	3	0	Mario	Roxrite	Dr. Hill							-20	-12	-21																																												seed	
BC One Camp Switzerland 2019	Red Bull BC One Cypher Switzerland Qualifier Top 32 Knock-Out	Eldro	V-Nuk	Eldro	1	3	1	0	3	0	Mario	Roxrite	Dr. Hill							-25	-19	-37																																												seed	
BC One Camp Switzerland 2019	Red Bull BC One Cypher Switzerland Qualifier Top 32 Knock-Out	Kiang	Jitsou	Jitsou	1	3	0	1	1	2	Mario	Roxrite	Dr. Hill							15	-11	4																																												seed	
BC One Camp Switzerland 2019	Red Bull BC One Cypher Switzerland Qualifier Top 32 Knock-Out	Dalvin	Lucas	Dalvin	1	3	1	0	3	0	Mario	Roxrite	Dr. Hill							-15	-26	-2																																												seed	
BC One Camp Switzerland 2019	Red Bull BC One Cypher Switzerland Qualifier Top 32 Knock-Out	Michel	Zehr	Zehr	1	3	0	1	0	3	Mario	Roxrite	Dr. Hill							40	3	2																																												seed	
BC One Camp Switzerland 2019	Red Bull BC One Cypher Switzerland Qualifier Top 32 Knock-Out	Baby OG	Locks	Baby OG	1	3	1	0	2	1	Mario	Roxrite	Dr. Hill							16	-7	-3																																												seed	
BC One Camp Switzerland 2019	Red Bull BC One Cypher Switzerland Qualifier Top 32 Knock-Out	Phumlailai	Kiet	Kiet	1	3	0	1	1	2	Mario	Roxrite	Dr. Hill							-51	16	6																																												seed	
BC One Camp Switzerland 2019	Red Bull BC One Cypher Switzerland Qualifier Top 32 Knock-Out	Leonardo	Kid Pirate	Leonardo	1	3	1	0	2	1	Mario	Roxrite	Dr. Hill							-22	10	-2																																												seed	
BC One Camp Switzerland 2019	Red Bull BC One B-Girl Cypher Switzerland Qualifier Top 16 Knock-Out	Maria	Vlo	Vlo	1	3	0	1	0	3	Lil Zoo	Kate	Dr. Hill							42	60	1																																												seed	
BC One Camp Switzerland 2019	Red Bull BC One B-Girl Cypher Switzerland Qualifier Top 16 Knock-Out	B-Zey	Jazzy Jes	Jazzy Jes	1	3	0	1	0	3	Lil Zoo	Kate	Dr. Hill							27	4	1																																												seed	
BC One Camp Switzerland 2019	Red Bull BC One B-Girl Cypher Switzerland Qualifier Top 16 Knock-Out	Mighty Milla	Becca	Becca	1	3	0	1	0	3	Lil Zoo	Kate	Dr. Hill							6	35	9																																												seed	
BC One Camp Switzerland 2019	Red Bull BC One B-Girl Cypher Switzerland Qualifier Top 16 Knock-Out	Jin	Xenia	Jin	1	3	1	0	3	0	Lil Zoo	Kate	Dr. Hill							-20	-27	-6																																												seed	
BC One Camp Switzerland 2019	Red Bull BC One B-Girl Cypher Switzerland Qualifier Top 16 Knock-Out	Vlo	Cyn	Vlo	1	3	1	0	3	0	Lil Zoo	Kate	Dr. Hill							-100	-65	-32																																												seed	
BC One Camp Switzerland 2019	Red Bull BC One B-Girl Cypher Switzerland Qualifier Top 16 Knock-Out	Irena	Maria	Maria	1	3	0	1	0	3	Lil Zoo	Kate	Dr. Hill							34	7	16																																												seed	
BC One Camp Switzerland 2019	Red Bull BC One B-Girl Cypher Switzerland Qualifier Top 16 Knock-Out	Zoée	Jazzy Jes	Jazzy Jes	1	3	0	1	0	3	Lil Zoo	Kate	Dr. Hill							37	11	6																																												seed	
BC One Camp Switzerland 2019	Red Bull BC One B-Girl Cypher Switzerland Qualifier Top 16 Knock-Out	B-Zey	Elo	B-Zey	1	3	1	0	2	1	Lil Zoo	Kate	Dr. Hill							-4	9	-15																																												seed	
BC One Camp Switzerland 2019	Red Bull BC One B-Girl Cypher Switzerland Qualifier Top 16 Knock-Out	Becca	Midori	Becca	1	3	1	0	3	0	Lil Zoo	Kate	Dr. Hill							-1	-57	-26																																												seed	
BC One Camp Switzerland 2019	Red Bull BC One B-Girl Cypher Switzerland Qualifier Top 16 Knock-Out	Moana	Mighty Milla	Mighty Milla	1	3	0	1	0	3	Lil Zoo	Kate	Dr. Hill							36	2	9																																												seed	
BC One Camp Switzerland 2019	Red Bull BC One B-Girl Cypher Switzerland Qualifier Top 16 Knock-Out	Mimi	Xenia	Xenia	2	3	0	2	0	6	Lil Zoo	Kate	Dr. Hill							42	32	80							42	32	80																																			seed	
BC One Camp Switzerland 2019	Red Bull BC One B-Girl Cypher Switzerland Qualifier Top 16 Knock-Out	Jin	Redflow	Jin	1	3	1	0	3	0	Lil Zoo	Kate	Dr. Hill							-39	-17	-43																																												seed	
Red Bull BC One Cypher Germany 2019	Red Bull BC One B-Girl Cypher Germany Top 8 Knock-Out	Loopi	Lerok	Loopi	1	3	1	0	2	1	Menno	Narumi	Lil Zoo							5	-7	-23																																												seed	
Red Bull BC One Cypher Germany 2019	Red Bull BC One B-Girl Cypher Germany Top 8 Knock-Out	Maku Gold	Joëlle Camarell	Joëlle Camarell	1	3	0	1	1	2	Menno	Narumi	Lil Zoo							-11	5	21																																												seed	
Red Bull BC One Cypher Germany 2019	Red Bull BC One B-Girl Cypher Germany Top 8 Knock-Out	Frost	San.Die	Frost	1	3	1	0	3	0	Menno	Narumi	Lil Zoo							-19	-19	-29																																												seed	
Red Bull BC One Cypher Germany 2019	Red Bull BC One B-Girl Cypher Germany Top 8 Knock-Out	Viola Luba	Naomi	Viola Luba	2	3	2	0	4	2	Menno	Narumi	Lil Zoo							12	-21	-18							12	-21	-18																																			seed	
Red Bull BC One Cypher Germany 2019	Red Bull BC One Cypher Germany Qualifier Top 32 Knock-Out	KcOne	Sege	KcOne	1	3	1	0	3	0	Menno	Narumi	Lil Zoo							-11	-45	-23																																												seed	
Red Bull BC One Cypher Germany 2019	Red Bull BC One Cypher Germany Qualifier Top 32 Knock-Out	Wassim	Tai	Tai	1	3	0	1	1	2	Menno	Narumi	Lil Zoo							6	5	-24																																												seed	
Red Bull BC One Cypher Germany 2019	Red Bull BC One Cypher Germany Qualifier Top 32 Knock-Out	Lafilove	Flo	Flo	1	3	0	1	1	2	Menno	Narumi	Lil Zoo							14	-14	32																																												seed	
Red Bull BC One Cypher Germany 2019	Red Bull BC One Cypher Germany Qualifier Top 32 Knock-Out	Soulex	Omar	Soulex	1	3	1	0	3	0	Menno	Narumi	Lil Zoo							-19	-5	-12																																												seed	
Red Bull BC One Cypher Germany 2019	Red Bull BC One Cypher Germany Qualifier Top 32 Knock-Out	Gizmo	Arif	Gizmo	1	3	1	0	3	0	Menno	Narumi	Lil Zoo							-15	-9	-13																																												seed	
Red Bull BC One Cypher Germany 2019	Red Bull BC One Cypher Germany Qualifier Top 32 Knock-Out	Itz#Me	Ganji	Itz#Me	1	3	1	0	2	1	Menno	Narumi	Lil Zoo							-12	-13	4																																												seed	
Red Bull BC One Cypher Germany 2019	Red Bull BC One Cypher Germany Qualifier Top 32 Knock-Out	Sebi	Qube	Qube	1	3	0	1	1	2	Menno	Narumi	Lil Zoo							56	-5	44																																												seed	
Red Bull BC One Cypher Germany 2019	Red Bull BC One Cypher Germany Qualifier Top 32 Knock-Out	Sarro	Toschkin	Toschkin	1	3	0	1	0	3	Menno	Narumi	Lil Zoo							10	24	12																																												seed	
Red Bull BC One Cypher Germany 2019	Red Bull BC One Cypher Germany Qualifier Top 32 Knock-Out	Sege	Sasa	Sege	1	3	1	0	2	1	Menno	Narumi	Lil Zoo							19	-8	-13																																												seed	
Red Bull BC One Cypher Germany 2019	Red Bull BC One Cypher Germany Qualifier Top 32 Knock-Out	Levi	KcOne	KcOne	1	3	0	1	0	3	Menno	Narumi	Lil Zoo							23	36	30																																												seed	
Red Bull BC One Cypher Germany 2019	Red Bull BC One Cypher Germany Qualifier Top 32 Knock-Out	Don Hoang	Tai	Tai	1	3	0	1	1	2	Menno	Narumi	Lil Zoo							-10	20	20																																												seed	
Red Bull BC One Cypher Germany 2019	Red Bull BC One Cypher Germany Qualifier Top 32 Knock-Out	4B	Wassim	Wassim	1	3	0	1	1	2	Menno	Narumi	Lil Zoo							9	-7	13																																												seed	
Red Bull BC One Cypher Germany 2019	Red Bull BC One Cypher Germany Qualifier Top 32 Knock-Out	Flo	Tapio	Flo	1	3	1	0	3	0	Menno	Narumi	Lil Zoo							-39	-43	-32																																												seed	
Red Bull BC One Cypher Germany 2019	Red Bull BC One Cypher Germany Qualifier Top 32 Knock-Out	Mr.Fantastic	Lafilove	Lafilove	1	3	0	1	0	3	Menno	Narumi	Lil Zoo							45	24	40																																												seed	
Red Bull BC One Cypher Germany 2019	Red Bull BC One Cypher Germany Qualifier Top 32 Knock-Out	Omar	Yan	Omar	1	3	1	0	3	0	Menno	Narumi	Lil Zoo							-16	-40	-24																																												seed	
Red Bull BC One Cypher Germany 2019	Red Bull BC One Cypher Germany Qualifier Top 32 Knock-Out	Soulex	Duy	Soulex	1	3	1	0	3	0	Menno	Narumi	Lil Zoo							-30	-23	-36																																												seed	
Red Bull BC One Cypher Germany 2019	Red Bull BC One Cypher Germany Qualifier Top 32 Knock-Out	Arif	Stilair	Arif	1	3	1	0	3	0	Menno	Narumi	Lil Zoo							-19	-6	-25																																												seed	
Red Bull BC One Cypher Germany 2019	Red Bull BC One Cypher Germany Qualifier Top 32 Knock-Out	Gizmo	Arrow	Gizmo	1	3	1	0	3	0	Menno	Narumi	Lil Zoo							-59	-24	-32																																												seed	
Red Bull BC One Cypher Germany 2019	Red Bull BC One Cypher Germany Qualifier Top 32 Knock-Out	Kid Chrino	Ganji	Ganji	1	3	0	1	1	2	Menno	Narumi	Lil Zoo							15	8	-24																																												seed	
Red Bull BC One Cypher Germany 2019	Red Bull BC One Cypher Germany Qualifier Top 32 Knock-Out	Itz#Me	Deny	Itz#Me	1	3	1	0	3	0	Menno	Narumi	Lil Zoo							-11	-22	-24																																												seed	
Red Bull BC One Cypher Germany 2019	Red Bull BC One Cypher Germany Qualifier Top 32 Knock-Out	Luke Stylewalker	Qube	Qube	1	3	0	1	0	3	Menno	Narumi	Lil Zoo							28	4	18																																												seed	
Red Bull BC One Cypher Germany 2019	Red Bull BC One Cypher Germany Qualifier Top 32 Knock-Out	Sebi	Airtex	Sebi	1	3	1	0	3	0	Menno	Narumi	Lil Zoo							-4	-19	-17																																												seed	
Red Bull BC One Cypher Germany 2019	Red Bull BC One Cypher Germany Qualifier Top 32 Knock-Out	Pauly G	Toschkin	Toschkin	1	3	0	1	1	2	Menno	Narumi	Lil Zoo							28	9	-36																																												seed	
Red Bull BC One Cypher Germany 2019	Red Bull BC One Cypher Germany Qualifier Top 32 Knock-Out	Pedram	Sarro	Sarro	1	3	0	1	0	3	Menno	Narumi	Lil Zoo							7	11	32																																												seed	
Outbreak 2019	1vs1 Undisputed 48 Top 32 Knock-Out	Victor	Phil Wizard	Victor	3	5	2	1	11	4	Movie One	Taisuke	Ronnie Ruen	Lego	Mr. Wiggles					-26	-2	4	-1	-26					-15	-4	-6	-1	-51					-16	3	1	2	-27																								seed	
Outbreak 2019	1vs1 Undisputed 48 Top 32 Knock-Out	Phil Wizard	Icey Ives	Phil Wizard	3	5	2	1	8	7	Movie One	Taisuke	Ronnie Ruen	Lego	Mr. Wiggles					14	5	6	2	-21					-14	-13	-14	1	-38					16	-6	-11	1	-14																								seed	
Outbreak 2019	1vs1 Undisputed 48 Top 32 Knock-Out	Lil G	Victor	Victor	2	5	0	2	0	10	Movie One	Taisuke	Ronnie Ruen	Lego	Mr. Wiggles					19	7	18	5	27					20	30	11	10	31																																	seed	
Outbreak 2019	1vs1 Undisputed 48 Top 32 Knock-Out	Icey Ives	Simy	Icey Ives	2	5	2	0	7	3	Movie One	Taisuke	Ronnie Ruen	Lego	Mr. Wiggles					-16	-5	-14	1	-19					-14	6	-12	2	-23																																	seed	
Outbreak 2019	1vs1 Undisputed 48 Top 32 Knock-Out	Phil Wizard	Kuzya	Phil Wizard	3	5	2	1	10	5	Movie One	Taisuke	Ronnie Ruen	Lego	Mr. Wiggles					17	7	-16	5	10					12	-20	-12	-10	-17					-13	-9	-13	-5	-9																								seed	
Outbreak 2019	1vs1 Undisputed 48 Top 32 Knock-Out	Victor	Nord Diamond	Victor	2	5	2	0	7	3	Movie One	Taisuke	Ronnie Ruen	Lego	Mr. Wiggles					-19	-7	12	-3	16					-20	-9	-14	-5	7																																	seed	
Outbreak 2019	1vs1 Undisputed 48 Top 32 Knock-Out	Quake	Lil G	Lil G	3	5	1	2	4	11	Movie One	Taisuke	Ronnie Ruen	Lego	Mr. Wiggles					11	3	-17	2	7					-17	1	-18	-2	8					12	7	7	2	6																								seed	
Outbreak 2019	1vs1 Undisputed 48 Top 32 Knock-Out	Simy	CrazyDavid	Simy	2	5	2	0	9	1	Movie One	Taisuke	Ronnie Ruen	Lego	Mr. Wiggles					-37	-11	8	-15	-7					-34	-9	-6	-10	-9																																	seed	
Outbreak 2019	1vs1 Undisputed 48 Top 32 Knock-Out	Icey Ives	Raptor	Icey Ives	2	5	2	0	8	2	Movie One	Taisuke	Ronnie Ruen	Lego	Mr. Wiggles					14	-7	-12	-1	-28					14	-12	-13	-5	-41																																	seed	
Outbreak 2019	1vs1 Undisputed 48 Top 32 Knock-Out	Kuzya	TawfiQ	Kuzya	3	5	2	1	9	6	Movie One	Taisuke	Ronnie Ruen	Lego	Mr. Wiggles					22	-5	15	-1	12					13	2	-11	-1	-11					25	-2	-9	-1	-8																								seed	
Outbreak 2019	1vs1 Undisputed 48 Top 32 Knock-Out	Phil Wizard	Axel	Phil Wizard	2	5	2	0	9	1	Movie One	Taisuke	Ronnie Ruen	Lego	Mr. Wiggles					-17	2	-23	-1	-42					-20	-20	-21	-5	-42																																	seed	
Outbreak 2019	1vs1 Undisputed 48 Top 32 Knock-Out	Lagaet	Nord Diamond	Nord Diamond	2	5	0	2	1	9	Movie One	Taisuke	Ronnie Ruen	Lego	Mr. Wiggles					39	16	24	20	37					25	10	15	-3	22																																	seed	
Outbreak 2019	1vs1 Undisputed 48 Top 32 Knock-Out	Victor	Double D	Victor	2	5	2	0	8	2	Movie One	Taisuke	Ronnie Ruen	Lego	Mr. Wiggles					-18	-7	-17	-5	-53					-31	-5	-19	2	5																																	seed	
Outbreak 2019	1vs1 Undisputed 48 Top 32 Knock-Out	Lil G	Luan San	Lil G	2	5	2	0	8	2	Movie One	Taisuke	Ronnie Ruen	Lego	Mr. Wiggles					-13	-9	-25	-10	-12					-18	-5	17	3	-13																																	seed	
Outbreak 2019	1vs1 Undisputed 48 Top 32 Knock-Out	Quake	Snap	Quake	2	5	2	0	10	0	Movie One	Taisuke	Ronnie Ruen	Lego	Mr. Wiggles					-23	-10	-32	-30	-73					-19	-6	-34	-10	-86																																	seed	
Outbreak 2019	1vs1 Undisputed 48 Top 32 Knock-Out	CrazyDavid	Sofian	CrazyDavid	1	5	1	0	3	2	Taisuke	Ronnie Ruen	Movie One	Lego	Mr. Wiggles					6	-31	37	-35	-15																																										seed	
Outbreak 2019	1vs1 Undisputed 48 Top 32 Knock-Out	Twister	Simy	Simy	1	5	0	1	1	4	Taisuke	Ronnie Ruen	Movie One	Lego	Mr. Wiggles					7	22	64	-5	24																																										seed	
Outbreak 2019	1vs1 Undisputed 48 Top 32 Knock-Out	Volodya	Raptor	Raptor	1	5	0	1	1	4	Taisuke	Ronnie Ruen	Movie One	Lego	Mr. Wiggles					9	22	26	-10	7																																										seed	
Outbreak 2019	1vs1 Undisputed 48 Top 32 Knock-Out	Icey Ives	Sheku	Icey Ives	1	5	1	0	5	0	Taisuke	Ronnie Ruen	Movie One	Lego	Mr. Wiggles					-12	-22	-59	-15	-8																																										seed	
Outbreak 2019	1vs1 Undisputed 48 Top 32 Knock-Out	TawfiQ	Faisi	TawfiQ	1	5	1	0	5	0	Taisuke	Ronnie Ruen	Movie One	Lego	Mr. Wiggles					-25	-23	-67	-25	-87																																										seed	
Outbreak 2019	1vs1 Undisputed 48 Top 32 Knock-Out	Lion	Kuzya	Kuzya	1	5	0	1	1	4	Taisuke	Ronnie Ruen	Movie One	Lego	Mr. Wiggles					26	-29	100	35	32																																										seed	
Outbreak 2019	1vs1 Undisputed 48 Top 32 Knock-Out	Axel	Daniel	Axel	1	5	1	0	3	2	Taisuke	Ronnie Ruen	Movie One	Lego	Mr. Wiggles					-7	20	-85	-4	30																																										seed	
Outbreak 2019	1vs1 Undisputed 48 Top 32 Knock-Out	Phil Wizard	The Flaya	Phil Wizard	1	5	1	0	4	1	Taisuke	Ronnie Ruen	Movie One	Lego	Mr. Wiggles					-6	-33	-48	-30	4																																										seed	
Outbreak 2019	1vs1 Undisputed 48 Top 32 Knock-Out	Nord Diamond	Tonio	Nord Diamond	1	5	1	0	4	1	Taisuke	Ronnie Ruen	Movie One	Lego	Mr. Wiggles					7	-25	-37	-5	-12																																										seed	
Outbreak 2019	1vs1 Undisputed 48 Top 32 Knock-Out	Andre	Lagaet	Lagaet	1	5	0	1	0	5	Taisuke	Ronnie Ruen	Movie One	Lego	Mr. Wiggles					17	59	4	10	6																																										seed	
Outbreak 2019	1vs1 Undisputed 48 Top 32 Knock-Out	Double D	Poter	Double D	1	5	1	0	3	2	Taisuke	Ronnie Ruen	Movie One	Lego	Mr. Wiggles					-16	-27	6	2	-12																																										seed	
Outbreak 2019	1vs1 Undisputed 48 Top 32 Knock-Out	Victor	Amaro	Victor	1	5	1	0	5	0	Taisuke	Ronnie Ruen	Movie One	Lego	Mr. Wiggles					-25	-49	-78	-30	-56																																										seed	
Outbreak 2019	1vs1 Undisputed 48 Top 32 Knock-Out	Aslan	Luan San	Luan San	1	5	0	1	2	3	Taisuke	Ronnie Ruen	Movie One	Lego	Mr. Wiggles					-7	32	9	40	-42																																										seed	
Outbreak 2019	1vs1 Undisputed 48 Top 32 Knock-Out	Shaymin	Lil G	Lil G	1	5	0	1	0	5	Taisuke	Ronnie Ruen	Movie One	Lego	Mr. Wiggles					8	100	11	35	69																																										seed	
Outbreak 2019	1vs1 Undisputed 48 Top 32 Knock-Out	Snap	Sunni	Snap	1	5	1	0	3	2	Taisuke	Ronnie Ruen	Movie One	Lego	Mr. Wiggles					10	96	-24	-4	-69																																										seed	
Outbreak 2019	1vs1 Undisputed 48 Top 32 Knock-Out	Amado	Quake	Quake	1	5	0	1	1	4	Taisuke	Ronnie Ruen	Movie One	Lego	Mr. Wiggles					57	78	58	-30	21																																										seed	
Outbreak 2019	1vs1 B-Girl Battle Top 16 Knock-Out	San Andrea	Fen Qi	San Andrea	3	5	3	0	13	2	Movie One	Taisuke	Ronnie Ruen	Lego	Mr. Wiggles					-15	-7	-11	-1	-12					-15	-5	5	-5	19					-14	-6	-11	-1	-10																								seed	
Outbreak 2019	1vs1 B-Girl Battle Top 16 Knock-Out	Fen Qi	Kate	Fen Qi	3	5	2	1	9	6	Movie One	Taisuke	Ronnie Ruen	Lego	Mr. Wiggles					-19	-8	-22	3	-11					18	5	-13	1	-12					14	-7	-14	1	-11																								seed	
Outbreak 2019	1vs1 B-Girl Battle Top 16 Knock-Out	San Andrea	Sarah Bee	San Andrea	2	5	2	0	9	1	Movie One	Taisuke	Ronnie Ruen	Lego	Mr. Wiggles					-16	-10	-11	1	-22					-17	-8	-11	-10	-15																																	seed	
Outbreak 2019	1vs1 B-Girl Battle Top 16 Knock-Out	Vanessa	Kate	Kate	2	5	0	2	2	8	Movie One	Taisuke	Ronnie Ruen	Lego	Mr. Wiggles					15	4	-16	1	42					21	4	-17	1	11																																	seed	
Outbreak 2019	1vs1 B-Girl Battle Top 16 Knock-Out	Fen Qi	Dr.C	Fen Qi	2	5	2	0	10	0	Movie One	Taisuke	Ronnie Ruen	Lego	Mr. Wiggles					-15	-6	-8	-2	-12					-16	-14	-14	-15	-79																																	seed	
Outbreak 2019	1vs1 B-Girl Battle Top 16 Knock-Out	Jilou	Sarah Bee	Sarah Bee	3	5	1	2	4	11	Movie One	Taisuke	Ronnie Ruen	Lego	Mr. Wiggles					-13	-4	-19	5	13					21	2	11	1	15					-17	1	11	1	3																								seed	
Outbreak 2019	1vs1 B-Girl Battle Top 16 Knock-Out	San Andrea	ERi	San Andrea	2	5	2	0	9	1	Movie One	Taisuke	Ronnie Ruen	Lego	Mr. Wiggles					-15	-5	-25	-5	-41					-15	-4	-18	5	-12																																	seed	
Outbreak 2019	1vs1 B-Girl Battle Top 16 Knock-Out	Kate	Kimie	Kate	2	5	2	0	10	0	Movie One	Taisuke	Ronnie Ruen	Lego	Mr. Wiggles					-15	-11	-9	-15	-12					-16	-16	-10	-20	-36																																	seed	
Outbreak 2019	1vs1 B-Girl Battle Top 16 Knock-Out	Kotya	Vanessa	Vanessa	2	5	0	2	1	9	Movie One	Taisuke	Ronnie Ruen	Lego	Mr. Wiggles					-25	4	26	5	13					21	12	18	5	22																																	seed	
Outbreak 2019	1vs1 B-Girl Battle Top 16 Knock-Out	Madmax	Dr.C	Dr.C	2	5	0	2	0	10	Movie One	Taisuke	Ronnie Ruen	Lego	Mr. Wiggles					17	6	18	15	9					10	11	25	2	32																																	seed	
Outbreak 2019	1vs1 B-Girl Battle Top 16 Knock-Out	Tazz	Fen Qi	Fen Qi	2	5	0	2	1	9	Movie One	Taisuke	Ronnie Ruen	Lego	Mr. Wiggles					18	10	16	5	7					17	8	29	-4	5																																	seed	
Outbreak 2019	1vs1 B-Girl Battle Top 16 Knock-Out	Sarah Bee	Paulina	Sarah Bee	3	5	2	1	12	3	Movie One	Taisuke	Ronnie Ruen	Lego	Mr. Wiggles					16	2	-16	2	-13					-18	-21	-16	-2	-60					-19	-5	-14	-1	-11																								seed	
Outbreak 2019	1vs1 B-Girl Battle Top 16 Knock-Out	Anita	Jilou	Jilou	3	5	1	2	7	8	Movie One	Taisuke	Ronnie Ruen	Lego	Mr. Wiggles					-22	-2	18	2	7					-24	-6	-17	1	9					-24	3	7	1	-13																								seed	
Outbreak 2019	1vs1 B-Girl Battle Top 16 Knock-Out	Alessandrina	ERi	ERi	2	5	0	2	2	8	Movie One	Taisuke	Ronnie Ruen	Lego	Mr. Wiggles					22	6	14	15	-40					19	3	-23	2	12																																	seed	
Outbreak 2019	1vs1 B-Girl Battle Top 16 Knock-Out	San Andrea	Maess’0ne	San Andrea	3	5	2	1	11	4	Movie One	Taisuke	Ronnie Ruen	Lego	Mr. Wiggles					8	-8	-25	5	75					-36	-36	-28	-10	14					-30	-15	-35	-10	-53																								seed	
BOTY Balkan 2019	1vs1 Baby Battle Top 16 Knock-Out	B-Boy Beazt	Nicky	Nicky	2	3	0	2	0	6	Lil Zoo	Bojin	Moy							18	89	20							19	13	5																																			seed	
BOTY Balkan 2019	1vs1 Baby Battle Top 16 Knock-Out	Hiden Power	Nicky	Nicky	1	3	0	1	0	3	Bojin	Moy	Lil Zoo							41	49	100																																												seed	
BOTY Balkan 2019	1vs1 Baby Battle Top 16 Knock-Out	Flave Chris	B-Boy Beazt	B-Boy Beazt	1	3	0	1	0	3	Bojin	Moy	Lil Zoo							24	60	100																																												seed	
BOTY Balkan 2019	1vs1 Baby Battle Top 16 Knock-Out	Miny Inside	Nicky	Nicky	1	3	0	1	0	3	Bojin	Moy	Lil Zoo							21	12	56																																												seed	
BOTY Balkan 2019	1vs1 Baby Battle Top 16 Knock-Out	Hiden Power	B-Boy Safe	Hiden Power	1	3	1	0	3	0	Bojin	Moy	Lil Zoo							-24	-4	-10																																												seed	
BOTY Balkan 2019	1vs1 Baby Battle Top 16 Knock-Out	Game Over	B-Boy Beazt	B-Boy Beazt	1	3	0	1	0	3	Bojin	Moy	Lil Zoo							55	65	100																																												seed	
BOTY Balkan 2019	1vs1 Baby Battle Top 16 Knock-Out	B-Boy Teo	Flave Chris	Flave Chris	1	3	0	1	0	3	Bojin	Moy	Lil Zoo							33	2	1																																												seed	
BOTY Balkan 2019	1vs1 Baby Battle Top 16 Knock-Out	Nicky	Fotis	Nicky	1	3	1	0	3	0	Bojin	Moy	Lil Zoo							-65	-41	-55																																												seed	
BOTY Balkan 2019	1vs1 Baby Battle Top 16 Knock-Out	Miny Inside	Diamond	Miny Inside	1	3	1	0	3	0	Bojin	Moy	Lil Zoo							-41	-1	-1																																												seed	
BOTY Balkan 2019	1vs1 Baby Battle Top 16 Knock-Out	B-Boy Iasona	B-Boy Safe	B-Boy Safe	1	3	0	1	0	3	Bojin	Moy	Lil Zoo							9	7	2																																												seed	
BOTY Balkan 2019	1vs1 Baby Battle Top 16 Knock-Out	Hiden Power	B-Girl Dora	Hiden Power	1	3	1	0	2	1	Bojin	Moy	Lil Zoo							9	-12	-32																																												seed	
BOTY Balkan 2019	1vs1 Baby Battle Top 16 Knock-Out	B-Boy Beazt	Goshide	B-Boy Beazt	1	3	1	0	3	0	Bojin	Moy	Lil Zoo							-59	-39	-100																																												seed	
BOTY Balkan 2019	1vs1 Baby Battle Top 16 Knock-Out	B-Boy M.O.	Game Over	Game Over	1	3	0	1	0	3	Bojin	Moy	Lil Zoo							25	13	29																																												seed	
BOTY Balkan 2019	1vs1 Baby Battle Top 16 Knock-Out	Flave Chris	Kid Kruts	Flave Chris	1	3	1	0	3	0	Bojin	Moy	Lil Zoo							-21	-13	-39																																												seed	
BOTY Balkan 2019	1vs1 Baby Battle Top 16 Knock-Out	B-Boy Teo	B-Boy Ode	B-Boy Teo	1	3	1	0	3	0	Bojin	Moy	Lil Zoo							-64	-10	-33																																												seed	
BOTY Balkan 2019	1vs1 B-Girl Battle Top 8 Knock-Out	Sidi	B-Girl Firebird	B-Girl Firebird	3	3	1	2	3	6	Bojin	Moy	Lil Zoo							36	4	16							-7	2	-20							8	3	-18																										seed	
BOTY Balkan 2019	1vs1 B-Girl Battle Top 8 Knock-Out	Happy	B-Girl Firebird	B-Girl Firebird	1	3	0	1	0	3	Bojin	Moy	Lil Zoo							11	8	40																																												seed	
BOTY Balkan 2019	1vs1 B-Girl Battle Top 8 Knock-Out	Daniela	Sidi	Sidi	1	3	0	1	1	2	Bojin	Moy	Lil Zoo							40	-7	25																																												seed	
BOTY Balkan 2019	1vs1 B-Girl Battle Top 8 Knock-Out	Alex	B-Girl Firebird	B-Girl Firebird	1	3	0	1	0	3	Bojin	Moy	Lil Zoo							34	54	57																																												seed	
BOTY Balkan 2019	1vs1 B-Girl Battle Top 8 Knock-Out	Happy	Nalum	Happy	1	3	1	0	3	0	Bojin	Moy	Lil Zoo							-12	-32	-24																																												seed	
BOTY Balkan 2019	1vs1 B-Girl Battle Top 8 Knock-Out	Sidi	Sissy	Sidi	1	3	1	0	3	0	Bojin	Moy	Lil Zoo							-27	-3	-14																																												seed	
BOTY Balkan 2019	1vs1 B-Girl Battle Top 8 Knock-Out	Nedhu	Daniela	Daniela	1	3	0	1	1	2	Bojin	Moy	Lil Zoo							18	-3	24																																												seed	
BOTY Balkan 2019	1vs1 B-Boy Battle Top 16 Knock-Out	Mighty Jim	Onel	Onel	2	3	0	2	1	5	Bojin	Moy	Lil Zoo							9	4	-22							39	4	21																																			seed	
BOTY Balkan 2019	1vs1 B-Boy Battle Top 16 Knock-Out	Zoob	Onel	Onel	2	3	0	2	0	6	Bojin	Moy	Lil Zoo							74	11	9							28	7	5																																			seed	
BOTY Balkan 2019	1vs1 B-Boy Battle Top 16 Knock-Out	Drain	Mighty Jim	Mighty Jim	2	3	0	2	0	6	Bojin	Moy	Lil Zoo							32	4	17							36	8	20																																			seed	
BOTY Balkan 2019	1vs1 B-Boy Battle Top 16 Knock-Out	Onel	Ven	Onel	2	3	2	0	5	1	Bojin	Moy	Lil Zoo							-19	-12	-16							-21	4	-27																																			seed	
BOTY Balkan 2019	1vs1 B-Boy Battle Top 16 Knock-Out	Revo	Zoob	Zoob	2	3	0	2	0	6	Bojin	Moy	Lil Zoo							12	9	24							11	2	24																																			seed	
BOTY Balkan 2019	1vs1 B-Boy Battle Top 16 Knock-Out	Mighty Jim	Wizdoom	Mighty Jim	2	3	2	0	5	1	Bojin	Moy	Lil Zoo							-37	-12	-21							-22	-13	18																																			seed	
BOTY Balkan 2019	1vs1 B-Boy Battle Top 16 Knock-Out	Zero	Drain	Drain	2	3	0	2	2	4	Bojin	Moy	Lil Zoo							-15	12	20							-37	5	23																																			seed	
BOTY Balkan 2019	1vs1 B-Boy Battle Top 16 Knock-Out	Ven	Tsili Smile	Ven	3	3	2	1	5	4	Bojin	Moy	Lil Zoo							29	3	18							21	-10	-13							-30	-14	-12																										seed	
BOTY Balkan 2019	1vs1 B-Boy Battle Top 16 Knock-Out	Kelment	Onel	Onel	2	3	0	2	0	6	Bojin	Moy	Lil Zoo							27	5	24							47	2	22																																			seed	
BOTY Balkan 2019	1vs1 B-Boy Battle Top 16 Knock-Out	Zoob	Papov	Zoob	2	3	2	0	6	0	Bojin	Moy	Lil Zoo							-16	-14	-36							-9	-5	-26																																			seed	
BOTY Balkan 2019	1vs1 B-Boy Battle Top 16 Knock-Out	Revo	Pyro	Revo	3	3	2	1	7	2	Bojin	Moy	Lil Zoo							9	2	-19							-14	-3	-23							-14	-5	-20																										seed	
BOTY Balkan 2019	1vs1 B-Boy Battle Top 16 Knock-Out	Wisco	Wizdoom	Wizdoom	2	3	0	2	1	5	Bojin	Moy	Lil Zoo							35	9	23							26	2	-16																																			seed	
BOTY Balkan 2019	1vs1 B-Boy Battle Top 16 Knock-Out	Shifter	Mighty Jim	Mighty Jim	2	3	0	2	0	6	Bojin	Moy	Lil Zoo							29	30	34							18	9	43																																			seed	
BOTY Balkan 2019	1vs1 B-Boy Battle Top 16 Knock-Out	Reptile	Drain	Drain	2	3	0	2	0	6	Bojin	Moy	Lil Zoo							28	7	23							27	6	31																																			seed	
BOTY Balkan 2019	1vs1 B-Boy Battle Top 16 Knock-Out	Zero	Luwees	Zero	3	3	2	1	5	4	Bojin	Moy	Lil Zoo							16	12	21							-26	-3	-25							-12	6	-20																										seed	
Austrian Hip Hop Championship 2019	1vs1 Breaking ADULTS Top 8 Knock-Out	K.Y.S.	Ibot	K.Y.S.	3	3	2	1	5	4	Sezai	Parrish	Afrokilla							14	15	-5							-5	4	-3							-2	-9	9																										seed	
Austrian Hip Hop Championship 2019	1vs1 Breaking ADULTS Top 8 Knock-Out	Jin	Ibot	Ibot	2	3	0	2	1	5	Parrish	Sezai	Afrokilla							14	-5	3							5	7	11																																			seed	
Austrian Hip Hop Championship 2019	1vs1 Breaking ADULTS Top 8 Knock-Out	Philmo	K.Y.S.	K.Y.S.	2	3	0	2	1	5	Parrish	Sezai	Afrokilla							5	69	100							-3	52	13																																			seed	
Austrian Hip Hop Championship 2019	1vs1 Breaking ADULTS Top 8 Knock-Out	Caspar	Ibot	Ibot	2	3	0	2	0	6	Parrish	Sezai	Afrokilla							42	96	100							76	100	100																																			seed	
Austrian Hip Hop Championship 2019	1vs1 Breaking ADULTS Top 8 Knock-Out	Rokid	Jin	Jin	2	3	0	2	1	5	Parrish	Sezai	Afrokilla							2	19	-9							2	100	36																																			seed	
Austrian Hip Hop Championship 2019	1vs1 Breaking ADULTS Top 8 Knock-Out	K.Y.S.	KoAar	K.Y.S.	2	3	2	0	6	0	Parrish	Sezai	Afrokilla							-28	-95	-100							-6	-98	-10																																			seed	
Austrian Hip Hop Championship 2019	1vs1 Breaking ADULTS Top 8 Knock-Out	Philmo	Vresh	Philmo	2	3	2	0	6	0	Parrish	Sezai	Afrokilla							-22	-24	-100							-40	-7	-100																																			seed	
Austrian Hip Hop Championship 2019	1vs1 Breaking JUNIORS Top 8 Knock-Out	Lee-On	Miro	Miro	2	3	0	2	1	5	Afrokilla	Chris Cross	Sezai							5	58	64							-5	62	30																																			seed	
Austrian Hip Hop Championship 2019	1vs1 Breaking JUNIORS Top 8 Knock-Out	Sakul	Miro	Miro	2	3	0	2	0	6	Afrokilla	Chris Cross	Sezai							6	84	58							19	79	100																																			seed	
Austrian Hip Hop Championship 2019	1vs1 Breaking JUNIORS Top 8 Knock-Out	Oli	Lee-On	Lee-On	2	3	0	2	0	6	Afrokilla	Chris Cross	Sezai							100	71	77							100	74	94																																			seed	
Austrian Hip Hop Championship 2019	1vs1 Breaking JUNIORS Top 8 Knock-Out	Rico	Miro	Miro	1	3	0	1	0	3	Afrokilla	Chris Cross	Sezai							100	62	100																																												seed	
Austrian Hip Hop Championship 2019	1vs1 Breaking JUNIORS Top 8 Knock-Out	Sakul	Anakin	Sakul	1	3	1	0	3	0	Afrokilla	Chris Cross	Sezai							-100	-49	-28																																												seed	
Austrian Hip Hop Championship 2019	1vs1 Breaking JUNIORS Top 8 Knock-Out	Lee-On	Anna-Lia	Lee-On	1	3	1	0	3	0	Afrokilla	Chris Cross	Sezai							-100	-40	-77																																												seed	
Austrian Hip Hop Championship 2019	1vs1 Breaking JUNIORS Top 8 Knock-Out	Maik MD	Oli	Oli	1	3	0	1	0	3	Afrokilla	Chris Cross	Sezai							7	58	64																																												seed	
BC One Austra 2019	1vs1 BGirls Top 8 Knock-Out	Esthalavista	Sina	Esthalavista	2	3	2	0	5	1	Lil Zoo	Sarah Bee	Junior							6	-64	-5							-3	-15	-7																																			seed	
BC One Austra 2019	1vs1 BGirls Top 8 Knock-Out	Sinaya	Dora	Dora	2	3	0	2	1	5	Lil Zoo	Sarah Bee	Junior							22	60	12							-21	83	7																																			seed	
BC One Austra 2019	1vs1 BGirls Top 8 Knock-Out	Ella	Sina	Sina	2	3	0	2	0	6	Lil Zoo	Sarah Bee	Junior							61	99	32							100	99	38																																			seed	
BC One Austra 2019	1vs1 BGirls Top 8 Knock-Out	Esthalavista	Jacky	Esthalavista	2	3	2	0	6	0	Lil Zoo	Sarah Bee	Junior							-43	-100	-20							-44	-100	-20																																			seed	
BC One Austra 2019	1vs1 BGirls Top 8 Knock-Out	Dora	Anna	Dora	2	3	2	0	5	1	Lil Zoo	Sarah Bee	Junior							-66	-100	13							-100	-100	-61																																			seed	
BC One Austra 2019	1vs1 BGirls Top 8 Knock-Out	Sinaya	Dncll	Sinaya	2	3	2	0	4	2	Lil Zoo	Sarah Bee	Junior							-7	-3	8							-7	100	-14																																			seed	
BC One Austra 2019	1vs1 Red Bull BC One Cypher Austria (Qualifier) Top 22 Knock-Out	Killapain	Lil Sunji	Killapain	2	3	2	0	6	0	Lil Zoo	Sarah Bee	Junior							-87	-38	-19							-49	-14	-40																																			seed	
BC One Austra 2019	1vs1 Red Bull BC One Cypher Austria (Qualifier) Top 22 Knock-Out	EL Vasi	Avatar Joe	Avatar Joe	2	3	0	2	1	5	Lil Zoo	Sarah Bee	Junior							62	-15	7							60	98	18																																			seed	
BC One Austra 2019	1vs1 Red Bull BC One Cypher Austria (Qualifier) Top 22 Knock-Out	Miracle Smile	Pechino	Miracle Smile	2	3	2	0	6	0	Lil Zoo	Sarah Bee	Junior							-24	-54	-21							-100	-33	-28																																			seed	
BC One Austra 2019	1vs1 Red Bull BC One Cypher Austria (Qualifier) Top 22 Knock-Out	Smashrok	Patrix	Patrix	2	3	0	2	0	6	Lil Zoo	Sarah Bee	Junior							31	14	8							89	68	36																																			seed	
BC One Austra 2019	1vs1 Red Bull BC One Cypher Austria (Qualifier) Top 22 Knock-Out	Animus	Tik	Animus	2	3	2	0	4	2	Lil Zoo	Sarah Bee	Junior							41	-51	-12							-52	16	-4																																			seed	
BC One Austra 2019	1vs1 Red Bull BC One Cypher Austria (Qualifier) Top 22 Knock-Out	Intus	K.Y.S.	Intus	2	3	2	0	4	2	Lil Zoo	Sarah Bee	Junior							-23	7	-17							41	-17	-1																																			seed	
BC One Austra 2019	1vs1 Red Bull BC One Cypher Austria (Qualifier) Top 22 Knock-Out	Zappel	Funky C	Funky C	2	3	0	2	1	5	Lil Zoo	Sarah Bee	Junior							100	34	-4							41	100	25																																			seed	
BC One Austra 2019	1vs1 Red Bull BC One Cypher Austria (Qualifier) Top 22 Knock-Out	Design	Rock Lee	Rock Lee	2	3	0	2	0	6	Lil Zoo	Sarah Bee	Junior							8	2	4							30	8	7																																			seed	
BC One Austra 2019	1vs1 Red Bull BC One Cypher Austria (Qualifier) Top 22 Knock-Out	Showtime	Töma	Töma	2	3	0	2	0	6	Lil Zoo	Sarah Bee	Junior							28	37	14							33	73	12																																			seed	
BC One Austra 2019	1vs1 Red Bull BC One Cypher Austria (Qualifier) Top 22 Knock-Out	Ibot	Ghostface	Ghostface	2	3	0	2	0	6	Lil Zoo	Sarah Bee	Junior							11	97	16							26	100	19																																			seed	
BC One Austra 2019	1vs1 Red Bull BC One Cypher Austria (Qualifier) Top 22 Knock-Out	Rock'n'Rolli	Happy1	Rock'n'Rolli	2	3	2	0	5	1	Lil Zoo	Sarah Bee	Junior							-24	-66	10							-29	-100	-11																																			seed	
TLB Winter Festival 2019	1vs1 Kids Top 8 Knock-Out	Wolf	Gustas	Gustas	3	3	0	3	0	9	Poe One	Focus	Wicket							40	20	24							26	29	13							23	24	17																										seed	
TLB Winter Festival 2019	1vs1 Kids Top 8 Knock-Out	Lil Deady	Gustas	Gustas	2	3	0	2	0	6	Poe One	Focus	Wicket							45	82	82							52	70	76																																			seed	
TLB Winter Festival 2019	1vs1 Kids Top 8 Knock-Out	Wolf	Point	Wolf	2	3	2	0	6	0	Poe One	Focus	Wicket							-13	-61	-66							-21	-31	-49																																			seed	
TLB Winter Festival 2019	1vs1 Kids Top 8 Knock-Out	Lee-on	Gustas	Gustas	2	3	0	2	0	6	Poe One	Focus	Wicket							62	56	63							65	47	54																																			seed	
TLB Winter Festival 2019	1vs1 Kids Top 8 Knock-Out	Lil Deady	Djibril	Lil Deady	2	3	2	0	6	0	Poe One	Focus	Wicket							-44	-44	-39							-10	-18	-31																																			seed	
TLB Winter Festival 2019	1vs1 Kids Top 8 Knock-Out	Pauk	Point	Point	3	3	1	2	5	4	Poe One	Focus	Wicket							-17	-20	-35							28	53	-24							37	62	-21																										seed	
TLB Winter Festival 2019	1vs1 Kids Top 8 Knock-Out	Denver	Wolf	Wolf	2	3	0	2	2	4	Poe One	Focus	Wicket							47	32	-43							54	27	-22																																			seed	
TLB Winter Festival 2019	1vs1 Undisputed 46 Top 32 Knock-Out	Cheerito	Victor	Victor	3	5	1	2	5	10	Max	Poe One	Focus	Wicket	Renegade					12	20	23	13	15					9	23	24	16	19					-14	-19	-12	-14	-24																								seed	
TLB Winter Festival 2019	1vs1 Undisputed 46 Top 32 Knock-Out	Victor	Thomaz	Victor	2	5	2	0	10	0	Max	Poe One	Focus	Wicket	Renegade					-29	-52	-40	-54	-18					-12	-40	-53	-49	-28																																	seed	
TLB Winter Festival 2019	1vs1 Undisputed 46 Top 32 Knock-Out	Cheerito	Kaê	Cheerito	2	5	2	0	8	2	Max	Poe One	Focus	Wicket	Renegade					-32	-12	18	-48	16					-20	-10	-33	-54	-17																																	seed	
TLB Winter Festival 2019	1vs1 Undisputed 46 Top 32 Knock-Out	Tirock	Thomaz	Thomaz	2	5	0	2	1	9	Max	Poe One	Focus	Wicket	Renegade					12	35	26	34	25					4	7	36	33	-21																																	seed	
TLB Winter Festival 2019	1vs1 Undisputed 46 Top 32 Knock-Out	ZipRock	Victor	Victor	2	5	0	2	1	9	Max	Poe One	Focus	Wicket	Renegade					13	54	27	30	22					12	9	30	41	-23																																	seed	
TLB Winter Festival 2019	1vs1 Undisputed 46 Top 32 Knock-Out	Anton	Kaê	Kaê	2	5	0	2	1	9	Max	Poe One	Focus	Wicket	Renegade					12	12	-13	24	22					15	12	17	21	19																																	seed	
TLB Winter Festival 2019	1vs1 Undisputed 46 Top 32 Knock-Out	Nord Diamond	Cheerito	Cheerito	2	5	0	2	3	7	Max	Poe One	Focus	Wicket	Renegade					16	27	-33	47	26					-23	7	11	28	-14																																	seed	
TLB Winter Festival 2019	1vs1 Undisputed 46 Top 32 Knock-Out	Thomaz	Jayson	Thomaz	3	5	2	1	7	8	Max	Poe One	Focus	Wicket	Renegade					45	21	41	-33	14					-9	8	-44	-28	16					-13	5	32	-38	-15																								seed	
TLB Winter Festival 2019	1vs1 Undisputed 46 Top 32 Knock-Out	Tirock	Volodya	Tirock	2	5	2	0	8	2	Max	Poe One	Focus	Wicket	Renegade					-14	-7	-25	26	15					-9	-11	-30	-42	-18																																	seed	
TLB Winter Festival 2019	1vs1 Undisputed 46 Top 32 Knock-Out	Victor	Moa	Victor	2	5	2	0	8	2	Max	Poe One	Focus	Wicket	Renegade					-17	-5	-33	-47	10					-38	32	-39	-45	-21																																	seed	
TLB Winter Festival 2019	1vs1 Undisputed 46 Top 32 Knock-Out	ZipRock	Mighty Brick	ZipRock	2	5	2	0	10	0	Max	Poe One	Focus	Wicket	Renegade					-46	-31	-29	-43	-26					-66	-33	-23	-45	-17																																	seed	
TLB Winter Festival 2019	1vs1 Undisputed 46 Top 32 Knock-Out	Kaê	Twister	Kaê	2	5	2	0	7	3	Max	Poe One	Focus	Wicket	Renegade					-28	-8	-32	23	-21					13	-5	-22	35	-15																																	seed	
TLB Winter Festival 2019	1vs1 Undisputed 46 Top 32 Knock-Out	Jerry Metal	Anton	Anton	2	5	0	2	1	9	Max	Poe One	Focus	Wicket	Renegade					-19	8	29	19	16					32	42	34	21	20																																	seed	
TLB Winter Festival 2019	1vs1 Undisputed 46 Top 32 Knock-Out	Daga	Cheerito	Cheerito	2	5	0	2	3	7	Max	Poe One	Focus	Wicket	Renegade					5	-5	33	-34	16					-7	34	27	34	13																																	seed	
TLB Winter Festival 2019	1vs1 Undisputed 46 Top 32 Knock-Out	Prince	Nord Diamond	Nord Diamond	3	5	1	2	3	12	Max	Poe One	Focus	Wicket	Renegade					-14	36	-27	-52	14					34	24	29	46	10					48	22	41	33	16																								seed	
TLB Winter Festival 2019	1vs1 Undisputed 46 Top 32 Knock-Out	Jayson	Liquid	Jayson	1	3	1	0	2	1	Wicket	Poe One	Focus							46	-11	-19																																												seed	
TLB Winter Festival 2019	1vs1 Undisputed 46 Top 32 Knock-Out	Redo	Thomaz	Thomaz	1	3	0	1	1	2	Wicket	Poe One	Focus							26	12	-44																																												seed	
TLB Winter Festival 2019	1vs1 Undisputed 46 Top 32 Knock-Out	Mic Shaggy	Volodya	Volodya	1	3	0	1	1	2	Wicket	Poe One	Focus							54	-2	23																																												seed	
TLB Winter Festival 2019	1vs1 Undisputed 46 Top 32 Knock-Out	Mihary	Tirock	Tirock	1	3	0	1	0	3	Wicket	Poe One	Focus							52	66	77																																												seed	
TLB Winter Festival 2019	1vs1 Undisputed 46 Top 32 Knock-Out	Moa	Simy	Moa	1	3	1	0	3	0	Wicket	Poe One	Focus							-53	-64	-50																																												seed	
TLB Winter Festival 2019	1vs1 Undisputed 46 Top 32 Knock-Out	Koptr	Victor	Victor	1	3	0	1	0	3	Wicket	Poe One	Focus							44	47	58																																												seed	
TLB Winter Festival 2019	1vs1 Undisputed 46 Top 32 Knock-Out	Mighty Brick	Tim Plus	Mighty Brick	1	3	1	0	2	1	Wicket	Poe One	Focus							57	-34	-21																																												seed	
TLB Winter Festival 2019	1vs1 Undisputed 46 Top 32 Knock-Out	ZipRock	Dr hill skills	ZipRock	1	3	1	0	3	0	Wicket	Poe One	Focus							-13	-10	-72																																												seed	
TLB Winter Festival 2019	1vs1 Undisputed 46 Top 32 Knock-Out	Twister	Xak	Twister	1	3	1	0	2	1	Wicket	Poe One	Focus							-24	-19	18																																												seed	
TLB Winter Festival 2019	1vs1 Undisputed 46 Top 32 Knock-Out	Kaê	Amazing Troll	Kaê	1	3	1	0	3	0	Wicket	Poe One	Focus							-34	-56	-84																																												seed	
TLB Winter Festival 2019	1vs1 Undisputed 46 Top 32 Knock-Out	Sapa	Anton	Anton	1	3	0	1	0	3	Wicket	Poe One	Focus							14	15	48																																												seed	
TLB Winter Festival 2019	1vs1 Undisputed 46 Top 32 Knock-Out	Jerry Metal	Spin	Jerry Metal	1	3	1	0	2	1	Wicket	Poe One	Focus							-22	-1	37																																												seed	
TLB Winter Festival 2019	1vs1 Undisputed 46 Top 32 Knock-Out	Cheerito	Kid Karam	Cheerito	1	3	1	0	2	1	Wicket	Poe One	Focus							-18	-1	54																																												seed	
TLB Winter Festival 2019	1vs1 Undisputed 46 Top 32 Knock-Out	Daga	Bboy titas	Daga	1	3	1	0	3	0	Wicket	Poe One	Focus							-31	-74	-49																																												seed	
TLB Winter Festival 2019	1vs1 Undisputed 46 Top 32 Knock-Out	Nord Diamond	Gieras	Nord Diamond	1	3	1	0	2	1	Wicket	Poe One	Focus							-62	4	-16																																												seed	
TLB Winter Festival 2019	1vs1 Undisputed 46 Top 32 Knock-Out	Prince	Yung Dave	Prince	1	3	1	0	2	1	Wicket	Poe One	Focus							-73	-10	57																																												seed	
ROBC 2018	1vs1 Kidz Top 16 Knock-Out	GROM	Denver	GROM	3	5	2	1	10	5	Dyzee	The End	Reveal	Thesis	Junior					9	9	23	11	-6					-35	-11	-53	9	-10					-53	-19	-100	-12	-9																								seed	
ROBC 2018	1vs1 Kidz Top 16 Knock-Out	Angry Boy	Pauk	Pauk	1	5	0	1	0	5	Dyzee	The End	Reveal	Thesis	Junior					100	51	100	100	100																																										seed	
ROBC 2018	1vs1 Kidz Top 16 Knock-Out	Pauk	Denver	Denver	3	5	1	2	4	11	Dyzee	The End	Reveal	Thesis	Junior					-26	-14	-32	40	14					4	8	65	46	15					5	5	56	-10	16																								seed	
ROBC 2018	1vs1 Kidz Top 16 Knock-Out	Angry Boy	GROM	GROM	2	5	0	2	1	9	Dyzee	The End	Reveal	Thesis	Junior					15	9	-24	10	27					22	6	53	22	15																																	seed	
ROBC 2018	1vs1 Kidz Top 16 Knock-Out	Point	Denver	Denver	2	5	0	2	2	8	Dyzee	The End	Reveal	Thesis	Junior					35	-8	100	24	31					15	15	88	50	-12																																	seed	
ROBC 2018	1vs1 Kidz Top 16 Knock-Out	Pauk	Race	Pauk	2	5	2	0	8	2	Dyzee	The End	Reveal	Thesis	Junior					-15	-12	46	-13	-20					13	-10	-45	-20	-2																																	seed	
ROBC 2018	1vs1 Kidz Top 16 Knock-Out	Bars	GROM	GROM	2	5	0	2	1	9	Dyzee	The End	Reveal	Thesis	Junior					30	6	81	61	33					-38	6	100	40	40																																	seed	
ROBC 2018	1vs1 Kidz Top 16 Knock-Out	Angry Boy	Rexby	Angry Boy	2	5	2	0	8	2	Dyzee	The End	Reveal	Thesis	Junior					20	4	-31	-27	-3					-16	-3	-69	-25	-6																																	seed	
ROBC 2018	1vs1 Kidz Top 16 Knock-Out	Mashina	Denver	Denver	2	5	0	2	1	9	Dyzee	The End	Reveal	Thesis	Junior					52	17	83	11	-9					29	7	98	24	30																																	seed	
ROBC 2018	1vs1 Kidz Top 16 Knock-Out	Point	Kesl	Point	2	5	2	0	8	2	Dyzee	The End	Reveal	Thesis	Junior					-34	12	-19	-27	-13					17	-9	-82	-23	-2																																	seed	
ROBC 2018	1vs1 Kidz Top 16 Knock-Out	Race	Boris	Race	2	5	2	0	9	1	Dyzee	The End	Reveal	Thesis	Junior					-47	2	-60	-25	-14					-5	-6	-46	-17	-9																																	seed	
ROBC 2018	1vs1 Kidz Top 16 Knock-Out	Tori	Pauk	Pauk	3	5	1	2	6	9	Dyzee	The End	Reveal	Thesis	Junior					-27	-3	23	-33	4					14	1	-41	25	9					-22	18	17	-26	12																								seed	
ROBC 2018	1vs1 Kidz Top 16 Knock-Out	GROM	Boomer	GROM	2	5	2	0	10	0	Dyzee	The End	Reveal	Thesis	Junior					-15	-9	-32	-26	-20					-17	-24	-77	-50	-41																																	seed	
ROBC 2018	1vs1 Kidz Top 16 Knock-Out	Serzh	Bars	Bars	2	5	0	2	3	7	Dyzee	The End	Reveal	Thesis	Junior					31	-11	13	-17	18					29	6	14	25	-11																																	seed	
ROBC 2018	1vs1 Kidz Top 16 Knock-Out	King Kong	Rexby	Rexby	3	5	1	2	3	12	Dyzee	The End	Reveal	Thesis	Junior					-24	16	-15	-18	17					20	20	51	13	16					29	25	56	37	22																								seed	
ROBC 2018	1vs1 Kidz Top 16 Knock-Out	PanKick	Angry Boy	Angry Boy	2	5	0	2	2	8	Dyzee	The End	Reveal	Thesis	Junior					-5	7	55	20	-17					40	8	38	23	22																																	seed	
ROBC 2018	1vs1 B-Girl Youth Top 8 Knock-Out	Belka	Uzelok	Uzelok	4	5	0	4	5	15	Dyzee	The End	Reveal	Thesis	Junior					-12	6	24	51	39					-18	5	59	42	52					12	10	58	47	-9					-15	-6	92	43	25															seed	
ROBC 2018	1vs1 B-Girl Youth Top 8 Knock-Out	Lisa	Lizzy	Lizzy	4	5	0	4	1	19	Dyzee	The End	Reveal	Thesis	Junior					11	9	59	49	15					-14	23	37	38	9					11	16	58	28	30					11	18	47	55	16															seed	
ROBC 2018	1vs1 B-Girl Youth Top 8 Knock-Out	Lizzy	Uzelok	Uzelok	2	5	0	2	0	10	Dyzee	The End	Reveal	Thesis	Junior					25	14	100	42	52					21	8	100	37	51																																	seed	
ROBC 2018	1vs1 B-Girl Youth Top 8 Knock-Out	Belka	Lisa	Belka	2	5	2	0	10	0	Dyzee	The End	Reveal	Thesis	Junior					-54	-3	-41	-32	-33					-24	-6	-98	-22	-31																																	seed	
ROBC 2018	1vs1 B-Girl Youth Top 8 Knock-Out	Di	Uzelok	Uzelok	2	5	0	2	2	8	Dyzee	The End	Reveal	Thesis	Junior					-31	9	68	41	13					10	-18	93	30	24																																	seed	
ROBC 2018	1vs1 B-Girl Youth Top 8 Knock-Out	Yara	Lizzy	Lizzy	2	5	0	2	3	7	Dyzee	The End	Reveal	Thesis	Junior					-18	11	36	19	25					-4	10	-52	18	26																																	seed	
ROBC 2018	1vs1 B-Girl Youth Top 8 Knock-Out	Lisa	T-Rex	Lisa	3	5	2	1	12	3	Dyzee	The End	Reveal	Thesis	Junior					34	6	59	-23	-14					-2	-11	-58	-31	-19					-4	-10	-57	-22	-22																								seed	
ROBC 2018	1vs1 B-Girl Youth Top 8 Knock-Out	YaGeVika	Belka	Belka	2	5	0	2	3	7	Dyzee	The End	Reveal	Thesis	Junior					-13	26	-66	54	17					35	10	86	-26	24																																	seed	
ROBC 2018	1vs1 B-Boy Youth Top 16 Knock-Out	Dyak	DopeDog	DopeDog	4	5	0	4	0	20	Dyzee	The End	Reveal	Thesis	Junior					13	9	100	49	15					14	10	89	49	13					18	5	100	57	20					31	8	20	55	19															seed	
ROBC 2018	1vs1 B-Boy Youth Top 16 Knock-Out	D-Way	Saffa	Saffa	4	5	2	2	8	12	Dyzee	The End	Reveal	Thesis	Junior					25	19	23	39	-12					7	5	51	43	9					-19	15	-100	33	-12					-13	-5	-9	42	-6															seed	
ROBC 2018	1vs1 B-Boy Youth Top 16 Knock-Out	Saffa	DopeDog	DopeDog	2	5	0	2	1	9	Dyzee	The End	Reveal	Thesis	Junior					37	-9	70	23	38					26	7	27	40	12																																	seed	
ROBC 2018	1vs1 B-Boy Youth Top 16 Knock-Out	Dyak	D-Way	Dyak	3	5	2	1	10	5	Dyzee	The End	Reveal	Thesis	Junior					22	7	-14	-22	-14					11	5	56	-27	-13					-29	-2	-29	-28	-7																								seed	
ROBC 2018	1vs1 B-Boy Youth Top 16 Knock-Out	Danjel	DopeDog	DopeDog	2	5	0	2	0	10	Dyzee	The End	Reveal	Thesis	Junior					45	17	100	45	30					43	10	89	47	21																																	seed	
ROBC 2018	1vs1 B-Boy Youth Top 16 Knock-Out	Tulen	Saffa	Saffa	2	5	0	2	2	8	Dyzee	The End	Reveal	Thesis	Junior					-21	9	-91	34	17					6	5	49	46	21																																	seed	
ROBC 2018	1vs1 B-Boy Youth Top 16 Knock-Out	Fly	D-Way	D-Way	2	5	0	2	2	8	Dyzee	The End	Reveal	Thesis	Junior					35	-18	90	37	17					38	-14	76	34	18																																	seed	
ROBC 2018	1vs1 B-Boy Youth Top 16 Knock-Out	Dyak	Balnik	Dyak	2	5	2	0	8	2	Dyzee	The End	Reveal	Thesis	Junior					-20	-20	-100	-28	-8					43	9	-82	-43	-14																																	seed	
ROBC 2018	1vs1 B-Boy Youth Top 16 Knock-Out	DopeDog	Valkar	DopeDog	2	5	2	0	10	0	Dyzee	The End	Reveal	Thesis	Junior					-53	-9	-100	-25	-15					-35	-10	-100	-23	-23																																	seed	
ROBC 2018	1vs1 B-Boy Youth Top 16 Knock-Out	Danjel	Shamir	Danjel	2	5	2	0	7	3	Dyzee	The End	Reveal	Thesis	Junior					-19	18	-31	-23	12					35	-5	-100	-25	-27																																	seed	
ROBC 2018	1vs1 B-Boy Youth Top 16 Knock-Out	Frayz	Saffa	Saffa	2	5	0	2	1	9	Dyzee	The End	Reveal	Thesis	Junior					14	9	55	23	15					-9	5	100	30	28																																	seed	
ROBC 2018	1vs1 B-Boy Youth Top 16 Knock-Out	PrillOne	Tulen	Tulen	2	5	0	2	2	8	Dyzee	The End	Reveal	Thesis	Junior					14	5	-34	-26	15					7	10	100	30	30																																	seed	
ROBC 2018	1vs1 B-Boy Youth Top 16 Knock-Out	D-Way	Boisya	D-Way	3	5	2	1	11	4	Dyzee	The End	Reveal	Thesis	Junior					-28	14	-94	-26	-11					-12	2	-95	28	13					-20	-5	-100	-14	-24																								seed	
ROBC 2018	1vs1 B-Boy Youth Top 16 Knock-Out	Caps Lock	Fly	Fly	2	5	0	2	0	10	Dyzee	The End	Reveal	Thesis	Junior					25	21	78	22	20					18	11	83	32	19																																	seed	
ROBC 2018	1vs1 B-Boy Youth Top 16 Knock-Out	Wildy	Balnik	Balnik	2	5	0	2	2	8	Dyzee	The End	Reveal	Thesis	Junior					27	-8	-50	26	27					85	12	78	26	15																																	seed	
ROBC 2018	1vs1 B-Boy Youth Top 16 Knock-Out	KraSavva	Dyak	Dyak	2	5	0	2	0	10	Dyzee	The End	Reveal	Thesis	Junior					11	11	100	20	16					44	19	79	36	25																																	seed	
ROBC 2018	WDSF Open Breaking 1vs1 B-Girl Adult Top 16 Knock-Out	Ayumi	Narumi	Ayumi	4	5	3	1	13	7	Dyzee	The End	Reveal	Thesis	Junior					-6	8	100	7	12					-6	-5	-100	-53	-47					14	-6	-100	-77	-52					-4	-7	78	46	-11															seed	
ROBC 2018	WDSF Open Breaking 1vs1 B-Girl Adult Top 16 Knock-Out	Maxime	Kastet	Kastet	4	5	1	3	9	11	Dyzee	The End	Reveal	Thesis	Junior					15	-7	29	-38	11					-11	11	15	66	-18					-1	14	-8	-36	12					8	12	-7	-39	8															seed	
ROBC 2018	WDSF Open Breaking 1vs1 B-Girl Adult Top 16 Knock-Out	Narumi	Kastet	Narumi	2	5	2	0	7	3	Dyzee	The End	Reveal	Thesis	Junior					7	4	-18	-42	-3					-14	-5	17	-34	-16																																	seed	
ROBC 2018	WDSF Open Breaking 1vs1 B-Girl Adult Top 16 Knock-Out	Maxime	Ayumi	Ayumi	2	5	0	2	1	9	Dyzee	The End	Reveal	Thesis	Junior					21	5	-8	41	29					18	6	28	43	8																																	seed	
ROBC 2018	WDSF Open Breaking 1vs1 B-Girl Adult Top 16 Knock-Out	Kastet	Jilou	Kastet	3	5	2	1	7	8	Dyzee	The End	Reveal	Thesis	Junior					10	-6	25	36	17					7	9	-36	-49	-17					6	-5	-41	51	-20																								seed	
ROBC 2018	WDSF Open Breaking 1vs1 B-Girl Adult Top 16 Knock-Out	Narumi	Kim	Narumi	2	5	2	0	10	0	Dyzee	The End	Reveal	Thesis	Junior					-28	-6	-100	-100	-41					-14	-25	-89	-100	-28																																	seed	
ROBC 2018	WDSF Open Breaking 1vs1 B-Girl Adult Top 16 Knock-Out	Ayumi	Matina	Ayumi	2	5	2	0	8	2	Dyzee	The End	Reveal	Thesis	Junior					-3	8	10	-56	-30					-7	-18	-100	-93	-25																																	seed	
ROBC 2018	WDSF Open Breaking 1vs1 B-Girl Adult Top 16 Knock-Out	Maxime	ViNilla	Maxime	2	5	2	0	10	0	Dyzee	The End	Reveal	Thesis	Junior					-56	-5	-74	-13	-16					-12	-4	-100	-100	-34																																	seed	
ROBC 2018	WDSF Open Breaking 1vs1 B-Girl Adult Top 16 Knock-Out	Lara	Jilou	Jilou	2	5	0	2	0	10	Dyzee	The End	Reveal	Thesis	Junior					26	36	100	41	55					60	44	85	50	31																																	seed	
ROBC 2018	WDSF Open Breaking 1vs1 B-Girl Adult Top 16 Knock-Out	Kastet	Vavi	Kastet	2	5	2	0	7	3	Dyzee	The End	Reveal	Thesis	Junior					-26	-13	-61	41	-54					17	-4	-95	39	-31																																	seed	
ROBC 2018	WDSF Open Breaking 1vs1 B-Girl Adult Top 16 Knock-Out	Aley	Kim	Kim	3	5	1	2	5	10	Dyzee	The End	Reveal	Thesis	Junior					-4	8	18	-15	12					-5	-8	-59	52	16					49	21	30	32	22																								seed	
ROBC 2018	WDSF Open Breaking 1vs1 B-Girl Adult Top 16 Knock-Out	Narumi	Art	Narumi	2	5	2	0	9	1	Dyzee	The End	Reveal	Thesis	Junior					-19	-4	-88	-86	15					-10	-3	-100	-51	-29																																	seed	
ROBC 2018	WDSF Open Breaking 1vs1 B-Girl Adult Top 16 Knock-Out	Sarkazi	Matina	Matina	3	5	1	2	5	10	Dyzee	The End	Reveal	Thesis	Junior					46	-8	-100	-100	-22					24	-8	100	78	16					25	27	100	56	55																								seed	
ROBC 2018	WDSF Open Breaking 1vs1 B-Girl Adult Top 16 Knock-Out	Ayumi	Lee	Ayumi	2	5	2	0	9	1	Dyzee	The End	Reveal	Thesis	Junior					-74	-44	-100	-100	-34					17	-12	-100	-100	-36																																	seed	
ROBC 2018	WDSF Open Breaking 1vs1 B-Girl Adult Top 16 Knock-Out	ViNilla	Becca	ViNilla	3	5	2	1	11	4	Dyzee	The End	Reveal	Thesis	Junior					15	15	100	48	-23					-19	-12	-47	-35	-17					-8	-7	-98	-37	-13																								seed	
ROBC 2018	WDSF Open Breaking 1vs1 B-Girl Adult Top 16 Knock-Out	Maxime	Nastya	Maxime	2	5	2	0	9	1	Dyzee	The End	Reveal	Thesis	Junior					-14	-35	-70	-100	27					-21	-26	-84	-100	-39																																	seed	
ROBC 2018	WDSF Open Breaking 1vs1 B-Boy Adult Top 16 Knock-Out	Khalil	Jamal	Jamal	4	5	1	3	7	13	Dyzee	The End	Reveal	Thesis	Junior					20	15	100	80	17					10	8	100	74	40					-11	-4	-100	-48	-7					-2	13	97	46	-4															seed	
ROBC 2018	WDSF Open Breaking 1vs1 B-Boy Adult Top 16 Knock-Out	Alkolil	Killa-Kolya	Killa-Kolya	4	5	1	3	7	13	Dyzee	The End	Reveal	Thesis	Junior					7	-5	9	-28	-7					29	8	46	64	-9					-10	9	-63	17	35					1	-5	53	58	24															seed	
ROBC 2018	WDSF Open Breaking 1vs1 B-Boy Adult Top 16 Knock-Out	Killa-Kolya	Jamal	Jamal	2	5	0	2	3	7	Dyzee	The End	Reveal	Thesis	Junior					14	10	-30	36	14					-17	14	39	-39	23																																	seed	
ROBC 2018	WDSF Open Breaking 1vs1 B-Boy Adult Top 16 Knock-Out	Khalil	Alkolil	Khalil	3	5	2	1	11	4	Dyzee	The End	Reveal	Thesis	Junior					-16	-5	34	32	24					-8	7	-91	-37	-1					-17	-4	-19	-56	-13																								seed	
ROBC 2018	WDSF Open Breaking 1vs1 B-Boy Adult Top 16 Knock-Out	Jamal	Cheerito	Jamal	3	5	2	1	7	8	Dyzee	The End	Reveal	Thesis	Junior					-5	-10	-20	-28	19					39	8	75	36	17					23	-4	-49	-8	9																								seed	
ROBC 2018	WDSF Open Breaking 1vs1 B-Boy Adult Top 16 Knock-Out	Killa-Kolya	Deny Rock	Killa-Kolya	2	5	2	0	7	3	Dyzee	The End	Reveal	Thesis	Junior					-30	11	-79	-46	-46					-1	7	79	-45	-37																																	seed	
ROBC 2018	WDSF Open Breaking 1vs1 B-Boy Adult Top 16 Knock-Out	Lil Kev	Alkolil	Alkolil	2	5	0	2	3	7	Dyzee	The End	Reveal	Thesis	Junior					-23	-7	12	29	7					4	4	-54	13	21																																	seed	
ROBC 2018	WDSF Open Breaking 1vs1 B-Boy Adult Top 16 Knock-Out	Khalil	Deboshir	Khalil	2	5	2	0	8	2	Dyzee	The End	Reveal	Thesis	Junior					-55	-15	-100	-31	-67					24	8	-100	-38	-19																																	seed	
ROBC 2018	WDSF Open Breaking 1vs1 B-Boy Adult Top 16 Knock-Out	Gun	Cheerito	Cheerito	2	5	0	2	1	9	Dyzee	The End	Reveal	Thesis	Junior					27	9	93	21	30					27	5	100	-12	14																																	seed	
ROBC 2018	WDSF Open Breaking 1vs1 B-Boy Adult Top 16 Knock-Out	Jamal	Amir	Jamal	2	5	2	0	9	1	Dyzee	The End	Reveal	Thesis	Junior					-12	-8	-100	-41	-12					-10	-3	-20	-23	20																																	seed	
ROBC 2018	WDSF Open Breaking 1vs1 B-Boy Adult Top 16 Knock-Out	Deny Rock	Jerry Metal	Deny Rock	3	5	2	1	8	7	Dyzee	The End	Reveal	Thesis	Junior					-4	8	100	37	16					-8	-9	-37	49	22					7	-5	-8	-66	-11																								seed	
ROBC 2018	WDSF Open Breaking 1vs1 B-Boy Adult Top 16 Knock-Out	Elvis	Killa-Kolya	Killa-Kolya	3	5	1	2	7	8	Dyzee	The End	Reveal	Thesis	Junior					-8	-10	-49	-36	-30					19	-8	100	40	-13					43	16	100	40	22																								seed	
ROBC 2018	WDSF Open Breaking 1vs1 B-Boy Adult Top 16 Knock-Out	Mega Joker	Alkolil	Alkolil	2	5	0	2	2	8	Dyzee	The End	Reveal	Thesis	Junior					-9	26	-100	15	17					17	15	75	35	40																																	seed	
ROBC 2018	WDSF Open Breaking 1vs1 B-Boy Adult Top 16 Knock-Out	Lil Kev	Dale	Lil Kev	3	5	2	1	9	6	Dyzee	The End	Reveal	Thesis	Junior					-8	-26	-46	-42	-21					9	4	90	31	24					-9	-27	-26	-55	26																								seed	
ROBC 2018	WDSF Open Breaking 1vs1 B-Boy Adult Top 16 Knock-Out	Deboshir	King So	Deboshir	2	5	2	0	8	2	Dyzee	The End	Reveal	Thesis	Junior					-4	-4	56	-48	-15					4	-3	-19	-51	-35																																	seed	
ROBC 2018	WDSF Open Breaking 1vs1 B-Boy Adult Top 16 Knock-Out	Khalil	Seven	Khalil	2	5	2	0	9	1	Dyzee	The End	Reveal	Thesis	Junior					-3	-50	-95	-100	-30					6	-4	-16	-51	-28																																	seed	
Urban Dance Festival 2018	1vs1 Battle of the Year Top 16 Knock-Out	NarekTheShow	LB	LB	4	3	1	3	4	8	Ez Mike	Cros1	Vartan							10	8	-14							-11	-5	-7							16	10	10							21	8	8																	seed	
Urban Dance Festival 2018	1vs1 Battle of the Year Top 16 Knock-Out	LB	Ztimpy	LB	2	3	2	0	5	1	Ez Mike	Cros1	Vartan							-7	-10	6							-6	-3	-6																																			seed	
Urban Dance Festival 2018	1vs1 Battle of the Year Top 16 Knock-Out	biro flow	NarekTheShow	NarekTheShow	2	3	0	2	1	5	Ez Mike	Cros1	Vartan							8	11	7							13	11	-7																																			seed	
Urban Dance Festival 2018	1vs1 Battle of the Year Top 16 Knock-Out	Moa	Ztimpy	Ztimpy	3	3	1	2	2	7	Ez Mike	Cros1	Vartan							6	18	7							-2	9	-5							12	2	4																										seed	
Urban Dance Festival 2018	1vs1 Battle of the Year Top 16 Knock-Out	killya	LB	LB	2	3	0	2	0	6	Ez Mike	Cros1	Vartan							23	10	10							12	1	6																																			seed	
Urban Dance Festival 2018	1vs1 Battle of the Year Top 16 Knock-Out	NarekTheShow	Dàde	NarekTheShow	2	3	2	0	6	0	Ez Mike	Cros1	Vartan							-19	-10	-15							-12	-9	-16																																			seed	
Urban Dance Festival 2018	1vs1 Battle of the Year Top 16 Knock-Out	Astro	biro flow	biro flow	2	3	0	2	1	5	Ez Mike	Cros1	Vartan							23	14	24							13	12	-8																																			seed	
Urban Dance Festival 2018	1vs1 Battle of the Year Top 16 Knock-Out	Ztimpy	Beat	Ztimpy	2	3	2	0	6	0	Ez Mike	Cros1	Vartan							-38	-8	-12							-5	-5	-8																																			seed	
Urban Dance Festival 2018	1vs1 Battle of the Year Top 16 Knock-Out	prinz henry	Moa	Moa	2	3	0	2	0	6	Ez Mike	Cros1	Vartan							34	11	32							30	14	16																																			seed	
Urban Dance Festival 2018	1vs1 Battle of the Year Top 16 Knock-Out	zealouss	LB	LB	2	3	0	2	0	6	Ez Mike	Cros1	Vartan							44	20	1							19	10	9																																			seed	
Urban Dance Festival 2018	1vs1 Battle of the Year Top 16 Knock-Out	killya	Lucas Paul	killya	2	3	2	0	4	2	Ez Mike	Cros1	Vartan							13	-10	-9							-4	-8	5																																			seed	
Urban Dance Festival 2018	1vs1 Battle of the Year Top 16 Knock-Out	Sleit	Dàde	Dàde	2	3	0	2	0	6	Ez Mike	Cros1	Vartan							4	19	5							11	13	7																																			seed	
Urban Dance Festival 2018	1vs1 Battle of the Year Top 16 Knock-Out	NarekTheShow	drifty	NarekTheShow	2	3	2	0	6	0	Ez Mike	Cros1	Vartan							-4	-5	-13							-7	-13	-10																																			seed	
Urban Dance Festival 2018	1vs1 Battle of the Year Top 16 Knock-Out	Zehr	biro flow	biro flow	2	3	0	2	1	5	Ez Mike	Cros1	Vartan							42	15	-13							35	10	7																																			seed	
Urban Dance Festival 2018	1vs1 Battle of the Year Top 16 Knock-Out	Astro	Tref	Astro	3	3	2	1	6	3	Ez Mike	Cros1	Vartan							5	6	16							-11	-33	-11							-13	-6	-6																										seed	
Outbreak 2018	1vs1 B-Girl Battle Top 16 Knock-Out	Kate	Jilou	Kate	3	5	2	1	11	4	Poe One	Hatsolo	Wing	Felix	Renegade					-27	-24	-12	-14	16					-25	-6	12	7	7					-27	-24	-11	-10	-25																								seed	
Outbreak 2018	1vs1 B-Girl Battle Top 16 Knock-Out	Tazz	Jilou	Jilou	2	5	0	2	2	8	Hatsolo	Poe One	Wing	Felix	Renegade					12	8	11	-4	10					-34	20	6	14	10																																	seed	
Outbreak 2018	1vs1 B-Girl Battle Top 16 Knock-Out	Aga	Kate	Kate	2	5	0	2	0	10	Hatsolo	Poe One	Wing	Felix	Renegade					20	54	12	9	17					21	53	18	9	21																																	seed	
Outbreak 2018	1vs1 B-Girl Battle Top 16 Knock-Out	Jilou	Becca	Jilou	2	5	2	0	10	0	Hatsolo	Poe One	Wing	Felix	Renegade					-32	-11	-15	-14	-19					-22	-25	-17	-6	-20																																	seed	
Outbreak 2018	1vs1 B-Girl Battle Top 16 Knock-Out	Tazz	Paulina	Tazz	2	5	2	0	6	4	Hatsolo	Poe One	Wing	Felix	Renegade					18	-10	-13	23	-17					-25	-21	9	35	-12																																	seed	
Outbreak 2018	1vs1 B-Girl Battle Top 16 Knock-Out	Anita	Kate	Kate	2	5	0	2	1	9	Hatsolo	Poe One	Wing	Felix	Renegade					35	55	10	14	-17					35	54	22	22	21																																	seed	
Outbreak 2018	1vs1 B-Girl Battle Top 16 Knock-Out	Aga	Alessandrina	Aga	2	5	2	0	10	0	Hatsolo	Poe One	Wing	Felix	Renegade					-36	-14	-8	-6	-20					-28	-14	-11	-3	-9																																	seed	
Outbreak 2018	1vs1 B-Girl Battle Top 16 Knock-Out	Kami	Becca	Becca	3	5	1	2	7	8	Hatsolo	Poe One	Wing	Felix	Renegade					-13	-54	10	-25	-10					46	100	-5	8	10					45	56	11	-11	-9																								seed	
Outbreak 2018	1vs1 B-Girl Battle Top 16 Knock-Out	Elettra	Jilou	Jilou	2	5	0	2	0	10	Hatsolo	Poe One	Wing	Felix	Renegade					32	83	16	5	9					42	77	10	15	9																																	seed	
Outbreak 2018	1vs1 B-Girl Battle Top 16 Knock-Out	Madmax	Paulina	Paulina	2	5	0	2	2	8	Hatsolo	Poe One	Wing	Felix	Renegade					10	63	17	-4	15					9	49	9	-8	8																																	seed	
Outbreak 2018	1vs1 B-Girl Battle Top 16 Knock-Out	Flexie	Tazz	Tazz	2	5	0	2	2	8	Hatsolo	Poe One	Wing	Felix	Renegade					-13	74	10	9	10					13	21	-20	6	12																																	seed	
Outbreak 2018	1vs1 B-Girl Battle Top 16 Knock-Out	Kate	Fidget	Kate	2	5	2	0	9	1	Hatsolo	Poe One	Wing	Felix	Renegade					-16	9	-4	-13	-10					-22	-63	-10	-11	-6																																	seed	
Outbreak 2018	1vs1 B-Girl Battle Top 16 Knock-Out	Yana	Anita	Anita	3	5	1	2	5	10	Hatsolo	Poe One	Wing	Felix	Renegade					59	27	16	60	-10					-13	-45	6	-6	-11					27	4	8	28	8																								seed	
Outbreak 2018	1vs1 B-Girl Battle Top 16 Knock-Out	Alessandrina	San Andrea	Alessandrina	3	5	2	1	8	7	Hatsolo	Poe One	Wing	Felix	Renegade					59	53	11	71	6					-17	-16	-24	-83	-8					38	21	-12	-7	-7																								seed	
Outbreak 2018	1vs1 B-Girl Battle Top 16 Knock-Out	Aga	Furia	Aga	2	5	2	0	8	2	Hatsolo	Poe One	Wing	Felix	Renegade					-81	-58	-16	-7	-30					-85	-4	11	5	-21																																	seed	
Outbreak 2018	1vs1 Undisputed Top 32 Knock-Out	Kuzya	Cheerito	Cheerito	1	5	0	1	0	5	Poe One	Hatsolo	Wing	Felix	Renegade					67	14	15	53	37																																										seed	
Outbreak 2018	1vs1 Undisputed Top 32 Knock-Out	Illz	Cheerito	Cheerito	3	5	1	2	8	7	Hatsolo	Poe One	Wing	Felix	Renegade					-20	-58	-6	-5	-16					-15	34	13	-4	8					17	54	15	4	-16																								seed	
Outbreak 2018	1vs1 Undisputed Top 32 Knock-Out	Kid Karam	Kuzya	Kuzya	3	5	1	2	6	9	Hatsolo	Poe One	Wing	Felix	Renegade					-9	-77	-15	-13	-20					100	-41	9	4	15					44	58	11	8	16																								seed	
Outbreak 2018	1vs1 Undisputed Top 32 Knock-Out	Phil Wizard	Cheerito	Cheerito	3	5	1	2	3	12	Hatsolo	Poe One	Wing	Felix	Renegade					-31	-9	16	5	-14					10	85	5	6	8					16	72	11	4	12																								seed	
Outbreak 2018	1vs1 Undisputed Top 32 Knock-Out	LB	Illz	Illz	2	5	0	2	0	10	Hatsolo	Poe One	Wing	Felix	Renegade					33	45	11	7	14					34	53	14	19	14																																	seed	
Outbreak 2018	1vs1 Undisputed Top 32 Knock-Out	Dany	Kuzya	Kuzya	3	5	1	2	5	10	Hatsolo	Poe One	Wing	Felix	Renegade					-14	-47	-21	3	-13					26	-19	10	4	16					31	39	6	7	14																								seed	
Outbreak 2018	1vs1 Undisputed Top 32 Knock-Out	Kid Karam	Ayumi	Kid Karam	2	5	2	0	7	3	Hatsolo	Poe One	Wing	Felix	Renegade					9	-9	-10	-5	-15					-27	11	8	-6	-14																																	seed	
Outbreak 2018	1vs1 Undisputed Top 32 Knock-Out	Mini Joe	Cheerito	Cheerito	2	5	0	2	2	8	Hatsolo	Poe One	Wing	Felix	Renegade					14	-51	-22	6	10					33	81	23	3	12																																	seed	
Outbreak 2018	1vs1 Undisputed Top 32 Knock-Out	Gieras	Phil Wizard	Phil Wizard	2	5	0	2	2	8	Hatsolo	Poe One	Wing	Felix	Renegade					25	-39	16	-6	28					26	77	15	28	19																																	seed	
Outbreak 2018	1vs1 Undisputed Top 32 Knock-Out	Lil G	Illz	Illz	3	5	1	2	3	12	Hatsolo	Poe One	Wing	Felix	Renegade					-10	33	-16	15	-9					48	34	10	5	10					35	26	6	12	13																								seed	
Outbreak 2018	1vs1 Undisputed Top 32 Knock-Out	Sheku	LB	LB	2	5	0	2	0	10	Hatsolo	Poe One	Wing	Felix	Renegade					55	73	17	5	12					35	66	13	7	10																																	seed	
Outbreak 2018	1vs1 Undisputed Top 32 Knock-Out	Kuzya	Kaê	Kuzya	2	5	2	0	9	1	Hatsolo	Poe One	Wing	Felix	Renegade					-35	-70	-17	-11	-13					-39	-33	-10	7	-9																																	seed	
Outbreak 2018	1vs1 Undisputed Top 32 Knock-Out	Nord Diamond	Dany	Dany	3	5	1	2	6	9	Hatsolo	Poe One	Wing	Felix	Renegade					37	83	19	-15	4					15	65	-12	-32	-9					-6	30	19	-12	9																								seed	
Outbreak 2018	1vs1 Undisputed Top 32 Knock-Out	Ayumi	Beetle	Ayumi	2	5	2	0	10	0	Hatsolo	Poe One	Wing	Felix	Renegade					-27	-36	-11	-27	-14					-29	-52	-9	-8	-8																																	seed	
Outbreak 2018	1vs1 Undisputed Top 32 Knock-Out	Kid Karam	Gun	Kid Karam	2	5	2	0	7	3	Hatsolo	Poe One	Wing	Felix	Renegade					-25	-53	12	-17	-12					-15	10	-10	-14	9																																	seed	
Outbreak 2018	1vs1 Undisputed Top 32 Knock-Out	Kastrito	Cheerito	Cheerito	1	5	0	1	0	5	Poe One	Hatsolo	Renegade	Max	Wing					8	64	14	76	21																																										seed	
Outbreak 2018	1vs1 Undisputed Top 32 Knock-Out	Axel	Mini Joe	Mini Joe	1	5	0	1	1	4	Poe One	Hatsolo	Renegade	Max	Wing					20	66	21	-9	5																																										seed	
Outbreak 2018	1vs1 Undisputed Top 32 Knock-Out	Infante	Phil Wizard	Phil Wizard	1	5	0	1	0	5	Poe One	Hatsolo	Renegade	Max	Wing					65	74	32	34	33																																										seed	
Outbreak 2018	1vs1 Undisputed Top 32 Knock-Out	Gieras	Cyga	Gieras	1	5	1	0	3	2	Poe One	Hatsolo	Renegade	Max	Wing					-1	27	10	-11	-26																																										seed	
Outbreak 2018	1vs1 Undisputed Top 32 Knock-Out	Dr. Hill	Illz	Illz	1	5	0	1	2	3	Poe One	Hatsolo	Renegade	Max	Wing					14	33	-19	-18	19																																										seed	
Outbreak 2018	1vs1 Undisputed Top 32 Knock-Out	Lil G	ZipRock	Lil G	1	5	1	0	3	2	Poe One	Hatsolo	Renegade	Max	Wing					9	-39	25	-24	-17																																										seed	
Outbreak 2018	1vs1 Undisputed Top 32 Knock-Out	LB	Ozzi	LB	1	5	1	0	4	1	Poe One	Hatsolo	Renegade	Max	Wing					-56	-19	-22	-24	16																																										seed	
Outbreak 2018	1vs1 Undisputed Top 32 Knock-Out	Sofian	Sheku	Sheku	1	5	0	1	1	4	Poe One	Hatsolo	Renegade	Max	Wing					14	-11	17	10	32																																										seed	
Outbreak 2018	1vs1 Undisputed Top 32 Knock-Out	Kaê	Funny666	Kaê	1	5	1	0	5	0	Poe One	Hatsolo	Renegade	Max	Wing					-24	-67	-17	-90	-49																																										seed	
Outbreak 2018	1vs1 Undisputed Top 32 Knock-Out	Kuzya	Kengo	Kuzya	1	5	1	0	5	0	Poe One	Hatsolo	Renegade	Max	Wing					-100	-84	-36	-75	-44																																										seed	
Outbreak 2018	1vs1 Undisputed Top 32 Knock-Out	Xak	Dany	Dany	1	5	0	1	0	5	Poe One	Hatsolo	Renegade	Max	Wing					47	57	34	25	35																																										seed	
Outbreak 2018	1vs1 Undisputed Top 32 Knock-Out	Moa	Nord Diamond	Nord Diamond	1	5	0	1	2	3	Poe One	Hatsolo	Renegade	Max	Wing					-11	32	28	-51	20																																										seed	
Outbreak 2018	1vs1 Undisputed Top 32 Knock-Out	South Eagle	Beetle	Beetle	1	5	0	1	0	5	Poe One	Hatsolo	Renegade	Max	Wing					75	24	44	20	78																																										seed	
Outbreak 2018	1vs1 Undisputed Top 32 Knock-Out	Ayumi	The Wolfer	Ayumi	1	5	1	0	4	1	Poe One	Hatsolo	Renegade	Max	Wing					-13	42	-18	-28	-18																																										seed	
Outbreak 2018	1vs1 Undisputed Top 32 Knock-Out	Gun	Sapa	Gun	1	5	1	0	3	2	Poe One	Hatsolo	Renegade	Max	Wing					-55	-46	21	43	-19																																										seed	
Outbreak 2018	1vs1 Undisputed Top 32 Knock-Out	Exaggerate	Kid Karam	Kid Karam	1	5	0	1	0	5	Poe One	Hatsolo	Renegade	Max	Wing					90	77	35	18	36																																										seed	
BOTY Balkan 2018	1vs1 B-Girling Top 8 Knock-Out	Nalum	Magoosh	Magoosh	2	3	0	2	2	4	Poe One	Alkolil	Vartan							-15	21	11							-19	12	13																																			seed	
BOTY Balkan 2018	1vs1 B-Girling Top 8 Knock-Out	Snow	Magoosh	Magoosh	1	3	0	1	0	3	Poe One	Alkolil	Vartan							35	15	8																																												seed	
BOTY Balkan 2018	1vs1 B-Girling Top 8 Knock-Out	Nalum	Sidi	Nalum	1	3	1	0	3	0	Poe One	Alkolil	Vartan							-6	-11	-8																																												seed	
BOTY Balkan 2018	1vs1 B-Girling Top 8 Knock-Out	Lusy	Magoosh	Magoosh	1	3	0	1	0	3	Poe One	Alkolil	Vartan							83	53	33																																												seed	
BOTY Balkan 2018	1vs1 B-Girling Top 8 Knock-Out	Mira	Snow	Snow	1	3	0	1	0	3	Poe One	Alkolil	Vartan							12	53	47																																												seed	
BOTY Balkan 2018	1vs1 B-Girling Top 8 Knock-Out	Sidi	Flowless	Sidi	1	3	1	0	3	0	Poe One	Alkolil	Vartan							-83	-55	-27																																												seed	
BOTY Balkan 2018	1vs1 B-Girling Top 8 Knock-Out	Vefa	Nalum	Nalum	1	3	0	1	0	3	Poe One	Alkolil	Vartan							99	70	44																																												seed	
BOTY Balkan 2018	1vs1 Kids Top 16 Knock-Out	Toti	Ellie	Toti	3	3	2	1	5	4	Poe One	Alkolil	Vartan							7	8	16							-22	15	-11							-33	-41	-9																										seed	
BOTY Balkan 2018	1vs1 Kids Top 16 Knock-Out	Ellie	Firebird	Ellie	1	3	1	0	3	0	Poe One	Alkolil	Vartan							-33	-18	-4																																												seed	
BOTY Balkan 2018	1vs1 Kids Top 16 Knock-Out	Toti	Air-T	Toti	1	3	1	0	3	0	Poe One	Alkolil	Vartan							-54	-47	-19																																												seed	
BOTY Balkan 2018	1vs1 Kids Top 16 Knock-Out	Zapci	Firebird	Firebird	1	3	0	1	0	3	Poe One	Alkolil	Vartan							49	100	84																																												seed	
BOTY Balkan 2018	1vs1 Kids Top 16 Knock-Out	Lina	Ellie	Ellie	1	3	0	1	1	2	Poe One	Alkolil	Vartan							59	-19	17																																												seed	
BOTY Balkan 2018	1vs1 Kids Top 16 Knock-Out	Beazt	Air-T	Air-T	1	3	0	1	0	3	Poe One	Alkolil	Vartan							59	29	20																																												seed	
BOTY Balkan 2018	1vs1 Kids Top 16 Knock-Out	Kid Krouts	Toti	Toti	1	3	0	1	0	3	Poe One	Alkolil	Vartan							100	55	24																																												seed	
BOTY Balkan 2018	1vs1 Kids Top 16 Knock-Out	Firebird	Boom	Firebird	1	3	1	0	3	0	Poe One	Alkolil	Vartan							-71	-66	-100																																												seed	
BOTY Balkan 2018	1vs1 Kids Top 16 Knock-Out	Chivy	Zapci	Zapci	1	3	0	1	0	3	Poe One	Alkolil	Vartan							79	45	4																																												seed	
BOTY Balkan 2018	1vs1 Kids Top 16 Knock-Out	Johnathan	Ellie	Ellie	1	3	0	1	0	3	Poe One	Alkolil	Vartan							100	57	69																																												seed	
BOTY Balkan 2018	1vs1 Kids Top 16 Knock-Out	Lina	Tt	Lina	1	3	1	0	3	0	Poe One	Alkolil	Vartan							-1	-77	-19																																												seed	
BOTY Balkan 2018	1vs1 Kids Top 16 Knock-Out	Air-T	Thunder	Air-T	1	3	1	0	3	0	Poe One	Alkolil	Vartan							-43	-49	-78																																												seed	
BOTY Balkan 2018	1vs1 Kids Top 16 Knock-Out	Fotis	Beazt	Beazt	1	3	0	1	0	3	Poe One	Alkolil	Vartan							100	52	69																																												seed	
BOTY Balkan 2018	1vs1 Kids Top 16 Knock-Out	Denis	Toti	Toti	1	3	0	1	0	3	Poe One	Alkolil	Vartan							100	24	77																																												seed	
BOTY Balkan 2018	1vs1 Kids Top 16 Knock-Out	Kid Krouts	Gameover	Kid Krouts	1	3	1	0	2	1	Poe One	Alkolil	Vartan							-4	46	-5																																												seed	
BOTY Balkan 2018	1vs1 Undisputed Top 16 Knock-Out	Mighty Jim	Onel	Onel	3	3	1	2	3	6	Poe One	Alkolil	Vartan							-7	-18	5							36	15	10							7	-23	5																										seed	
BOTY Balkan 2018	1vs1 Undisputed Top 16 Knock-Out	Onel	Tsilismile	Onel	2	3	2	0	6	0	Poe One	Alkolil	Vartan							-35	-26	-17							-22	-23	-12																																			seed	
BOTY Balkan 2018	1vs1 Undisputed Top 16 Knock-Out	Mighty Jim	Drain	Mighty Jim	2	3	2	0	5	1	Poe One	Alkolil	Vartan							-5	12	-14							-27	-17	-8																																			seed	
BOTY Balkan 2018	1vs1 Undisputed Top 16 Knock-Out	Zoob	Tsilismile	Tsilismile	2	3	0	2	0	6	Poe One	Alkolil	Vartan							65	14	21							49	15	16																																			seed	
BOTY Balkan 2018	1vs1 Undisputed Top 16 Knock-Out	Klodison	Onel	Onel	2	3	0	2	1	5	Poe One	Alkolil	Vartan							6	12	16							-7	12	12																																			seed	
BOTY Balkan 2018	1vs1 Undisputed Top 16 Knock-Out	Drain	Cut One	Drain	3	3	2	1	6	3	Poe One	Alkolil	Vartan							-10	17	16							-41	-25	30							-9	-24	-19																										seed	
BOTY Balkan 2018	1vs1 Undisputed Top 16 Knock-Out	Mighty Jim	Mighty Flash	Mighty Jim	2	3	2	0	6	0	Poe One	Alkolil	Vartan							-5	-18	-13							-50	-43	-37																																			seed	
BOTY Balkan 2018	1vs1 Undisputed Top 16 Knock-Out	Tsilismile	Alex	Tsilismile	2	3	2	0	5	1	Poe One	Alkolil	Vartan							6	-26	-9							-8	-33	-23																																			seed	
BOTY Balkan 2018	1vs1 Undisputed Top 16 Knock-Out	Zoob	Revo	Zoob	2	3	2	0	5	1	Poe One	Alkolil	Vartan							-74	-36	-14							-60	-24	15																																			seed	
BOTY Balkan 2018	1vs1 Undisputed Top 16 Knock-Out	Zerow	Onel	Onel	2	3	0	2	1	5	Poe One	Alkolil	Vartan							9	-9	12							54	22	19																																			seed	
BOTY Balkan 2018	1vs1 Undisputed Top 16 Knock-Out	Klodison	Klodian	Klodison	2	3	2	0	5	1	Poe One	Alkolil	Vartan							-41	-13	-11							-8	15	-16																																			seed	
BOTY Balkan 2018	1vs1 Undisputed Top 16 Knock-Out	Cut One	Lee	Cut One	2	3	2	0	6	0	Poe One	Alkolil	Vartan							-19	-23	-31							-27	-22	-32																																			seed	
BOTY Balkan 2018	1vs1 Undisputed Top 16 Knock-Out	Venkata	Drain	Drain	2	3	0	2	0	6	Poe One	Alkolil	Vartan							25	12	38							11	11	26																																			seed	
BOTY Balkan 2018	1vs1 Undisputed Top 16 Knock-Out	Marious	Mighty Flash	Mighty Flash	2	3	0	2	1	5	Poe One	Alkolil	Vartan							24	-9	12							83	24	16																																			seed	
BOTY Balkan 2018	1vs1 Undisputed Top 16 Knock-Out	Mighty Jim	Rockroach Killa	Mighty Jim	2	3	2	0	4	2	Poe One	Alkolil	Vartan							-10	11	-61							-19	10	-62																																			seed	
Austrian Hip Hop Championshop 2018	1vs1 Breaking Top 8 Knock-Out	Changer	Ibot	Ibot	3	3	1	2	4	5	Kometrock	Parrish	Patrix							-4	-7	-14							7	9	-14							3	7	9																										seed	
Austrian Hip Hop Championshop 2018	1vs1 Breaking Top 8 Knock-Out	Marcy Marc	Ibot	Ibot	3	3	1	2	4	5	Parrish	Kometrock	Patrix							4	10	-3							-1	-2	-7							29	2	9																										seed	
Austrian Hip Hop Championshop 2018	1vs1 Breaking Top 8 Knock-Out	Fifty	Changer	Changer	2	3	0	2	2	4	Parrish	Kometrock	Patrix							11	-8	13							1	-2	14																																			seed	
Austrian Hip Hop Championshop 2018	1vs1 Breaking Top 8 Knock-Out	Ghostface	Ibot	Ibot	1	3	0	1	0	3	Parrish	Kometrock	Patrix							4	24	16																																												seed	
Austrian Hip Hop Championshop 2018	1vs1 Breaking Top 8 Knock-Out	Marcy Marc	K.Y.S.	Marcy Marc	1	3	1	0	2	1	Parrish	Kometrock	Patrix							-4	12	-18																																												seed	
Austrian Hip Hop Championshop 2018	1vs1 Breaking Top 8 Knock-Out	Changer	Stump One	Changer	1	3	1	0	2	1	Parrish	Kometrock	Patrix							4	-6	-10																																												seed	
Austrian Hip Hop Championshop 2018	1vs1 Breaking Top 8 Knock-Out	Fifty	Marox	Fifty	1	3	1	0	2	1	Parrish	Kometrock	Patrix							-26	-5	23																																												seed	
Austrian Hip Hop Championshop 2018	1vs1 Breaking Kids Top 8 Knock-Out	Rico	Celio	Celio	3	3	1	2	3	6	Kometrock	Parrish	Patrix							27	-14	-7							6	5	8							6	-1	6																										seed	
Austrian Hip Hop Championshop 2018	1vs1 Breaking Kids Top 8 Knock-Out	Sakul	Celio	Celio	2	3	0	2	1	5	Parrish	Kometrock	Patrix							2	8	13							3	-6	8																																			seed	
Austrian Hip Hop Championshop 2018	1vs1 Breaking Kids Top 8 Knock-Out	Caspar	Rico	Rico	3	3	1	2	2	7	Parrish	Kometrock	Patrix							2	-11	-8							44	7	31							44	12	46																										seed	
Austrian Hip Hop Championshop 2018	1vs1 Breaking Kids Top 8 Knock-Out	Mätze	Celio	Celio	1	3	0	1	0	3	Parrish	Kometrock	Patrix							51	26	31																																												seed	
Austrian Hip Hop Championshop 2018	1vs1 Breaking Kids Top 8 Knock-Out	Sakul	Larry	Sakul	1	3	1	0	3	0	Parrish	Kometrock	Patrix							-30	-11	-33																																												seed	
Austrian Hip Hop Championshop 2018	1vs1 Breaking Kids Top 8 Knock-Out	Rico	Tumi	Rico	1	3	1	0	3	0	Parrish	Kometrock	Patrix							-100	-64	-100																																												seed	
Austrian Hip Hop Championshop 2018	1vs1 Breaking Kids Top 8 Knock-Out	Tobi	Caspar	Caspar	1	3	0	1	0	3	Parrish	Kometrock	Patrix							16	17	15																																												seed	
Dance & Style 2018	1vs1 Battle of the Kids Top 8 Knock-Out	Soner	Marox	Marox	2	3	0	2	0	6	Jaekwon	Stebo	El Vasi							17	7	12							25	6	32																																			seed	
Dance & Style 2018	1vs1 Battle of the Kids Top 8 Knock-Out	Snaky Sarah	Marox	Marox	2	3	0	2	0	6	Jaekwon	Stebo	El Vasi							14	47	6							14	45	9																																			seed	
Dance & Style 2018	1vs1 Battle of the Kids Top 8 Knock-Out	Soner	Maik	Soner	2	3	2	0	5	1	Jaekwon	Stebo	El Vasi							-16	-27	-16							17	-12	-17																																			seed	
Dance & Style 2018	1vs1 Battle of the Kids Top 8 Knock-Out	Sakul	Marox	Marox	2	3	0	2	0	6	Jaekwon	Stebo	El Vasi							20	27	6							23	35	45																																			seed	
Dance & Style 2018	1vs1 Battle of the Kids Top 8 Knock-Out	Snaky Sarah	Samy	Snaky Sarah	2	3	2	0	6	0	Jaekwon	Stebo	El Vasi							-9	-6	-15							-7	-2	-36																																			seed	
Dance & Style 2018	1vs1 Battle of the Kids Top 8 Knock-Out	Maik	Rico	Maik	3	3	2	1	5	4	Jaekwon	Stebo	El Vasi							-11	7	-2							5	-8	4							4	-9	-7																										seed	
Dance & Style 2018	1vs1 Battle of the Kids Top 8 Knock-Out	Soner	Samy Boy	Soner	2	3	2	0	5	1	Jaekwon	Stebo	El Vasi							-11	-17	-15							-8	-25	6																																			seed	
Dance & Style 2018	1vs1 Undisputed Top 16 Knock-Out	The Wolfer	Mogli	The Wolfer	3	3	3	0	8	1	Jaekwon	Stebo	El Vasi							-21	-16	3							-16	-7	-15							-19	-12	-4																										seed	
Dance & Style 2018	1vs1 Undisputed Top 16 Knock-Out	Mogli	Beat	Mogli	3	3	2	1	6	3	Jaekwon	Stebo	El Vasi							8	-3	-5							9	-11	6							-11	-5	-2																										seed	
Dance & Style 2018	1vs1 Undisputed Top 16 Knock-Out	Ibot	The Wolfer	The Wolfer	2	3	0	2	1	5	Jaekwon	Stebo	El Vasi							17	1	-5							20	11	22																																			seed	
Dance & Style 2018	1vs1 Undisputed Top 16 Knock-Out	Beat	Blanco	Beat	2	3	2	0	6	0	Jaekwon	Stebo	El Vasi							-9	-10	-14							-11	-6	-5																																			seed	
Dance & Style 2018	1vs1 Undisputed Top 16 Knock-Out	Zappel	Mogli	Mogli	3	3	1	2	2	7	Jaekwon	Stebo	El Vasi							11	-7	-5							7	12	43							9	11	24																										seed	
Dance & Style 2018	1vs1 Undisputed Top 16 Knock-Out	Kidoum	The Wolfer	The Wolfer	2	3	0	2	0	6	Jaekwon	Stebo	El Vasi							23	37	11							20	39	6																																			seed	
Dance & Style 2018	1vs1 Undisputed Top 16 Knock-Out	Showtime	Ibot	Ibot	2	3	0	2	1	5	Jaekwon	Stebo	El Vasi							19	27	13							16	8	-14																																			seed	
Dance & Style 2018	1vs1 Undisputed Top 16 Knock-Out	Blanco	M.K.	Blanco	2	3	2	0	6	0	Jaekwon	Stebo	El Vasi							-15	-18	-23							-19	-21	-17																																			seed	
Dance & Style 2018	1vs1 Undisputed Top 16 Knock-Out	Vic	Beat	Beat	2	3	0	2	1	5	Jaekwon	Stebo	El Vasi							13	10	8							10	-11	22																																			seed	
Dance & Style 2018	1vs1 Undisputed Top 16 Knock-Out	K.Y.S.	Mogli	Mogli	2	3	0	2	0	6	Jaekwon	Stebo	El Vasi							14	1	7							31	8	9																																			seed	
Dance & Style 2018	1vs1 Undisputed Top 16 Knock-Out	Zappel	Uncrowned	Zappel	2	3	2	0	5	1	Jaekwon	Stebo	El Vasi							-19	-13	-12							-7	-6	19																																			seed	
Dance & Style 2018	1vs1 Undisputed Top 16 Knock-Out	The Wolfer	A.G.	The Wolfer	2	3	2	0	6	0	Jaekwon	Stebo	El Vasi							-29	-27	-12							-30	-40	-52																																			seed	
Dance & Style 2018	1vs1 Undisputed Top 16 Knock-Out	Spitem	Kidoum	Kidoum	3	3	1	2	4	5	Jaekwon	Stebo	El Vasi							-7	8	12							18	-3	-5							17	-5	15																										seed	
Dance & Style 2018	1vs1 Undisputed Top 16 Knock-Out	Philmo	Ibot	Ibot	2	3	0	2	0	6	Jaekwon	Stebo	El Vasi							8	20	23							5	5	9																																			seed	
Dance & Style 2018	1vs1 Undisputed Top 16 Knock-Out	Marox	Showtime	Showtime	2	3	0	2	1	5	Jaekwon	Stebo	El Vasi							3	6	10							-13	3	3																																			seed	
Christkindl Jam 2017	1vs1 Breaking Beginner Top 8 Knock-Out	Tik	Marox	Marox	2	3	0	2	1	5	Jedi Jule	Alex	Sinaya							14	71	-9							48	100	21																																			seed	
Christkindl Jam 2017	1vs1 Breaking Beginner Top 8 Knock-Out	Marox	Lee-On	Marox	1	3	1	0	3	0	Jedi Jule	Alex	Sinaya							-33	-43	-2																																												seed	
Christkindl Jam 2017	1vs1 Breaking Beginner Top 8 Knock-Out	Ella	Tik	Tik	1	3	0	1	0	3	Jedi Jule	Alex	Sinaya							18	4	4																																												seed	
Christkindl Jam 2017	1vs1 Breaking Beginner Top 8 Knock-Out	Rico	Lee-On	Lee-On	1	3	0	1	0	3	Jedi Jule	Alex	Sinaya							15	6	18																																												seed	
Christkindl Jam 2017	1vs1 Breaking Beginner Top 8 Knock-Out	Marox	Philmo	Marox	1	3	1	0	3	0	Jedi Jule	Alex	Sinaya							-33	-50	-31																																												seed	
Christkindl Jam 2017	1vs1 Breaking Beginner Top 8 Knock-Out	Tik	Jascha	Tik	1	3	1	0	2	1	Jedi Jule	Alex	Sinaya							-47	-5	65																																												seed	
Christkindl Jam 2017	1vs1 Breaking Beginner Top 8 Knock-Out	MD	Ella	Ella	1	3	0	1	0	3	Jedi Jule	Alex	Sinaya							62	64	18																																												seed	
BreakSM 2017	1vs1 B-Girl Top 8 Knock-Out	Kettu Brown	Rose One	Rose One	2	3	0	2	1	5	Robin	Simppa	AT							18	-12	15							11	13	13																																			seed	
BreakSM 2017	1vs1 B-Girl Top 8 Knock-Out	Rose One	Bgirl Naiky	Rose One	2	3	2	0	6	0	Robin	Simppa	AT							-4	-9	-7							-39	-12	-21																																			seed	
BreakSM 2017	1vs1 B-Girl Top 8 Knock-Out	Kettu Brown	Bgirl SuperFlinda	Kettu Brown	2	3	2	0	5	1	Robin	Simppa	AT							-1	-16	-10							-3	-12	15																																			seed	
BreakSM 2017	1vs1 B-Girl Top 8 Knock-Out	Bgirl Naiky	K-Killah	Bgirl Naiky	2	3	2	0	6	0	Robin	Simppa	AT							-2	-14	-28							-4	-14	-11																																			seed	
BreakSM 2017	1vs1 B-Girl Top 8 Knock-Out	Sarsu	Rose One	Rose One	2	3	0	2	1	5	Robin	Simppa	AT							8	16	43							-1	12	39																																			seed	
BreakSM 2017	1vs1 B-Girl Top 8 Knock-Out	Namaganda	Bgirl SuperFlinda	Bgirl SuperFlinda	2	3	0	2	1	5	Robin	Simppa	AT							9	-12	30							4	17	9																																			seed	
BreakSM 2017	1vs1 B-Girl Top 8 Knock-Out	A-Skillz	Kettu Brown	Kettu Brown	2	3	0	2	0	6	Robin	Simppa	AT							3	47	44							9	15	11																																			seed	
BreakSM 2017	1vs1 Kids Top 16 Knock-Out	Bgirl Karina	Nixter	Nixter	2	3	0	2	1	5	Robin	Simppa	AT							-4	16	25							2	15	37																																			seed	
BreakSM 2017	1vs1 Kids Top 16 Knock-Out	Bgirl Aleksia	Nixter	Nixter	3	3	1	2	2	7	Robin	Simppa	AT							-4	-11	45							100	32	48							100	23	31																										seed	
BreakSM 2017	1vs1 Kids Top 16 Knock-Out	Lil Musketeer	Bgirl Karina	Bgirl Karina	2	3	0	2	1	5	Robin	Simppa	AT							8	24	-12							100	43	56																																			seed	
BreakSM 2017	1vs1 Kids Top 16 Knock-Out	Bboy Lukas	Nixter	Nixter	1	3	0	1	0	3	Robin	Simppa	AT							29	62	77																																												seed	
BreakSM 2017	1vs1 Kids Top 16 Knock-Out	Bboy Devid	Bgirl Aleksia	Bgirl Aleksia	1	3	0	1	0	3	Robin	Simppa	AT							2	59	26																																												seed	
BreakSM 2017	1vs1 Kids Top 16 Knock-Out	Bgirl Liza	Bgirl Karina	Bgirl Karina	1	3	0	1	0	3	Robin	Simppa	AT							8	17	59																																												seed	
BreakSM 2017	1vs1 Kids Top 16 Knock-Out	Bboy Zenja	Lil Musketeer	Lil Musketeer	1	3	0	1	1	2	Robin	Simppa	AT							2	-16	11																																												seed	
BreakSM 2017	1vs1 Kids Top 16 Knock-Out	Nixter	Bonksteri	Nixter	1	3	1	0	3	0	Robin	Simppa	AT							-100	-64	-86																																												seed	
BreakSM 2017	1vs1 Kids Top 16 Knock-Out	Bboy Noppa	Bboy Lukas	Bboy Lukas	1	3	0	1	0	3	Robin	Simppa	AT							2	29	32																																												seed	
BreakSM 2017	1vs1 Kids Top 16 Knock-Out	ElDomi	Bgirl Aleksia	Bgirl Aleksia	1	3	0	1	0	3	Robin	Simppa	AT							100	25	70																																												seed	
BreakSM 2017	1vs1 Kids Top 16 Knock-Out	Bboy Devid	Puskeva Härkä	Bboy Devid	1	3	1	0	3	0	Robin	Simppa	AT							-4	-26	-7																																												seed	
BreakSM 2017	1vs1 Kids Top 16 Knock-Out	Bgirl Karina	Dice	Bgirl Karina	1	3	1	0	3	0	Robin	Simppa	AT							-100	-16	-33																																												seed	
BreakSM 2017	1vs1 Kids Top 16 Knock-Out	Dee-Boy	Bgirl Liza	Bgirl Liza	1	3	0	1	0	3	Robin	Simppa	AT							17	19	11																																												seed	
BreakSM 2017	1vs1 Kids Top 16 Knock-Out	McAhti	Lil Musketeer	Lil Musketeer	1	3	0	1	0	3	Robin	Simppa	AT							10	13	11																																												seed	
BreakSM 2017	1vs1 Kids Top 16 Knock-Out	Bboy Zenja	Ofi	Bboy Zenja	1	3	1	0	3	0	Robin	Simppa	AT							-10	-9	-39																																												seed	
BreakSM 2017	1vs1 B-Boy Top 8 Knock-Out	Sparks	Guns	Guns	2	3	0	2	0	6	Robin	Simppa	AT							6	35	15							16	22	21																																			seed	
BreakSM 2017	1vs1 B-Boy Top 8 Knock-Out	OBI	Guns	Guns	2	3	0	2	1	5	Robin	Simppa	AT							-4	17	26							9	11	25																																			seed	
BreakSM 2017	1vs1 B-Boy Top 8 Knock-Out	Niklas	Sparks	Sparks	2	3	0	2	1	5	Robin	Simppa	AT							1	-9	21							4	18	14																																			seed	
BreakSM 2017	1vs1 B-Boy Top 8 Knock-Out	Rebus	Guns	Guns	2	3	0	2	1	5	Robin	Simppa	AT							1	16	-7							3	18	18																																			seed	
BreakSM 2017	1vs1 B-Boy Top 8 Knock-Out	Bboy Spaghetti	OBI	OBI	2	3	0	2	1	5	Robin	Simppa	AT							-4	19	8							1	8	12																																			seed	
BreakSM 2017	1vs1 B-Boy Top 8 Knock-Out	Sparks	Gust	Sparks	3	3	2	1	7	2	Robin	Simppa	AT							-1	10	7							-10	-12	-9							-8	-12	-9																										seed	
BreakSM 2017	1vs1 B-Boy Top 8 Knock-Out	Stepa	Niklas	Niklas	3	3	1	2	4	5	Robin	Simppa	AT							-7	-2	45							-10	18	17							1	24	-19																										seed	
BOTY Central Europe 2017	1vs1 Battle of the Kids Top 16 Knock-Out	Banana Joe	Wolf	Wolf	3	3	1	2	3	6	Cico	Funky Mike	Artur							14	-6	-9							18	11	-4							12	21	45																										seed	
BOTY Central Europe 2017	1vs1 Battle of the Kids Top 16 Knock-Out	Lotus	Wolf	Wolf	2	3	0	2	1	5	Artur	Cico	Funky Mike							13	15	22							10	29	-4																																			seed	
BOTY Central Europe 2017	1vs1 Battle of the Kids Top 16 Knock-Out	Ibot	Banana Joe	Banana Joe	2	3	0	2	1	5	Artur	Cico	Funky Mike							13	14	64							-6	10	14																																			seed	
BOTY Central Europe 2017	1vs1 Battle of the Kids Top 16 Knock-Out	Wolf	Stepis	Wolf	2	3	2	0	6	0	Artur	Cico	Funky Mike							-7	-20	-9							-10	-13	-6																																			seed	
BOTY Central Europe 2017	1vs1 Battle of the Kids Top 16 Knock-Out	Lotus	Marox	Lotus	2	3	2	0	6	0	Artur	Cico	Funky Mike							-18	-18	-2							-13	-36	-10																																			seed	
BOTY Central Europe 2017	1vs1 Battle of the Kids Top 16 Knock-Out	Think	Banana Joe	Banana Joe	2	3	0	2	1	5	Artur	Cico	Funky Mike							16	-17	14							19	12	8																																			seed	
BOTY Central Europe 2017	1vs1 Battle of the Kids Top 16 Knock-Out	Tik-Tak	Ibot	Ibot	2	3	0	2	1	5	Artur	Cico	Funky Mike							-16	15	18							57	11	11																																			seed	
BOTY Central Europe 2017	1vs1 Battle of the Kids Top 16 Knock-Out	Stepis	Smile	Stepis	2	3	2	0	5	1	Artur	Cico	Funky Mike							-18	8	-15							-100	-35	-21																																			seed	
BOTY Central Europe 2017	1vs1 Battle of the Kids Top 16 Knock-Out	Jacob	Wolf	Wolf	2	3	0	2	1	5	Artur	Cico	Funky Mike							58	-8	7							63	58	54																																			seed	
BOTY Central Europe 2017	1vs1 Battle of the Kids Top 16 Knock-Out	Zefir	Marox	Marox	2	3	0	2	1	5	Artur	Cico	Funky Mike							10	-12	2							28	15	8																																			seed	
BOTY Central Europe 2017	1vs1 Battle of the Kids Top 16 Knock-Out	Sascia	Lotus	Lotus	2	3	0	2	0	6	Artur	Cico	Funky Mike							100	40	12							51	61	13																																			seed	
BOTY Central Europe 2017	1vs1 Battle of the Kids Top 16 Knock-Out	Banana Joe	Kid Tiger	Banana Joe	2	3	2	0	6	0	Artur	Cico	Funky Mike							-6	-12	-84							-66	-16	-33																																			seed	
BOTY Central Europe 2017	1vs1 Battle of the Kids Top 16 Knock-Out	Mint	Think	Think	2	3	0	2	0	6	Artur	Cico	Funky Mike							11	65	6							14	59	10																																			seed	
BOTY Central Europe 2017	1vs1 Battle of the Kids Top 16 Knock-Out	Milo	Ibot	Ibot	3	3	1	2	5	4	Artur	Cico	Funky Mike							-12	37	1							-6	-6	-5							-35	8	5																										seed	
BOTY Central Europe 2017	1vs1 Battle of the Kids Top 16 Knock-Out	Flash	Tik-Tak	Tik-Tak	2	3	0	2	2	4	Artur	Cico	Funky Mike							14	-5	13							15	-7	3																																			seed	
Outbreak 2017	1vs1 B-Girl Battle Top 16 Knock-Out	Sarah bee	Kate	Kate	3	3	0	3	3	6	Yan	Casper	Poe One							57	30	-13							19	26	-9							18	13	-15																										seed	
Outbreak 2017	1vs1 B-Girl Battle Top 16 Knock-Out	Nanana	Kate	Kate	2	3	0	2	0	6	Yan	Casper	Poe One							100	79	100							5	35	83																																			seed	
Outbreak 2017	1vs1 B-Girl Battle Top 16 Knock-Out	Paulina	Sarah bee	Sarah bee	2	3	0	2	2	4	Yan	Casper	Poe One							-34	25	75							-49	7	1																																			seed	
Outbreak 2017	1vs1 B-Girl Battle Top 16 Knock-Out	Loopi	Kate	Kate	2	3	0	2	2	4	Yan	Casper	Poe One							6	52	-9							3	41	-33																																			seed	
Outbreak 2017	1vs1 B-Girl Battle Top 16 Knock-Out	Nanana	Tazz	Nanana	2	3	2	0	5	1	Yan	Casper	Poe One							-29	-34	11							-70	-44	-7																																			seed	
Outbreak 2017	1vs1 B-Girl Battle Top 16 Knock-Out	Shadow Seeker	Sarah bee	Sarah bee	2	3	0	2	0	6	Yan	Casper	Poe One							36	36	33							67	82	63																																			seed	
Outbreak 2017	1vs1 B-Girl Battle Top 16 Knock-Out	Paulina	Maxime	Paulina	2	3	2	0	4	2	Yan	Casper	Poe One							-43	17	-9							-19	-13	5																																			seed	
Outbreak 2017	1vs1 B-Girl Battle Top 16 Knock-Out	Kate	Zana	Kate	2	3	2	0	6	0	Yan	Casper	Poe One							-100	-37	-77							-45	-57	-77																																			seed	
Outbreak 2017	1vs1 B-Girl Battle Top 16 Knock-Out	Lady Fury	Loopi	Loopi	3	3	1	2	4	5	Yan	Casper	Poe One							-21	9	21							-72	-10	44							-19	5	27																										seed	
Outbreak 2017	1vs1 B-Girl Battle Top 16 Knock-Out	Tazz	Jilou	Tazz	2	3	2	0	4	2	Yan	Casper	Poe One							-18	-10	10							20	-11	-8																																			seed	
Outbreak 2017	1vs1 B-Girl Battle Top 16 Knock-Out	Vinilla	Nanana	Nanana	2	3	0	2	2	4	Yan	Casper	Poe One							23	4	-12							18	6	-13																																			seed	
Outbreak 2017	1vs1 B-Girl Battle Top 16 Knock-Out	Sarah bee	Yurie	Sarah bee	2	3	2	0	5	1	Yan	Casper	Poe One							-40	-16	25							-57	-100	-66																																			seed	
Outbreak 2017	1vs1 B-Girl Battle Top 16 Knock-Out	Ramona	Shadow Seeker	Shadow Seeker	3	3	1	2	4	5	Yan	Casper	Poe One							-40	-11	-59							62	10	55							22	7	-22																										seed	
Outbreak 2017	1vs1 B-Girl Battle Top 16 Knock-Out	Maxime	Kami	Maxime	2	3	2	0	5	1	Yan	Casper	Poe One							-100	-17	-49							-59	-7	31																																			seed	
Outbreak 2017	1vs1 B-Girl Battle Top 16 Knock-Out	Flexie	Paulina	Paulina	2	3	0	2	0	6	Yan	Casper	Poe One							100	19	10							100	20	39																																			seed	
Outbreak 2017	1vs1 Undisputed Top 32 Knock-Out	Victor	Uzeerock	Victor	3	5	3	0	13	2	Reveal	Yan	Casper	Poe One	Renegade					-27	-97	-11	-10	-56					-59	-54	-15	-65	-34					-10	-7	17	30	-30																								seed	
Outbreak 2017	1vs1 Undisputed Top 32 Knock-Out	Kuzya	Uzeerock	Uzeerock	3	5	1	2	6	9	Reveal	Yan	Casper	Poe One	Renegade					-82	-10	10	-64	-17					20	61	18	82	-11					14	56	34	88	-9																								seed	
Outbreak 2017	1vs1 Undisputed Top 32 Knock-Out	Victor	Thomaz	Victor	2	5	2	0	9	1	Reveal	Yan	Casper	Poe One	Renegade					-14	-75	10	-96	-15					-100	-100	-100	-100	-43																																	seed	
Outbreak 2017	1vs1 Undisputed Top 32 Knock-Out	Lussy Sky	Uzeerock	Uzeerock	2	5	0	2	1	9	Reveal	Yan	Casper	Poe One	Renegade					25	35	-13	86	13					100	100	100	100	8																																	seed	
Outbreak 2017	1vs1 Undisputed Top 32 Knock-Out	LB	Kuzya	Kuzya	2	5	0	2	2	8	Reveal	Yan	Casper	Poe One	Renegade					53	64	42	58	6					-16	20	19	17	-7																																	seed	
Outbreak 2017	1vs1 Undisputed Top 32 Knock-Out	Thomaz	The Wolfer	Thomaz	2	5	2	0	10	0	Reveal	Yan	Casper	Poe One	Renegade					-89	-19	-62	-9	-6					-71	-13	-37	-10	-6																																	seed	
Outbreak 2017	1vs1 Undisputed Top 32 Knock-Out	Victor	Twister	Victor	2	5	2	0	7	3	Reveal	Yan	Casper	Poe One	Renegade					-79	-17	-13	6	-20					-14	-87	19	5	-5																																	seed	
Outbreak 2017	1vs1 Undisputed Top 32 Knock-Out	Uzeerock	Roxrite	Uzeerock	3	5	2	1	8	7	Reveal	Yan	Casper	Poe One	Renegade					19	-24	7	-48	-19					71	95	34	84	18					-100	-89	-72	-85	-24																								seed	
Outbreak 2017	1vs1 Undisputed Top 32 Knock-Out	Admiracles	Lussy Sky	Lussy Sky	2	5	0	2	2	8	Reveal	Yan	Casper	Poe One	Renegade					-22	-16	11	37	16					37	11	25	61	8																																	seed	
Outbreak 2017	1vs1 Undisputed Top 32 Knock-Out	Kuzya	Snake	Kuzya	2	5	2	0	10	0	Reveal	Yan	Casper	Poe One	Renegade					-23	-77	-52	-52	-32					-20	-22	-72	-36	-39																																	seed	
Outbreak 2017	1vs1 Undisputed Top 32 Knock-Out	LB	Grin	LB	2	5	2	0	9	1	Reveal	Yan	Casper	Poe One	Renegade					-78	31	-44	-22	-9					-62	-40	-61	-93	-10																																	seed	
Outbreak 2017	1vs1 Undisputed Top 32 Knock-Out	The Wolfer	Spin	The Wolfer	2	5	2	0	9	1	Reveal	Yan	Casper	Poe One	Renegade					-61	-100	-56	-49	-8					17	-23	-16	-26	-8																																	seed	
Outbreak 2017	1vs1 Undisputed Top 32 Knock-Out	Shigekix	Thomaz	Thomaz	2	5	0	2	2	8	Reveal	Yan	Casper	Poe One	Renegade					-18	67	50	12	6					15	100	57	23	-7																																	seed	
Outbreak 2017	1vs1 Undisputed Top 32 Knock-Out	Tirock	Twister	Twister	2	5	0	2	2	8	Reveal	Yan	Casper	Poe One	Renegade					77	45	-26	-44	6					25	85	28	23	4																																	seed	
Outbreak 2017	1vs1 Undisputed Top 32 Knock-Out	Victor	Kido	Victor	2	5	2	0	10	0	Reveal	Yan	Casper	Poe One	Renegade					-100	-84	-36	-74	-28					-100	-100	-49	-83	-14																																	seed	
Outbreak 2017	1vs1 Undisputed Top 32 Knock-Out	Roxrite	Kerry	Roxrite	1	5	1	0	5	0	Poe One	Renegade	Casper	Reveal	Yan					-44	-10	-27	-72	-93																																										seed	
Outbreak 2017	1vs1 Undisputed Top 32 Knock-Out	Uzeerock	CRO	Uzeerock	1	5	1	0	5	0	Poe One	Renegade	Casper	Reveal	Yan					-98	-5	-100	-49	-59																																										seed	
Outbreak 2017	1vs1 Undisputed Top 32 Knock-Out	Lussy Sky	Shifter	Lussy Sky	1	5	1	0	5	0	Poe One	Renegade	Casper	Reveal	Yan					-60	-14	-71	-100	-85																																										seed	
Outbreak 2017	1vs1 Undisputed Top 32 Knock-Out	Admiracles	Tricky	Admiracles	1	5	1	0	4	1	Poe One	Renegade	Casper	Reveal	Yan					-49	-8	-40	10	-92																																										seed	
Outbreak 2017	1vs1 Undisputed Top 32 Knock-Out	Snake	Baby OG	Snake	1	5	1	0	4	1	Poe One	Renegade	Casper	Reveal	Yan					-88	5	-100	-11	-100																																										seed	
Outbreak 2017	1vs1 Undisputed Top 32 Knock-Out	Kuzya	Noindex	Kuzya	1	5	1	0	5	0	Poe One	Renegade	Casper	Reveal	Yan					-34	-10	-16	-10	-21																																										seed	
Outbreak 2017	1vs1 Undisputed Top 32 Knock-Out	Grin	Shane	Grin	1	5	1	0	3	2	Poe One	Renegade	Casper	Reveal	Yan					-100	-7	22	-18	63																																										seed	
Outbreak 2017	1vs1 Undisputed Top 32 Knock-Out	Sapa	LB	LB	1	5	0	1	2	3	Poe One	Renegade	Casper	Reveal	Yan					67	-6	100	16	-67																																										seed	
Outbreak 2017	1vs1 Undisputed Top 32 Knock-Out	Alvarone	Spin	Spin	1	5	0	1	1	4	Poe One	Renegade	Casper	Reveal	Yan					88	6	-100	19	27																																										seed	
Outbreak 2017	1vs1 Undisputed Top 32 Knock-Out	The Wolfer	Kid Karam	The Wolfer	1	5	1	0	3	2	Poe One	Renegade	Casper	Reveal	Yan					-22	15	-16	35	-100																																										seed	
Outbreak 2017	1vs1 Undisputed Top 32 Knock-Out	Thomaz	Motindonfan	Thomaz	1	5	1	0	4	1	Poe One	Renegade	Casper	Reveal	Yan					-90	-34	-100	18	-30																																										seed	
Outbreak 2017	1vs1 Undisputed Top 32 Knock-Out	Andre	Shigekix	Shigekix	1	5	0	1	0	5	Poe One	Renegade	Casper	Reveal	Yan					100	40	10	100	59																																										seed	
Outbreak 2017	1vs1 Undisputed Top 32 Knock-Out	Bee D	Twister	Twister	1	5	0	1	0	5	Poe One	Renegade	Casper	Reveal	Yan					86	13	100	73	100																																										seed	
Outbreak 2017	1vs1 Undisputed Top 32 Knock-Out	Tirock	Mowgly	Tirock	1	5	1	0	5	0	Poe One	Renegade	Casper	Reveal	Yan					-56	-21	-100	-17	-10																																										seed	
Outbreak 2017	1vs1 Undisputed Top 32 Knock-Out	Kido	Pluto	Kido	1	5	1	0	3	2	Poe One	Renegade	Casper	Reveal	Yan					-11	-8	-9	7	100																																										seed	
Outbreak 2017	1vs1 Undisputed Top 32 Knock-Out	Vision	Victor	Victor	1	5	0	1	0	5	Poe One	Renegade	Casper	Reveal	Yan					29	56	100	100	60																																										seed	
Austrian Hip Hop Championshop 2017	1vs1 B-Boying ADULTS Top 8 Knock-Out	BeNasty	Killian	BeNasty	2	3	2	0	4	2	Chris Cross	Kometrock	Parrish							-12	-3	14							-22	6	-6																																			seed	
Austrian Hip Hop Championshop 2017	1vs1 B-Boying ADULTS Top 8 Knock-Out	Bboy Changer	Killian	Killian	2	3	0	2	0	6	Chris Cross	Kometrock	Parrish							16	23	3							52	12	39																																			seed	
Austrian Hip Hop Championshop 2017	1vs1 B-Boying ADULTS Top 8 Knock-Out	BeNasty	Mogli	BeNasty	2	3	2	0	6	0	Chris Cross	Kometrock	Parrish							-12	-4	-4							-56	-5	-27																																			seed	
Austrian Hip Hop Championshop 2017	1vs1 B-Boying ADULTS Top 8 Knock-Out	Donjelo	Killian	Killian	1	3	0	1	1	2	Chris Cross	Kometrock	Parrish							-3	9	9																																												seed	
Austrian Hip Hop Championshop 2017	1vs1 B-Boying ADULTS Top 8 Knock-Out	Bboy Changer	Shyguy	Bboy Changer	1	3	1	0	2	1	Chris Cross	Kometrock	Parrish							18	-10	-5																																												seed	
Austrian Hip Hop Championshop 2017	1vs1 B-Boying ADULTS Top 8 Knock-Out	Mogli	Blanco	Mogli	1	3	1	0	3	0	Chris Cross	Kometrock	Parrish							-22	-20	-13																																												seed	
Austrian Hip Hop Championshop 2017	1vs1 B-Boying ADULTS Top 8 Knock-Out	Ghostface	BeNasty	BeNasty	1	3	0	1	0	3	Chris Cross	Kometrock	Parrish							21	9	5																																												seed	
Austrian Hip Hop Championshop 2017	1vs1 B-Boying JUNIORS Top 8 Knock-Out	Lil Chris	Marox	Marox	3	3	1	2	4	5	El Vasi	Kometrock	Parrish							30	-3	36							-15	-8	30							7	-7	37																										seed	
Austrian Hip Hop Championshop 2017	1vs1 B-Boying JUNIORS Top 8 Knock-Out	Marox	Airwalk	Marox	2	3	2	0	4	2	El Vasi	Kometrock	Parrish							5	-3	-5							-6	8	-38																																			seed	
Austrian Hip Hop Championshop 2017	1vs1 B-Boying JUNIORS Top 8 Knock-Out	Lil Chris	Tik	Lil Chris	2	3	2	0	5	1	El Vasi	Kometrock	Parrish							-18	-10	-4							6	-20	-15																																			seed	
Austrian Hip Hop Championshop 2017	1vs1 B-Boying JUNIORS Top 8 Knock-Out	Infinity	Airwalk	Airwalk	1	3	0	1	0	3	El Vasi	Kometrock	Parrish							5	8	6																																												seed	
Austrian Hip Hop Championshop 2017	1vs1 B-Boying JUNIORS Top 8 Knock-Out	Marox	Bboy Dream	Marox	1	3	1	0	2	1	El Vasi	Kometrock	Parrish							-7	28	-29																																												seed	
Austrian Hip Hop Championshop 2017	1vs1 B-Boying JUNIORS Top 8 Knock-Out	K.Y.S.	Tik	Tik	1	3	0	1	0	3	El Vasi	Kometrock	Parrish							7	3	6																																												seed	
Austrian Hip Hop Championshop 2017	1vs1 B-Boying JUNIORS Top 8 Knock-Out	Lil Chris	Bboy Ghost	Lil Chris	1	3	1	0	3	0	El Vasi	Kometrock	Parrish							-25	-15	-5																																												seed	
BC One Austria 2017	1vs1 B-Boying Top 36 Knock-Out	El Vasi	Jaekwon	Jaekwon	1	3	0	1	0	3	Lil Zoo	Lil G	Lamine							19	60	41																																												seed	
BC One Austria 2017	1vs1 B-Boying Top 36 Knock-Out	Alex	Patrix	Alex	1	3	1	0	2	1	Lil Zoo	Lil G	Lamine							54	-42	-1																																												seed	
BC One Austria 2017	1vs1 B-Boying Top 36 Knock-Out	Marci Marc	Cicov	Cicov	1	3	0	1	0	3	Lil Zoo	Lil G	Lamine							100	51	38																																												seed	
BC One Austria 2017	1vs1 B-Boying Top 36 Knock-Out	Showtime	Dr. Ill	Dr. Ill	1	3	0	1	0	3	Lil Zoo	Lil G	Lamine							33	50	45																																												seed	
BC One Austria 2017	1vs1 B-Boying Top 36 Knock-Out	Blanco	Intus	Intus	1	3	0	1	1	2	Lil Zoo	Lil G	Lamine							39	60	-43																																												seed	
BC One Austria 2017	1vs1 B-Boying Top 36 Knock-Out	Harlekin	Kidoum	Harlekin	1	3	1	0	3	0	Lil Zoo	Lil G	Lamine							-41	-40	-35																																												seed	
BC One Austria 2017	1vs1 B-Boying Top 36 Knock-Out	Donjelo	Jedi Jul	Donjelo	1	3	1	0	3	0	Lil Zoo	Lil G	Lamine							-41	-40	-31																																												seed	
BC One Austria 2017	1vs1 B-Boying Top 36 Knock-Out	Coolboy	Lil Sunji	Coolboy	1	3	1	0	2	1	Lil Zoo	Lil G	Lamine							-49	31	-3																																												seed	
BC One Austria 2017	1vs1 B-Boying Top 36 Knock-Out	Vitali	Koda	Vitali	1	3	1	0	3	0	Lil Zoo	Lil G	Lamine							-46	-40	-37																																												seed	
BC One Austria 2017	1vs1 B-Boying Top 36 Knock-Out	Jaekwon	Uncrowned	Jaekwon	1	3	1	0	3	0	Lil Zoo	Lil G	Lamine							-60	-65	-12																																												seed	
BC One Austria 2017	1vs1 B-Boying Top 36 Knock-Out	Patrix	Funky chicken	Patrix	1	3	1	0	3	0	Lil Zoo	Lil G	Lamine							-48	-40	-70																																												seed	
BC One Austria 2017	1vs1 B-Boying Top 36 Knock-Out	Cicov	Hoomi	Cicov	1	3	1	0	2	1	Lil Zoo	Lil G	Lamine							50	-46	-21																																												seed	
BC One Austria 2017	1vs1 B-Boying Top 36 Knock-Out	Dr. Ill	Guti	Dr. Ill	1	3	1	0	3	0	Lil Zoo	Lil G	Lamine							-64	-40	-24																																												seed	
BC One Austria 2017	1vs1 B-Boying Top 36 Knock-Out	Intus	Bgirl Fancy	Intus	1	3	1	0	3	0	Lil Zoo	Lil G	Lamine							-50	-35	-30																																												seed	
BC One Austria 2017	1vs1 B-Boying Top 36 Knock-Out	Kidoum	Mellow	Kidoum	1	3	1	0	2	1	Lil Zoo	Lil G	Lamine							-40	-20	21																																												seed	
BC One Austria 2017	1vs1 B-Boying Top 36 Knock-Out	Jedi Jul	Elli Funk	Jedi Jul	1	3	1	0	3	0	Lil Zoo	Lil G	Lamine							-37	-25	-39																																												seed	
BC One Austria 2017	1vs1 B-Boying Top 36 Knock-Out	Amin	Lil Sunji	Lil Sunji	1	3	0	1	1	2	Lil Zoo	Lil G	Lamine							38	35	-20																																												seed	
BC One Austria 2017	1vs1 B-Boying Top 36 Knock-Out	Sinaia	Koda	Koda	1	3	0	1	0	3	Lil Zoo	Lil G	Lamine							44	55	60																																												seed	
BC One Austria 2017	1vs1 B-Boying Top 36 Knock-Out	El Vasi	Kid Lavic	El Vasi	1	3	1	0	2	1	Lil Zoo	Lil G	Lamine							-70	-25	3																																												seed	
BC One Austria 2017	1vs1 B-Boying Top 36 Knock-Out	Alex	MadMax	Alex	1	3	1	0	2	1	Lil Zoo	Lil G	Lamine							59	-36	-31																																												seed	
BC One Austria 2017	1vs1 B-Boying Top 36 Knock-Out	Zappel	Marci Marc	Marci Marc	1	3	0	1	1	2	Lil Zoo	Lil G	Lamine							70	38	-7																																												seed	
BC One Austria 2017	1vs1 B-Boying Top 36 Knock-Out	Showtime	LackiStrike	Showtime	1	3	1	0	2	1	Lil Zoo	Lil G	Lamine							-43	-40	21																																												seed	
BC One Austria 2017	1vs1 B-Boying Top 36 Knock-Out	Blanco	Sophiela	Blanco	1	3	1	0	3	0	Lil Zoo	Lil G	Lamine							-44	-31	-65																																												seed	
BC One Austria 2017	1vs1 B-Boying Top 36 Knock-Out	Harlekin	Phreez	Harlekin	1	3	1	0	3	0	Lil Zoo	Lil G	Lamine							-46	-40	-42																																												seed	
BC One Austria 2017	1vs1 B-Boying Top 36 Knock-Out	Donjelo	Fabmasta	Donjelo	1	3	1	0	3	0	Lil Zoo	Lil G	Lamine							-44	-40	-30																																												seed	
BC One Austria 2017	1vs1 B-Boying Top 36 Knock-Out	FeeLing	Coolboy	Coolboy	1	3	0	1	0	3	Lil Zoo	Lil G	Lamine							61	45	41																																												seed	
BC One Austria 2017	1vs1 B-Boying Top 36 Knock-Out	Leeto	Vitali	Vitali	1	3	0	1	0	3	Lil Zoo	Lil G	Lamine							85	50	45																																												seed	
Urban Art Session 2017	1vs1 Breakbattle Top 8 Knock-Out	Blanco	Rock'n'Rolli	Rock'n'Rolli	4	3	1	3	4	8	Lilou	Storm	Knuffelbunt							-15	2	-26							18	18	30							14	7	-12							-6	3	17																	seed	
Urban Art Session 2017	1vs1 Breakbattle Top 8 Knock-Out	Rock'n'Rolli	El Vasi	Rock'n'Rolli	3	3	2	1	6	3	Lilou	Storm	Knuffelbunt							12	-3	-15							5	-29	12							-21	-14	-12																										seed	
Urban Art Session 2017	1vs1 Breakbattle Top 8 Knock-Out	Mogli	Blanco	Blanco	3	3	1	2	4	5	Lilou	Storm	Knuffelbunt							-3	-9	-39							20	3	-36							29	4	19																										seed	
Urban Art Session 2017	1vs1 Breakbattle Top 8 Knock-Out	El Vasi	Harlekin	El Vasi	3	3	2	1	4	5	Lilou	Storm	Knuffelbunt							16	15	12							-5	3	-13							3	-9	-14																										seed	
Urban Art Session 2017	1vs1 Breakbattle Top 8 Knock-Out	Ghostface	Rock'n'Rolli	Rock'n'Rolli	3	3	1	2	2	7	Lilou	Storm	Knuffelbunt							15	11	31							-7	-5	7							7	6	23																										seed	
Urban Art Session 2017	1vs1 Breakbattle Top 8 Knock-Out	Blanco	Fee Ling	Blanco	2	3	2	0	5	1	Lilou	Storm	Knuffelbunt							-25	-8	-6							-9	-5	13																																			seed	
Urban Art Session 2017	1vs1 Breakbattle Top 8 Knock-Out	Mogli	Intus	Mogli	2	3	2	0	5	1	Lilou	Storm	Knuffelbunt							17	-5	-9							-15	-8	-21																																			seed	
Dance & Style Battle 2017	1vs1 Breaking Adults Top 16 Knock-Out	Beat the Young Hustler	Intus	Beat the Young Hustler	3	3	3	0	9	0	Goofy	High-Knee	Jaekwon							-13	-21	-9							-11	-10	-8							-36	-7	-10																										seed	
Dance & Style Battle 2017	1vs1 Breaking Adults Top 16 Knock-Out	Intus	Honza	Intus	3	3	2	1	5	4	Goofy	High-Knee	Jaekwon							-10	-8	8							3	16	-6							-11	6	-3																										seed	
Dance & Style Battle 2017	1vs1 Breaking Adults Top 16 Knock-Out	Beat the Young Hustler	Harlekin	Beat the Young Hustler	2	3	2	0	5	1	Goofy	High-Knee	Jaekwon							-9	-4	-10							9	-5	-11																																			seed	
Dance & Style Battle 2017	1vs1 Breaking Adults Top 16 Knock-Out	Fee Ling	Honza	Honza	2	3	0	2	0	6	Goofy	High-Knee	Jaekwon							11	19	13							9	24	14																																			seed	
Dance & Style Battle 2017	1vs1 Breaking Adults Top 16 Knock-Out	Intus	ShowTime	Intus	2	3	2	0	5	1	Goofy	High-Knee	Jaekwon							-11	7	-7							-10	-13	-15																																			seed	
Dance & Style Battle 2017	1vs1 Breaking Adults Top 16 Knock-Out	Uncrowned	Harlekin	Harlekin	2	3	0	2	0	6	Goofy	High-Knee	Jaekwon							10	6	3							9	16	8																																			seed	
Dance & Style Battle 2017	1vs1 Breaking Adults Top 16 Knock-Out	Amigo	Beat the Young Hustler	Beat the Young Hustler	3	3	1	2	2	7	Goofy	High-Knee	Jaekwon							-11	14	-6							13	12	13							10	12	7																										seed	
Dance & Style Battle 2017	1vs1 Breaking Adults Top 16 Knock-Out	Honza	Tronix	Honza	2	3	2	0	6	0	Goofy	High-Knee	Jaekwon							-11	-35	-26							-8	-32	-26																																			seed	
Dance & Style Battle 2017	1vs1 Breaking Adults Top 16 Knock-Out	Kidoum	Fee Ling	Fee Ling	2	3	0	2	0	6	Goofy	High-Knee	Jaekwon							8	13	14							6	14	3																																			seed	
Dance & Style Battle 2017	1vs1 Breaking Adults Top 16 Knock-Out	AirWalk	ShowTime	ShowTime	2	3	0	2	0	6	Goofy	High-Knee	Jaekwon							10	24	17							7	37	11																																			seed	
Dance & Style Battle 2017	1vs1 Breaking Adults Top 16 Knock-Out	Intus	LackiStrike	Intus	2	3	2	0	6	0	Goofy	High-Knee	Jaekwon							-15	-12	-18							-13	-7	-12																																			seed	
Dance & Style Battle 2017	1vs1 Breaking Adults Top 16 Knock-Out	Harlekin	Impact	Harlekin	2	3	2	0	6	0	Goofy	High-Knee	Jaekwon							-10	-18	-25							-10	-4	-15																																			seed	
Dance & Style Battle 2017	1vs1 Breaking Adults Top 16 Knock-Out	Uncrowned	Sevone	Uncrowned	2	3	2	0	4	2	Goofy	High-Knee	Jaekwon							15	-7	-9							9	-4	-13																																			seed	
Dance & Style Battle 2017	1vs1 Breaking Adults Top 16 Knock-Out	Bboy K.Y.S.	Beat the Young Hustler	Beat the Young Hustler	2	3	0	2	0	6	Goofy	High-Knee	Jaekwon							15	21	21							17	7	15																																			seed	
Dance & Style Battle 2017	1vs1 Breaking Adults Top 16 Knock-Out	Amigo	Phreez	Amigo	2	3	2	0	4	2	Goofy	High-Knee	Jaekwon							9	-8	-10							-11	10	-10																																			seed	
Dance & Style Battle 2017	1vs1 Breaking Kids Top 8 Knock-Out	Marox	¦těpis	¦těpis	3	3	1	2	3	6	Goofy	High-Knee	Jaekwon							-12	-5	7							17	12	4							12	13	-4																										seed	
Dance & Style Battle 2017	1vs1 Breaking Kids Top 8 Knock-Out	Philmo	¦těpis	¦těpis	1	3	0	1	0	3	Goofy	High-Knee	Jaekwon							10	20	11																																												seed	
Dance & Style Battle 2017	1vs1 Breaking Kids Top 8 Knock-Out	Marox	bboy Majko	Marox	1	3	1	0	2	1	Goofy	High-Knee	Jaekwon							5	-12	-5																																												seed	
Dance & Style Battle 2017	1vs1 Breaking Kids Top 8 Knock-Out	Vic	¦těpis	¦těpis	1	3	0	1	0	3	Goofy	High-Knee	Jaekwon							13	20	9																																												seed	
Dance & Style Battle 2017	1vs1 Breaking Kids Top 8 Knock-Out	Philmo	Li'l Chris	Philmo	1	3	1	0	2	1	Goofy	High-Knee	Jaekwon							6	-16	-10																																												seed	
Dance & Style Battle 2017	1vs1 Breaking Kids Top 8 Knock-Out	bboy Majko	Leon	bboy Majko	1	3	1	0	3	0	Goofy	High-Knee	Jaekwon							-11	-20	-7																																												seed	
Dance & Style Battle 2017	1vs1 Breaking Kids Top 8 Knock-Out	Alex	Marox	Marox	1	3	0	1	0	3	Goofy	High-Knee	Jaekwon							5	10	6																																												seed	
Groove Session 2016	1vs1 B-Girls Battle (up to 14) Top 8 Knock-Out	B-Girl Cyn	Jin	B-Girl Cyn	1	3	1	0	2	1	Becca	Osga	Ez Mike							28	-36	-100																																												seed	
Groove Session 2016	1vs1 B-Girls Battle (up to 14) Top 8 Knock-Out	Jin	Danae	Jin	1	3	1	0	2	1	Becca	Osga	Ez Mike							-8	3	-9																																												seed	
Groove Session 2016	1vs1 B-Girls Battle (up to 14) Top 8 Knock-Out	B-Girl Cyn	Emma	B-Girl Cyn	1	3	1	0	3	0	Becca	Osga	Ez Mike							-100	-56	-43																																												seed	
Groove Session 2016	1vs1 B-Girls Battle (up to 14) Top 8 Knock-Out	manon	Danae	Danae	1	3	0	1	0	3	Becca	Osga	Ez Mike							38	53	71																																												seed	
Groove Session 2016	1vs1 B-Girls Battle (up to 14) Top 8 Knock-Out	Noémie	Jin	Jin	1	3	0	1	1	2	Becca	Osga	Ez Mike							23	-6	28																																												seed	
Groove Session 2016	1vs1 B-Girls Battle (up to 14) Top 8 Knock-Out	Emma	Lil' Shy	Emma	1	3	1	0	3	0	Becca	Osga	Ez Mike							-97	-100	-50																																												seed	
Groove Session 2016	1vs1 B-Girls Battle (up to 14) Top 8 Knock-Out	lucie	B-Girl Cyn	B-Girl Cyn	1	3	0	1	0	3	Becca	Osga	Ez Mike							81	66	80																																												seed	
Groove Session 2016	1vs1 Kids Battle (12-14) Top 8 Knock-Out	Flo	Kevi Kev	Kevi Kev	1	3	0	1	0	3	Becca	Osga	Ez Mike							29	100	100																																												seed	
Groove Session 2016	1vs1 Kids Battle (12-14) Top 8 Knock-Out	Qiuliano	Kevi Kev	Kevi Kev	1	3	0	1	0	3	Becca	Osga	Ez Mike							43	9	10																																												seed	
Groove Session 2016	1vs1 Kids Battle (12-14) Top 8 Knock-Out	Flo	Teo (Resistance)	Flo	1	3	1	0	2	1	Becca	Osga	Ez Mike							10	-8	-38																																												seed	
Groove Session 2016	1vs1 Kids Battle (12-14) Top 8 Knock-Out	Samurai Smash	Kevi Kev	Kevi Kev	1	3	0	1	0	3	Becca	Osga	Ez Mike							40	100	40																																												seed	
Groove Session 2016	1vs1 Kids Battle (12-14) Top 8 Knock-Out	Tito	Qiuliano	Qiuliano	1	3	0	1	1	2	Becca	Osga	Ez Mike							-10	75	12																																												seed	
Groove Session 2016	1vs1 Kids Battle (12-14) Top 8 Knock-Out	Kira	Teo (Resistance)	Teo (Resistance)	1	3	0	1	0	3	Becca	Osga	Ez Mike							11	41	18																																												seed	
Groove Session 2016	1vs1 Kids Battle (12-14) Top 8 Knock-Out	Flo	Bruhce	Flo	1	3	1	0	3	0	Becca	Osga	Ez Mike							-11	-68	-32																																												seed	
Groove Session 2016	1vs1 Kids Battle (15-17) Top 4 Knock-Out	Lou	Rick	Lou	1	3	1	0	2	1	Jazzy Jess	Johnny Boy	Osga							11	-3	-62																																												seed	
Groove Session 2016	1vs1 Kids Battle (15-17) Top 4 Knock-Out	Leo (Street Warriors)	Rick	Rick	1	3	0	1	0	3	Jazzy Jess	Johnny Boy	Gohan							27	70	9																																												seed	
Groove Session 2016	1vs1 Kids Battle (15-17) Top 4 Knock-Out	Milos	Lou	Lou	1	3	0	1	0	3	Jazzy Jess	Johnny Boy	Gohan							8	82	6																																												seed	
Groove Session 2016	1vs1 Kids Battle (9-11) Top 16 Knock-Out	Lotus	RyZer	RyZer	1	3	0	1	1	2	Jazzy Jess	Johnny Boy	Osga							-7	10	100																																												seed	
Groove Session 2016	1vs1 Kids Battle (9-11) Top 16 Knock-Out	RyZer	Scheggia	RyZer	1	3	1	0	2	1	Jazzy Jess	Johnny Boy	Gohan							18	-13	-67																																												seed	
Groove Session 2016	1vs1 Kids Battle (9-11) Top 16 Knock-Out	Damien	Lotus	Lotus	1	3	0	1	0	3	Jazzy Jess	Johnny Boy	Gohan							52	88	82																																												seed	
Groove Session 2016	1vs1 Kids Battle (9-11) Top 16 Knock-Out	Bastien	Scheggia	Scheggia	1	3	0	1	0	3	Jazzy Jess	Johnny Boy	Gohan							76	88	68																																												seed	
Groove Session 2016	1vs1 Kids Battle (9-11) Top 16 Knock-Out	Lif	RyZer	RyZer	1	3	0	1	0	3	Jazzy Jess	Johnny Boy	Gohan							87	75	22																																												seed	
Groove Session 2016	1vs1 Kids Battle (9-11) Top 16 Knock-Out	Aydan	Lotus	Lotus	1	3	0	1	0	3	Jazzy Jess	Johnny Boy	Gohan							92	51	54																																												seed	
Groove Session 2016	1vs1 Kids Battle (9-11) Top 16 Knock-Out	smile	Damien	Damien	1	3	0	1	0	3	Jazzy Jess	Johnny Boy	Gohan							59	84	27																																												seed	
Groove Session 2016	1vs1 Kids Battle (9-11) Top 16 Knock-Out	Scheggia	Corentin	Scheggia	1	3	1	0	3	0	Jazzy Jess	Johnny Boy	Gohan							-100	-100	-98																																												seed	
Groove Session 2016	1vs1 Kids Battle (9-11) Top 16 Knock-Out	Marlon	Bastien	Bastien	1	3	0	1	1	2	Jazzy Jess	Johnny Boy	Gohan							87	19	-34																																												seed	
Groove Session 2016	1vs1 Kids Battle (9-11) Top 16 Knock-Out	Micka	RyZer	RyZer	1	3	0	1	0	3	Jazzy Jess	Johnny Boy	Gohan							100	73	78																																												seed	
Groove Session 2016	1vs1 Kids Battle (9-11) Top 16 Knock-Out	Elia	Lif	Lif	1	3	0	1	1	2	Jazzy Jess	Johnny Boy	Gohan							18	12	-23																																												seed	
Groove Session 2016	1vs1 Kids Battle (9-11) Top 16 Knock-Out	Lotus	manon	Lotus	1	3	1	0	3	0	Jazzy Jess	Johnny Boy	Gohan							-100	-100	-58																																												seed	
Groove Session 2016	1vs1 Kids Battle (9-11) Top 16 Knock-Out	Alan	Aydan	Aydan	1	3	0	1	0	3	Jazzy Jess	Johnny Boy	Gohan							15	100	87																																												seed	
Groove Session 2016	1vs1 Kids Battle (9-11) Top 16 Knock-Out	Julien	Damien	Damien	1	3	0	1	0	3	Jazzy Jess	Johnny Boy	Gohan							63	100	75																																												seed	
Groove Session 2016	1vs1 Kids Battle (9-11) Top 16 Knock-Out	D-Rock	smile	smile	1	3	0	1	1	2	Jazzy Jess	Johnny Boy	Gohan							-42	17	37																																												seed	
Groove Session 2016	1vs1 Kids Battle (up to 8) Top 8 Knock-Out	Jox	Sean	Sean	1	3	0	1	0	3	Becca	Osga	Ez Mike							45	100	75																																												seed	
Groove Session 2016	1vs1 Kids Battle (up to 8) Top 8 Knock-Out	Sean	Liam	Sean	1	3	1	0	3	0	Becca	Osga	Ez Mike							-44	-89	-100																																												seed	
Groove Session 2016	1vs1 Kids Battle (up to 8) Top 8 Knock-Out	Quentin	Jox	Jox	1	3	0	1	0	3	Becca	Osga	Ez Mike							21	11	10																																												seed	
Groove Session 2016	1vs1 Kids Battle (up to 8) Top 8 Knock-Out	Victor	Liam	Liam	1	3	0	1	1	2	Becca	Osga	Ez Mike							55	-4	13																																												seed	
Groove Session 2016	1vs1 Kids Battle (up to 8) Top 8 Knock-Out	Sean	Eliott	Sean	1	3	1	0	3	0	Becca	Osga	Ez Mike							-39	-100	-71																																												seed	
Groove Session 2016	1vs1 Kids Battle (up to 8) Top 8 Knock-Out	Dixon	Jox	Jox	1	3	0	1	1	2	Becca	Osga	Ez Mike							54	9	-21																																												seed	
Groove Session 2016	1vs1 Kids Battle (up to 8) Top 8 Knock-Out	Sevan	Quentin	Quentin	1	3	0	1	0	3	Becca	Osga	Ez Mike							42	57	16																																												seed	
BOTY CE 2016	BOTY 1vs1 Kids Top 16 Knock-Out	Ibot	Banana Joe	Banana Joe	2	3	0	2	0	6	Menno	Artur	Funky Mike							17	32	7							10	69	15																																			seed	
BOTY CE 2016	BOTY 1vs1 Kids Top 16 Knock-Out	Marox	Banana Joe	Banana Joe	3	3	1	2	4	5	Menno	Artur	Funky Mike							-25	-22	-4							13	26	15							-16	14	6																										seed	
BOTY CE 2016	BOTY 1vs1 Kids Top 16 Knock-Out	Ibot	Flo	Ibot	2	3	2	0	5	1	Menno	Artur	Funky Mike							-50	-6	-7							-63	-23	4																																			seed	
BOTY CE 2016	BOTY 1vs1 Kids Top 16 Knock-Out	Mat	Banana Joe	Banana Joe	1	3	0	1	0	3	Menno	Artur	Funky Mike							73	29	58																																												seed	
BOTY CE 2016	BOTY 1vs1 Kids Top 16 Knock-Out	Marox	Mateo	Marox	1	3	1	0	2	1	Menno	Artur	Funky Mike							-19	-20	10																																												seed	
BOTY CE 2016	BOTY 1vs1 Kids Top 16 Knock-Out	Flo	Lucky Lu	Flo	1	3	1	0	3	0	Menno	Artur	Funky Mike							-26	-49	-14																																												seed	
BOTY CE 2016	BOTY 1vs1 Kids Top 16 Knock-Out	BBoy Rouxi	Ibot	Ibot	1	3	0	1	0	3	Menno	Artur	Funky Mike							59	2	12																																												seed	
BOTY CE 2016	BOTY 1vs1 Kids Top 16 Knock-Out	BGirl Cyn	Banana Joe	Banana Joe	1	3	0	1	0	3	Menno	Artur	Funky Mike							81	27	80																																												seed	
BOTY CE 2016	BOTY 1vs1 Kids Top 16 Knock-Out	Mat	NOA	Mat	1	3	1	0	3	0	Menno	Artur	Funky Mike							-25	-24	-9																																												seed	
BOTY CE 2016	BOTY 1vs1 Kids Top 16 Knock-Out	Tito	Mateo	Mateo	1	3	0	1	1	2	Menno	Artur	Funky Mike							-7	8	11																																												seed	
BOTY CE 2016	BOTY 1vs1 Kids Top 16 Knock-Out	Janis	Marox	Marox	1	3	0	1	0	3	Menno	Artur	Funky Mike							64	25	8																																												seed	
BOTY CE 2016	BOTY 1vs1 Kids Top 16 Knock-Out	Lucky Lu	Micha	Lucky Lu	1	3	1	0	2	1	Menno	Artur	Funky Mike							-11	9	-16																																												seed	
BOTY CE 2016	BOTY 1vs1 Kids Top 16 Knock-Out	Lil Diaz	Flo	Flo	1	3	0	1	0	3	Menno	Artur	Funky Mike							27	74	87																																												seed	
BOTY CE 2016	BOTY 1vs1 Kids Top 16 Knock-Out	Shyne	Ibot	Ibot	1	3	0	1	0	3	Menno	Artur	Funky Mike							79	85	21																																												seed	
BOTY CE 2016	BOTY 1vs1 Kids Top 16 Knock-Out	Jérone	BBoy Rouxi	BBoy Rouxi	1	3	0	1	0	3	Menno	Artur	Funky Mike							38	85	17																																												seed	
BOTY CE 2016	BOTY 1vs1 Undisputed Top 16 Knock-Out	Basil	Spin	Spin	3	3	0	3	3	6	Menno	Artur	Funky Mike							14	10	-7							13	-10	7							13	26	-13																										seed	
BOTY CE 2016	BOTY 1vs1 Undisputed Top 16 Knock-Out	Spin	Baby OG	Spin	2	3	2	0	5	1	Menno	Artur	Funky Mike							-10	-34	6							-20	-19	-16																																			seed	
BOTY CE 2016	BOTY 1vs1 Undisputed Top 16 Knock-Out	Basil	Calle	Basil	2	3	2	0	5	1	Menno	Artur	Funky Mike							35	-22	-15							-7	-13	-11																																			seed	
BOTY CE 2016	BOTY 1vs1 Undisputed Top 16 Knock-Out	Kennex	Baby OG	Baby OG	3	3	1	2	2	7	Menno	Artur	Funky Mike							-12	-12	15							41	5	11							39	30	2																										seed	
BOTY CE 2016	BOTY 1vs1 Undisputed Top 16 Knock-Out	Spin	Patrix	Spin	2	3	2	0	5	1	Menno	Artur	Funky Mike							-8	-10	11							-20	-9	-38																																			seed	
BOTY CE 2016	BOTY 1vs1 Undisputed Top 16 Knock-Out	Rocka	Calle	Calle	2	3	0	2	0	6	Menno	Artur	Funky Mike							33	14	20							37	7	17																																			seed	
BOTY CE 2016	BOTY 1vs1 Undisputed Top 16 Knock-Out	Tomi	Basil	Basil	3	3	1	2	2	7	Menno	Artur	Funky Mike							31	34	18							-8	-7	16							56	33	11																										seed	
BOTY CE 2016	BOTY 1vs1 Undisputed Top 16 Knock-Out	Baby OG	Kilian	Baby OG	2	3	2	0	6	0	Menno	Artur	Funky Mike							-31	-12	-73							-49	-8	-42																																			seed	
BOTY CE 2016	BOTY 1vs1 Undisputed Top 16 Knock-Out	Kennex	F-Arrow	Kennex	2	3	2	0	4	2	Menno	Artur	Funky Mike							-19	16	-8							-21	-8	9																																			seed	
BOTY CE 2016	BOTY 1vs1 Undisputed Top 16 Knock-Out	Patrix	Wen	Patrix	2	3	2	0	5	1	Menno	Artur	Funky Mike							-40	-24	-8							12	-19	-9																																			seed	
BOTY CE 2016	BOTY 1vs1 Undisputed Top 16 Knock-Out	Imran	Spin	Spin	2	3	0	2	0	6	Menno	Artur	Funky Mike							11	5	20							46	26	32																																			seed	
BOTY CE 2016	BOTY 1vs1 Undisputed Top 16 Knock-Out	Avatar Joe	Calle	Calle	2	3	0	2	2	4	Menno	Artur	Funky Mike							51	39	-9							41	7	-11																																			seed	
BOTY CE 2016	BOTY 1vs1 Undisputed Top 16 Knock-Out	No-Mercy	Rocka	Rocka	2	3	0	2	1	5	Menno	Artur	Funky Mike							25	10	-11							14	60	9																																			seed	
BOTY CE 2016	BOTY 1vs1 Undisputed Top 16 Knock-Out	Basil	Arif	Basil	2	3	2	0	6	0	Menno	Artur	Funky Mike							-24	-7	-41							-18	-48	-22																																			seed	
BOTY CE 2016	BOTY 1vs1 Undisputed Top 16 Knock-Out	Mogli	Tomi	Tomi	3	3	1	2	4	5	Menno	Artur	Funky Mike							-53	-55	-10							25	49	-15							10	9	5																										seed	
BadenBreaks 2025	1vs1 B-Girl Kids Top 16 KnockOut	Flowness	Power	Flowness	2	3	2	0	6	0	Tuff Kid	SoFly	Tomifly							-43	-3	-39							-29	-4	-15																																		2025-01-25	and8	https://and8.dance/en/stats/reports/4655/2169/?data=1&x=615&y=175&w=1225&type=r
BadenBreaks 2025	1vs1 B-Girl Kids Top 16 KnockOut	Elastik	Queenbee	Queenbee	2	3	0	2	0	6	Tuff Kid	SoFly	Tomifly							32	25	49							50	1	10																																		2025-01-25	and8	https://and8.dance/en/stats/reports/4655/2169/?data=1&x=615&y=525&w=1225&type=r
BadenBreaks 2025	1vs1 B-Girl Kids Top 16 KnockOut	Power	Queenbee	Power	2	3	2	0	4	2	Tuff Kid	SoFly	Tomifly							-46	-1	43							-13	-5	34																																		2025-01-25	and8	https://and8.dance/en/stats/reports/4655/2169/?data=1&x=745&y=360&w=1225&type=r
BadenBreaks 2025	1vs1 B-Girl Kids Top 16 KnockOut	Flowness	Elastik	Flowness	2	3	2	0	6	0	Tuff Kid	SoFly	Tomifly							-52	-3	-56							-37	-3	-35																																		2025-01-25	and8	https://and8.dance/en/stats/reports/4655/2169/?data=1&x=480&y=360&w=1225&type=r
BadenBreaks 2025	1vs1 B-Girl Kids Top 16 KnockOut	Mina	Queenbee	Queenbee	2	3	0	2	1	5	Tuff Kid	SoFly	Tomifly							53	-1	57							100	50	59																																		2025-01-25	and8	https://and8.dance/en/stats/reports/4655/2169/?data=1&x=785&y=495&w=1225&type=r
BadenBreaks 2025	1vs1 B-Girl Kids Top 16 KnockOut	Speedy	Power	Power	2	3	0	2	1	5	Tuff Kid	SoFly	Tomifly							60	-3	49							66	13	21																																		2025-01-25	and8	https://and8.dance/en/stats/reports/4655/2169/?data=1&x=785&y=225&w=1225&type=r
BadenBreaks 2025	1vs1 B-Girl Kids Top 16 KnockOut	Laryday	Elastik	Elastik	2	3	0	2	0	6	Tuff Kid	SoFly	Tomifly							43	3	50							87	13	69																																		2025-01-25	and8	https://and8.dance/en/stats/reports/4655/2169/?data=1&x=440&y=495&w=1225&type=r
BadenBreaks 2025	1vs1 B-Girl Kids Top 16 KnockOut	Kalouna	Flowness	Flowness	2	3	0	2	0	6	Tuff Kid	SoFly	Tomifly							23	2	70							56	3	29																																		2025-01-25	and8	https://and8.dance/en/stats/reports/4655/2169/?data=1&x=440&y=225&w=1225&type=r
BadenBreaks 2025	1vs1 B-Girl Kids Top 16 KnockOut	Queenbee	Kiu-T	Queenbee	1	3	1	0	3	0	Tuff Kid	SoFly	Tomifly							-55	-56	-72																																											2025-01-25	and8	https://and8.dance/en/stats/reports/4655/2169/?data=1&x=1085&y=540&w=1225&type=r
BadenBreaks 2025	1vs1 B-Girl Kids Top 16 KnockOut	Jojo	Mina	Mina	1	3	0	1	0	3	Tuff Kid	SoFly	Tomifly							88	21	28																																											2025-01-25	and8	https://and8.dance/en/stats/reports/4655/2169/?data=1&x=1085&y=405&w=1225&type=r
BadenBreaks 2025	1vs1 B-Girl Kids Top 16 KnockOut	Laura	Power	Power	1	3	0	1	0	3	Tuff Kid	SoFly	Tomifly							95	8	52																																											2025-01-25	and8	https://and8.dance/en/stats/reports/4655/2169/?data=1&x=1085&y=270&w=1225&type=r
BadenBreaks 2025	1vs1 B-Girl Kids Top 16 KnockOut	Speedy	Caro	Speedy	1	3	1	0	3	0	Tuff Kid	SoFly	Tomifly							-84	-42	-27																																											2025-01-25	and8	https://and8.dance/en/stats/reports/4655/2169/?data=1&x=1085&y=135&w=1225&type=r
BadenBreaks 2025	1vs1 B-Girl Kids Top 16 KnockOut	Elastik	L!LOU	Elastik	1	3	1	0	3	0	Tuff Kid	SoFly	Tomifly							-87	-87	-48																																											2025-01-25	and8	https://and8.dance/en/stats/reports/4655/2169/?data=1&x=135&y=540&w=1225&type=r
BadenBreaks 2025	1vs1 B-Girl Kids Top 16 KnockOut	Laryday	May-One	Laryday	1	3	1	0	2	1	Tuff Kid	SoFly	Tomifly							-66	-3	21																																											2025-01-25	and8	https://and8.dance/en/stats/reports/4655/2169/?data=1&x=135&y=405&w=1225&type=r
BadenBreaks 2025	1vs1 B-Girl Kids Top 16 KnockOut	Chicoreva	Flowness	Flowness	1	3	0	1	0	3	Tuff Kid	SoFly	Tomifly							93	85	53																																											2025-01-25	and8	https://and8.dance/en/stats/reports/4655/2169/?data=1&x=135&y=270&w=1225&type=r
BadenBreaks 2025	1vs1 B-Girl Kids Top 16 KnockOut	Kalouna	JuKnow	Kalouna	1	3	1	0	3	0	Tuff Kid	SoFly	Tomifly							-82	-38	-70																																											2025-01-25	and8	https://and8.dance/en/stats/reports/4655/2169/?data=1&x=135&y=135&w=1225&type=r
BadenBreaks 2025	1vs1 B-Boy Kids Top 16 KnockOut	Tiger Venice	Roman	Roman	2	3	0	2	0	6	Tuff Kid	SoFly	Tomifly							60	1	10							58	21	23																																		2025-01-25	and8	https://and8.dance/en/stats/reports/4655/2170/?data=1&x=615&y=175&w=1225&type=r
BadenBreaks 2025	1vs1 B-Boy Kids Top 16 KnockOut	Lil‘Li	King AJ	King AJ	3	3	1	2	4	5	Tuff Kid	SoFly	Tomifly							30	-2	20							-31	-2	12							-61	1	18																									2025-01-25	and8	https://and8.dance/en/stats/reports/4655/2170/?data=1&x=615&y=525&w=1225&type=r
BadenBreaks 2025	1vs1 B-Boy Kids Top 16 KnockOut	Roman	King AJ	Roman	1	3	1	0	3	0	Tuff Kid	SoFly	Tomifly							-34	-46	-11																																											2025-01-25	and8	https://and8.dance/en/stats/reports/4655/2170/?data=1&x=745&y=360&w=1225&type=r
BadenBreaks 2025	1vs1 B-Boy Kids Top 16 KnockOut	Lil‘Li	Tiger Venice	Tiger Venice	1	3	0	1	0	3	Tuff Kid	SoFly	Tomifly							14	24	29																																											2025-01-25	and8	https://and8.dance/en/stats/reports/4655/2170/?data=1&x=480&y=360&w=1225&type=r
BadenBreaks 2025	1vs1 B-Boy Kids Top 16 KnockOut	King AJ	JT	King AJ	1	3	1	0	3	0	Tuff Kid	SoFly	Tomifly							-55	-7	-17																																											2025-01-25	and8	https://and8.dance/en/stats/reports/4655/2170/?data=1&x=785&y=495&w=1225&type=r
BadenBreaks 2025	1vs1 B-Boy Kids Top 16 KnockOut	Paxton	Roman	Roman	1	3	0	1	0	3	Tuff Kid	SoFly	Tomifly							78	25	39																																											2025-01-25	and8	https://and8.dance/en/stats/reports/4655/2170/?data=1&x=785&y=225&w=1225&type=r
BadenBreaks 2025	1vs1 B-Boy Kids Top 16 KnockOut	V-Star	Tiger Venice	Tiger Venice	1	3	0	1	0	3	Tuff Kid	SoFly	Tomifly							23	12	34																																											2025-01-25	and8	https://and8.dance/en/stats/reports/4655/2170/?data=1&x=440&y=495&w=1225&type=r
BadenBreaks 2025	1vs1 B-Boy Kids Top 16 KnockOut	Snix	Lil‘Li	Lil‘Li	1	3	0	1	0	3	Tuff Kid	SoFly	Tomifly							41	11	40																																											2025-01-25	and8	https://and8.dance/en/stats/reports/4655/2170/?data=1&x=440&y=225&w=1225&type=r
BadenBreaks 2025	1vs1 B-Boy Kids Top 16 KnockOut	Champ	JT	JT	1	3	0	1	1	2	Tuff Kid	SoFly	Tomifly							53	-3	22																																											2025-01-25	and8	https://and8.dance/en/stats/reports/4655/2170/?data=1&x=1085&y=540&w=1225&type=r
BadenBreaks 2025	1vs1 B-Boy Kids Top 16 KnockOut	Aaron	King AJ	King AJ	1	3	0	1	0	3	Tuff Kid	SoFly	Tomifly							54	4	7																																											2025-01-25	and8	https://and8.dance/en/stats/reports/4655/2170/?data=1&x=1085&y=405&w=1225&type=r
BadenBreaks 2025	1vs1 B-Boy Kids Top 16 KnockOut	Leano	Roman	Roman	1	3	0	1	0	3	Tuff Kid	SoFly	Tomifly							68	18	50																																											2025-01-25	and8	https://and8.dance/en/stats/reports/4655/2170/?data=1&x=1085&y=270&w=1225&type=r
BadenBreaks 2025	1vs1 B-Boy Kids Top 16 KnockOut	Rost	Paxton	Paxton	1	3	0	1	1	2	Tuff Kid	SoFly	Tomifly							49	14	-9																																											2025-01-25	and8	https://and8.dance/en/stats/reports/4655/2170/?data=1&x=1085&y=135&w=1225&type=r
BadenBreaks 2025	1vs1 B-Boy Kids Top 16 KnockOut	Tiger Venice	Dario	Tiger Venice	1	3	1	0	3	0	Tuff Kid	SoFly	Tomifly							-61	-39	-40																																											2025-01-25	and8	https://and8.dance/en/stats/reports/4655/2170/?data=1&x=135&y=540&w=1225&type=r
BadenBreaks 2025	1vs1 B-Boy Kids Top 16 KnockOut	Pistol-G	V-Star	V-Star	1	3	0	1	1	2	Tuff Kid	SoFly	Tomifly							57	-4	39																																											2025-01-25	and8	https://and8.dance/en/stats/reports/4655/2170/?data=1&x=135&y=405&w=1225&type=r
BadenBreaks 2025	1vs1 B-Boy Kids Top 16 KnockOut	Lil‘Li	Nono	Lil‘Li	1	3	1	0	3	0	Tuff Kid	SoFly	Tomifly							-69	-33	-34																																											2025-01-25	and8	https://and8.dance/en/stats/reports/4655/2170/?data=1&x=135&y=270&w=1225&type=r
BadenBreaks 2025	1vs1 B-Boy Kids Top 16 KnockOut	Snix	Lil J	Snix	1	3	1	0	2	1	Tuff Kid	SoFly	Tomifly							64	-5	-14																																											2025-01-25	and8	https://and8.dance/en/stats/reports/4655/2170/?data=1&x=135&y=135&w=1225&type=r
BadenBreaks 2025	1vs1 B-Girl Juniors Top 8 KnockOut	ZiyaFlex	Jade	ZiyaFlex	3	3	2	1	7	2	Tuff Kid	SoFly	Tomifly							-39	-13	-42							-10	-14	-38							100	-2	57																									2025-01-25	and8	https://and8.dance/en/stats/reports/4655/2171/?data=1&x=615&y=280&w=1225&type=r
BadenBreaks 2025	1vs1 B-Girl Juniors Top 8 KnockOut	Nora	Alissa	Alissa	2	3	0	2	1	5	Tuff Kid	SoFly	Tomifly							-30	18	50							67	37	33																																		2025-01-25	and8	https://and8.dance/en/stats/reports/4655/2171/?data=1&x=615&y=465&w=1225&type=r
BadenBreaks 2025	1vs1 B-Girl Juniors Top 8 KnockOut	Alissa	Jade	Jade	2	3	0	2	0	6	Tuff Kid	SoFly	Tomifly							40	31	24							44	36	35																																		2025-01-25	and8	https://and8.dance/en/stats/reports/4655/2171/?data=1&x=760&y=360&w=1225&type=r
BadenBreaks 2025	1vs1 B-Girl Juniors Top 8 KnockOut	Nora	ZiyaFlex	ZiyaFlex	2	3	0	2	0	6	Tuff Kid	SoFly	Tomifly							41	28	58							94	8	62																																		2025-01-25	and8	https://and8.dance/en/stats/reports/4655/2171/?data=1&x=465&y=360&w=1225&type=r
BadenBreaks 2025	1vs1 B-Girl Juniors Top 8 KnockOut	Jade	Maria	Jade	2	3	2	0	6	0	Tuff Kid	SoFly	Tomifly							-43	-33	-53							-63	-29	-40																																		2025-01-25	and8	https://and8.dance/en/stats/reports/4655/2171/?data=1&x=980&y=430&w=1225&type=r
BadenBreaks 2025	1vs1 B-Girl Juniors Top 8 KnockOut	Alissa	Spin	Alissa	3	3	2	1	6	3	Tuff Kid	SoFly	Tomifly							-9	-36	29							14	-35	31							-13	-14	-29																									2025-01-25	and8	https://and8.dance/en/stats/reports/4655/2171/?data=1&x=980&y=160&w=1225&type=r
BadenBreaks 2025	1vs1 B-Girl Juniors Top 8 KnockOut	ZiyaFlex	Amira	ZiyaFlex	2	3	2	0	6	0	Tuff Kid	SoFly	Tomifly							-85	-35	-38							-70	-42	-69																																		2025-01-25	and8	https://and8.dance/en/stats/reports/4655/2171/?data=1&x=245&y=430&w=1225&type=r
BadenBreaks 2025	1vs1 B-Girl Juniors Top 8 KnockOut	Groovie Gerald	Nora	Nora	2	3	0	2	0	6	Tuff Kid	SoFly	Tomifly							86	2	39							35	4	24																																		2025-01-25	and8	https://and8.dance/en/stats/reports/4655/2171/?data=1&x=245&y=160&w=1225&type=r
BadenBreaks 2025	1vs1 B-Boy Juniors Top 8 KnockOut	GHOST	Den1s	Den1s	2	3	0	2	2	4	Tuff Kid	SoFly	Tomifly							-28	6	34							7	-8	11																																		2025-01-25	and8	https://and8.dance/en/stats/reports/4655/2172/?data=1&x=615&y=280&w=1225&type=r
BadenBreaks 2025	1vs1 B-Boy Juniors Top 8 KnockOut	Rico	H-il	Rico	3	3	2	1	5	4	Tuff Kid	SoFly	Tomifly							-30	-1	31							4	-14	7							5	-18	-22																									2025-01-25	and8	https://and8.dance/en/stats/reports/4655/2172/?data=1&x=615&y=465&w=1225&type=r
BadenBreaks 2025	1vs1 B-Boy Juniors Top 8 KnockOut	H-il	Den1s	Den1s	2	3	0	2	0	6	Tuff Kid	SoFly	Tomifly							63	1	60							17	2	54																																		2025-01-25	and8	https://and8.dance/en/stats/reports/4655/2172/?data=1&x=760&y=360&w=1225&type=r
BadenBreaks 2025	1vs1 B-Boy Juniors Top 8 KnockOut	GHOST	Rico	GHOST	3	3	2	1	6	3	Tuff Kid	SoFly	Tomifly							41	3	-54							-75	-7	-52							-16	7	-46																									2025-01-25	and8	https://and8.dance/en/stats/reports/4655/2172/?data=1&x=465&y=360&w=1225&type=r
BadenBreaks 2025	1vs1 B-Boy Juniors Top 8 KnockOut	Den1s	Anton	Den1s	2	3	2	0	6	0	Tuff Kid	SoFly	Tomifly							-61	-2	-64							-90	-4	-63																																		2025-01-25	and8	https://and8.dance/en/stats/reports/4655/2172/?data=1&x=980&y=430&w=1225&type=r
BadenBreaks 2025	1vs1 B-Boy Juniors Top 8 KnockOut	On Air	H-il	H-il	2	3	0	2	0	6	Tuff Kid	SoFly	Tomifly							100	13	45							85	33	9																																		2025-01-25	and8	https://and8.dance/en/stats/reports/4655/2172/?data=1&x=980&y=160&w=1225&type=r
BadenBreaks 2025	1vs1 B-Boy Juniors Top 8 KnockOut	Nani	Rico	Rico	2	3	0	2	1	5	Tuff Kid	SoFly	Tomifly							-87	6	22							100	20	23																																		2025-01-25	and8	https://and8.dance/en/stats/reports/4655/2172/?data=1&x=245&y=430&w=1225&type=r
BadenBreaks 2025	1vs1 B-Boy Juniors Top 8 KnockOut	GHOST	Endless	GHOST	2	3	2	0	6	0	Tuff Kid	SoFly	Tomifly							-70	-16	-53							-79	-2	-57																																		2025-01-25	and8	https://and8.dance/en/stats/reports/4655/2172/?data=1&x=245&y=160&w=1225&type=r
BadenBreaks 2025	1vs1 B-Boy Kids Pro Top 8 KnockOut	Leopardo	Buch	Leopardo	3	3	2	1	5	4	Tuff Kid	SoFly	Tomifly							96	-5	-34							-78	-2	13							29	2	-4																									2025-01-25	and8	https://and8.dance/en/stats/reports/4655/3059/?data=1&x=615&y=280&w=1225&type=r
BadenBreaks 2025	1vs1 B-Boy Kids Pro Top 8 KnockOut	Mykyta	Takiri	Mykyta	3	3	2	1	4	5	Tuff Kid	SoFly	Tomifly							-35	-2	27							100	6	39							46	-6	-24																									2025-01-25	and8	https://and8.dance/en/stats/reports/4655/3059/?data=1&x=615&y=465&w=1225&type=r
BadenBreaks 2025	1vs1 B-Boy Kids Pro Top 8 KnockOut	Takiri	Buch	Buch	2	3	0	2	0	6	Tuff Kid	SoFly	Tomifly							37	7	10							57	1	12																																		2025-01-25	and8	https://and8.dance/en/stats/reports/4655/3059/?data=1&x=760&y=360&w=1225&type=r
BadenBreaks 2025	1vs1 B-Boy Kids Pro Top 8 KnockOut	Mykyta	Leopardo	Leopardo	2	3	0	2	0	6	Tuff Kid	SoFly	Tomifly							67	4	34							100	17	35																																		2025-01-25	and8	https://and8.dance/en/stats/reports/4655/3059/?data=1&x=465&y=360&w=1225&type=r
BadenBreaks 2025	1vs1 B-Boy Kids Pro Top 8 KnockOut	Beat Breaker	Buch	Buch	2	3	0	2	0	6	Tuff Kid	SoFly	Tomifly							35	36	68							79	30	66																																		2025-01-25	and8	https://and8.dance/en/stats/reports/4655/3059/?data=1&x=980&y=430&w=1225&type=r
BadenBreaks 2025	1vs1 B-Boy Kids Pro Top 8 KnockOut	Takiri	Neo Flex	Takiri	2	3	2	0	6	0	Tuff Kid	SoFly	Tomifly							-31	-36	-46							-54	-6	-53																																		2025-01-25	and8	https://and8.dance/en/stats/reports/4655/3059/?data=1&x=980&y=160&w=1225&type=r
BadenBreaks 2025	1vs1 B-Boy Kids Pro Top 8 KnockOut	Leopardo	Magix	Leopardo	2	3	2	0	5	1	Tuff Kid	SoFly	Tomifly							-59	-13	-37							-98	-2	14																																		2025-01-25	and8	https://and8.dance/en/stats/reports/4655/3059/?data=1&x=245&y=430&w=1225&type=r
BadenBreaks 2025	1vs1 B-Boy Kids Pro Top 8 KnockOut	Popcorn	Mykyta	Mykyta	2	3	0	2	1	5	Tuff Kid	SoFly	Tomifly							-65	3	11							60	5	19																																		2025-01-25	and8	https://and8.dance/en/stats/reports/4655/3059/?data=1&x=245&y=160&w=1225&type=r
Rock Harder	Youth 1v1 Breaking U9 Top 4 KnockOut	Litos	Nolo	Litos	3	3	2	1	5	4	Profo Won	Ceebri	JK-47							-39	-100	58							23	-84	16							-83	-96	40																									2025-02-16	and8	https://and8.dance/en/stats/reports/4956/3045/?data=1&x=980&y=400&w=1225&type=r
Rock Harder	Youth 1v1 Breaking U9 Top 4 KnockOut	Nolo	Bboy Jah	Nolo	2	3	1	1	4	2	Profo Won	Ceebri	JK-47							-14	100	69							-26	-100	-66																																		2025-02-16	and8	https://and8.dance/en/stats/reports/4956/3045/?data=1&x=590&y=490&w=1225&type=r
Rock Harder	Youth 1v1 Breaking U9 Top 4 KnockOut	Litos	Tumur	Litos	2	3	2	0	6	0	Profo Won	Ceebri	JK-47							-100	-100	-100							-100	-100	-85																																		2025-02-16	and8	https://and8.dance/en/stats/reports/4956/3045/?data=1&x=590&y=300&w=1225&type=r
Rock Harder	Youth 1v1 Breaking U13 Top 8 KnockOut	Lucas	AMP	AMP	3	3	1	2	4	5	Profo Won	Ceebri	JK-47							-16	-100	-42							100	100	36							64	-100	30																									2025-02-16	and8	https://and8.dance/en/stats/reports/4956/3046/?data=1&x=615&y=615&w=1225&type=r
Rock Harder	Youth 1v1 Breaking U13 Top 8 KnockOut	AMP	Minimonster	AMP	2	3	2	0	5	1	Profo Won	Ceebri	JK-47							-68	-100	20							-87	-100	-20																																		2025-02-16	and8	https://and8.dance/en/stats/reports/4956/3046/?data=1&x=760&y=360&w=1225&type=r
Rock Harder	Youth 1v1 Breaking U13 Top 8 KnockOut	Lucas	Ninjah	Lucas	2	3	2	0	5	1	Profo Won	Ceebri	JK-47							-73	-100	22							-71	-100	-41																																		2025-02-16	and8	https://and8.dance/en/stats/reports/4956/3046/?data=1&x=465&y=360&w=1225&type=r
Rock Harder	Youth 1v1 Breaking U13 Top 8 KnockOut	Minimonster	Lala	Minimonster	1	3	1	0	3	0	Profo Won	Ceebri	JK-47							-76	-100	-65																																											2025-02-16	and8	https://and8.dance/en/stats/reports/4956/3046/?data=1&x=980&y=430&w=1225&type=r
Rock Harder	Youth 1v1 Breaking U13 Top 8 KnockOut	AMP	Izzy	AMP	1	3	1	0	3	0	Profo Won	Ceebri	JK-47							-100	-100	-75																																											2025-02-16	and8	https://and8.dance/en/stats/reports/4956/3046/?data=1&x=980&y=160&w=1225&type=r
Rock Harder	Youth 1v1 Breaking U13 Top 8 KnockOut	Ninjah	Bboy Rowan	Ninjah	1	3	1	0	2	1	Profo Won	Ceebri	JK-47							-100	100	-55																																											2025-02-16	and8	https://and8.dance/en/stats/reports/4956/3046/?data=1&x=245&y=430&w=1225&type=r
Rock Harder	Youth 1v1 Breaking U13 Top 8 KnockOut	Lucas	Beck	Lucas	1	3	1	0	3	0	Profo Won	Ceebri	JK-47							-97	-100	-65																																											2025-02-16	and8	https://and8.dance/en/stats/reports/4956/3046/?data=1&x=245&y=160&w=1225&type=r
Rock Harder	Youth 1v1 Breaking U17 Top 4 KnockOut	Lakut	India	India	3	3	0	3	2	7	Profo Won	Ceebri	JK-47							15	-64	7							32	98	-7							45	100	5																									2025-02-16	and8	https://and8.dance/en/stats/reports/4956/3047/?data=1&x=980&y=400&w=1225&type=r
Rock Harder	Youth 1v1 Breaking U17 Top 4 KnockOut	Taane	India	India	2	3	0	2	0	6	Profo Won	Ceebri	JK-47							8	100	30							40	100	20																																		2025-02-16	and8	https://and8.dance/en/stats/reports/4956/3047/?data=1&x=590&y=490&w=1225&type=r
Rock Harder	Youth 1v1 Breaking U17 Top 4 KnockOut	Lakut	Ace	Lakut	3	3	2	1	5	4	Profo Won	Ceebri	JK-47							80	100	-51							-34	-100	31							-38	75	-30																									2025-02-16	and8	https://and8.dance/en/stats/reports/4956/3047/?data=1&x=590&y=300&w=1225&type=r
Rock Harder	1vs1 Breaking Top 4 KnockOut	HIJACK	MIGHTY JIMM	HIJACK	5	5	4	1	18	7	JK-47	Ajax	Sancho	Curt Rage	J-Rebel					100	28	-100	-59	-100					-100	-28	-100	-68	100					-100	39	-100	23	100					-100	-29	-100	-13	-100					-100	26	-100	-77	-5					2025-02-16	and8	https://and8.dance/en/stats/reports/4956/3049/?data=1&x=980&y=400&w=1225&type=r
Rock Harder	1vs1 Breaking Top 4 KnockOut	BLACK MATTER	MIGHTY JIMM	MIGHTY JIMM	5	5	2	3	12	13	JK-47	Ajax	Sancho	Curt Rage	J-Rebel					-100	32	100	-26	100					100	-25	100	23	100					-100	17	100	-19	-100					-100	23	100	-12	100					-100	-14	100	-41	-20					2025-02-16	and8	https://and8.dance/en/stats/reports/4956/3049/?data=1&x=590&y=490&w=1225&type=r
Rock Harder	1vs1 Breaking Top 4 KnockOut	HIJACK	STRAY CURT	HIJACK	5	5	3	2	14	11	JK-47	Ajax	Sancho	Curt Rage	J-Rebel					100	-39	100	50	100					100	-39	-100	-22	-100					-100	21	100	-13	100					100	-19	-100	-22	100					-100	-30	-100	18	-100					2025-02-16	and8	https://and8.dance/en/stats/reports/4956/3049/?data=1&x=590&y=300&w=1225&type=r
PowerMadness	1vs1 Breaking (6-9 years old) Top 32 KnockOut	Fierce	Energy	Fierce	2	3	2	0	6	0	Cleopatra	Gabba	Kazee							-64	-28	-74							-50	-48	-76																																		2025-03-01	and8	https://and8.dance/en/stats/reports/5016/3188/?data=1&x=615&y=200&w=1225&type=r
PowerMadness	1vs1 Breaking (6-9 years old) Top 32 KnockOut	BlondDemon	B-Boy Raphi	BlondDemon	3	3	2	1	6	3	Cleopatra	Gabba	Kazee							-31	100	60							-28	-28	-77							33	-34	-60																									2025-03-01	and8	https://and8.dance/en/stats/reports/5016/3188/?data=1&x=615&y=545&w=1225&type=r
PowerMadness	1vs1 Breaking (6-9 years old) Top 32 KnockOut	Energy	B-Boy Raphi	Energy	1	3	1	0	2	1	Cleopatra	Gabba	Kazee							37	-36	-89																																											2025-03-01	and8	https://and8.dance/en/stats/reports/5016/3188/?data=1&x=695&y=375&w=1225&type=r
PowerMadness	1vs1 Breaking (6-9 years old) Top 32 KnockOut	Fierce	BlondDemon	Fierce	1	3	1	0	3	0	Cleopatra	Gabba	Kazee							-45	-51	-96																																											2025-03-01	and8	https://and8.dance/en/stats/reports/5016/3188/?data=1&x=535&y=375&w=1225&type=r
PowerMadness	1vs1 Breaking (6-9 years old) Top 32 KnockOut	B-Boy Raphi	Zackyboy	B-Boy Raphi	1	3	1	0	3	0	Cleopatra	Gabba	Kazee							-18	-35	-100																																											2025-03-01	and8	https://and8.dance/en/stats/reports/5016/3188/?data=1&x=740&y=500&w=1225&type=r
PowerMadness	1vs1 Breaking (6-9 years old) Top 32 KnockOut	Energy	Lion Nathan	Energy	1	3	1	0	3	0	Cleopatra	Gabba	Kazee							-31	-19	-41																																											2025-03-01	and8	https://and8.dance/en/stats/reports/5016/3188/?data=1&x=740&y=245&w=1225&type=r
PowerMadness	1vs1 Breaking (6-9 years old) Top 32 KnockOut	BlondDemon	HenBall	BlondDemon	1	3	1	0	2	1	Cleopatra	Gabba	Kazee							-65	24	-36																																											2025-03-01	and8	https://and8.dance/en/stats/reports/5016/3188/?data=1&x=490&y=500&w=1225&type=r
PowerMadness	1vs1 Breaking (6-9 years old) Top 32 KnockOut	Fierce	FlowMase	Fierce	1	3	1	0	2	1	Cleopatra	Gabba	Kazee							-58	27	-45																																											2025-03-01	and8	https://and8.dance/en/stats/reports/5016/3188/?data=1&x=490&y=245&w=1225&type=r
PowerMadness	1vs1 Breaking (6-9 years old) Top 32 KnockOut	Zackyboy	Flex	Zackyboy	1	3	1	0	3	0	Cleopatra	Gabba	Kazee							-39	-49	-81																																											2025-03-01	and8	https://and8.dance/en/stats/reports/5016/3188/?data=1&x=775&y=565&w=1225&type=r
PowerMadness	1vs1 Breaking (6-9 years old) Top 32 KnockOut	B-Boy Raphi	Jacki Chan	B-Boy Raphi	1	3	1	0	2	1	Cleopatra	Gabba	Kazee							-27	-15	33																																											2025-03-01	and8	https://and8.dance/en/stats/reports/5016/3188/?data=1&x=775&y=435&w=1225&type=r
PowerMadness	1vs1 Breaking (6-9 years old) Top 32 KnockOut	Lion Nathan	Éli Re	Lion Nathan	1	3	1	0	3	0	Cleopatra	Gabba	Kazee							-29	-35	-66																																											2025-03-01	and8	https://and8.dance/en/stats/reports/5016/3188/?data=1&x=775&y=310&w=1225&type=r
PowerMadness	1vs1 Breaking (6-9 years old) Top 32 KnockOut	Sammy Boy	Energy	Energy	1	3	0	1	1	2	Cleopatra	Gabba	Kazee							26	17	-60																																											2025-03-01	and8	https://and8.dance/en/stats/reports/5016/3188/?data=1&x=775&y=180&w=1225&type=r
PowerMadness	1vs1 Breaking (6-9 years old) Top 32 KnockOut	Fléo	HenBall	HenBall	1	3	0	1	0	3	Cleopatra	Gabba	Kazee							25	28	78																																											2025-03-01	and8	https://and8.dance/en/stats/reports/5016/3188/?data=1&x=450&y=565&w=1225&type=r
PowerMadness	1vs1 Breaking (6-9 years old) Top 32 KnockOut	BlondDemon	Checkmate	BlondDemon	1	3	1	0	3	0	Cleopatra	Gabba	Kazee							-50	-36	-51																																											2025-03-01	and8	https://and8.dance/en/stats/reports/5016/3188/?data=1&x=450&y=435&w=1225&type=r
PowerMadness	1vs1 Breaking (6-9 years old) Top 32 KnockOut	FlowMase	Phenix	FlowMase	1	3	1	0	3	0	Cleopatra	Gabba	Kazee							-45	-44	-21																																											2025-03-01	and8	https://and8.dance/en/stats/reports/5016/3188/?data=1&x=450&y=310&w=1225&type=r
PowerMadness	1vs1 Breaking (6-9 years old) Top 32 KnockOut	Fierce	NoaNonstop	Fierce	1	3	1	0	3	0	Cleopatra	Gabba	Kazee							-33	-60	-100																																											2025-03-01	and8	https://and8.dance/en/stats/reports/5016/3188/?data=1&x=450&y=180&w=1225&type=r
PowerMadness	1vs1 Breaking (6-9 years old) Top 32 KnockOut	Dark Fire	Flex	Flex	1	3	0	1	0	3	Cleopatra	Gabba	Kazee							40	35	73																																											2025-03-01	and8	https://and8.dance/en/stats/reports/5016/3188/?data=1&x=935&y=610&w=1225&type=r
PowerMadness	1vs1 Breaking (6-9 years old) Top 32 KnockOut	Zackyboy	Hercule	Zackyboy	1	3	1	0	3	0	Cleopatra	Gabba	Kazee							-51	-29	-98																																											2025-03-01	and8	https://and8.dance/en/stats/reports/5016/3188/?data=1&x=935&y=540&w=1225&type=r
PowerMadness	1vs1 Breaking (6-9 years old) Top 32 KnockOut	Frenchy	Jacki Chan	Jacki Chan	1	3	0	1	0	3	Cleopatra	Gabba	Kazee							32	63	100																																											2025-03-01	and8	https://and8.dance/en/stats/reports/5016/3188/?data=1&x=935&y=475&w=1225&type=r
PowerMadness	1vs1 Breaking (6-9 years old) Top 32 KnockOut	Dedboy	B-Boy Raphi	B-Boy Raphi	1	3	0	1	0	3	Cleopatra	Gabba	Kazee							28	71	100																																											2025-03-01	and8	https://and8.dance/en/stats/reports/5016/3188/?data=1&x=935&y=405&w=1225&type=r
PowerMadness	1vs1 Breaking (6-9 years old) Top 32 KnockOut	Anto	Éli Re	Éli Re	1	3	0	1	0	3	Cleopatra	Gabba	Kazee							16	47	55																																											2025-03-01	and8	https://and8.dance/en/stats/reports/5016/3188/?data=1&x=935&y=340&w=1225&type=r
PowerMadness	1vs1 Breaking (6-9 years old) Top 32 KnockOut	Lion Nathan	Zouzou	Lion Nathan	1	3	1	0	3	0	Cleopatra	Gabba	Kazee							-42	-36	-53																																											2025-03-01	and8	https://and8.dance/en/stats/reports/5016/3188/?data=1&x=935&y=270&w=1225&type=r
PowerMadness	1vs1 Breaking (6-9 years old) Top 32 KnockOut	Energy	Bboy King	Energy	1	3	1	0	3	0	Cleopatra	Gabba	Kazee							-34	-42	-76																																											2025-03-01	and8	https://and8.dance/en/stats/reports/5016/3188/?data=1&x=935&y=200&w=1225&type=r
PowerMadness	1vs1 Breaking (6-9 years old) Top 32 KnockOut	Golden Mario	Sammy Boy	Sammy Boy	1	3	0	1	0	3	Cleopatra	Gabba	Kazee							40	35	52																																											2025-03-01	and8	https://and8.dance/en/stats/reports/5016/3188/?data=1&x=935&y=130&w=1225&type=r
PowerMadness	1vs1 Breaking (6-9 years old) Top 32 KnockOut	Éli Mo	HenBall	HenBall	1	3	0	1	0	3	Cleopatra	Gabba	Kazee							37	32	100																																											2025-03-01	and8	https://and8.dance/en/stats/reports/5016/3188/?data=1&x=300&y=610&w=1225&type=r
PowerMadness	1vs1 Breaking (6-9 years old) Top 32 KnockOut	Remix	Fléo	Fléo	1	3	0	1	1	2	Cleopatra	Gabba	Kazee							-57	22	44																																											2025-03-01	and8	https://and8.dance/en/stats/reports/5016/3188/?data=1&x=300&y=540&w=1225&type=r
PowerMadness	1vs1 Breaking (6-9 years old) Top 32 KnockOut	Plaxmol	Checkmate	Checkmate	1	3	0	1	0	3	Cleopatra	Gabba	Kazee							76	60	49																																											2025-03-01	and8	https://and8.dance/en/stats/reports/5016/3188/?data=1&x=300&y=475&w=1225&type=r
PowerMadness	1vs1 Breaking (6-9 years old) Top 32 KnockOut	BlondDemon	Pipo	BlondDemon	1	3	1	0	3	0	Cleopatra	Gabba	Kazee							-57	-67	-79																																											2025-03-01	and8	https://and8.dance/en/stats/reports/5016/3188/?data=1&x=300&y=405&w=1225&type=r
PowerMadness	1vs1 Breaking (6-9 years old) Top 32 KnockOut	Phenix	Zack	Phenix	1	3	1	0	3	0	Cleopatra	Gabba	Kazee							-100	-73	-91																																											2025-03-01	and8	https://and8.dance/en/stats/reports/5016/3188/?data=1&x=300&y=340&w=1225&type=r
PowerMadness	1vs1 Breaking (6-9 years old) Top 32 KnockOut	Red Panda	FlowMase	FlowMase	1	3	0	1	0	3	Cleopatra	Gabba	Kazee							100	71	84																																											2025-03-01	and8	https://and8.dance/en/stats/reports/5016/3188/?data=1&x=300&y=270&w=1225&type=r
PowerMadness	1vs1 Breaking (6-9 years old) Top 32 KnockOut	The Beat Boy	NoaNonstop	NoaNonstop	1	3	0	1	0	3	Cleopatra	Gabba	Kazee							100	49	82																																											2025-03-01	and8	https://and8.dance/en/stats/reports/5016/3188/?data=1&x=300&y=200&w=1225&type=r
PowerMadness	1vs1 Breaking (6-9 years old) Top 32 KnockOut	Fierce	MymyRock	Fierce	1	3	1	0	3	0	Cleopatra	Gabba	Kazee							-100	-35	-74																																											2025-03-01	and8	https://and8.dance/en/stats/reports/5016/3188/?data=1&x=300&y=130&w=1225&type=r
PowerMadness	1vs1 Breaking Beginner (10-13 years old) Top 16 KnockOut	Flashback	Zakado	Flashback	3	3	2	1	7	2	Cleopatra	Gabba	Kazee							-43	-9	-24							-44	49	26							-27	-16	-63																									2025-03-01	and8	https://and8.dance/en/stats/reports/5016/3189/?data=1&x=615&y=175&w=1225&type=r
PowerMadness	1vs1 Breaking Beginner (10-13 years old) Top 16 KnockOut	Ricky-M	Elite	Ricky-M	3	3	2	1	6	3	Cleopatra	Gabba	Kazee							27	-25	28							-37	-62	-100							-26	28	-32																									2025-03-01	and8	https://and8.dance/en/stats/reports/5016/3189/?data=1&x=615&y=525&w=1225&type=r
PowerMadness	1vs1 Breaking Beginner (10-13 years old) Top 16 KnockOut	Zakado	Elite	Zakado	1	3	1	0	3	0	Cleopatra	Gabba	Kazee							-27	-54	-85																																											2025-03-01	and8	https://and8.dance/en/stats/reports/5016/3189/?data=1&x=745&y=360&w=1225&type=r
PowerMadness	1vs1 Breaking Beginner (10-13 years old) Top 16 KnockOut	Flashback	Ricky-M	Flashback	1	3	1	0	3	0	Cleopatra	Gabba	Kazee							-59	-47	-100																																											2025-03-01	and8	https://and8.dance/en/stats/reports/5016/3189/?data=1&x=480&y=360&w=1225&type=r
PowerMadness	1vs1 Breaking Beginner (10-13 years old) Top 16 KnockOut	Elite	Flash	Elite	1	3	1	0	3	0	Cleopatra	Gabba	Kazee							-37	-30	-57																																											2025-03-01	and8	https://and8.dance/en/stats/reports/5016/3189/?data=1&x=785&y=495&w=1225&type=r
PowerMadness	1vs1 Breaking Beginner (10-13 years old) Top 16 KnockOut	Zakado	Bboy Miles	Zakado	1	3	1	0	3	0	Cleopatra	Gabba	Kazee							-24	-78	-98																																											2025-03-01	and8	https://and8.dance/en/stats/reports/5016/3189/?data=1&x=785&y=225&w=1225&type=r
PowerMadness	1vs1 Breaking Beginner (10-13 years old) Top 16 KnockOut	Ricky-M	Bboy Log	Ricky-M	1	3	1	0	3	0	Cleopatra	Gabba	Kazee							-13	-28	-80																																											2025-03-01	and8	https://and8.dance/en/stats/reports/5016/3189/?data=1&x=440&y=495&w=1225&type=r
PowerMadness	1vs1 Breaking Beginner (10-13 years old) Top 16 KnockOut	Flashback	Bboy Bootbro	Flashback	1	3	1	0	3	0	Cleopatra	Gabba	Kazee							-17	-47	-74																																											2025-03-01	and8	https://and8.dance/en/stats/reports/5016/3189/?data=1&x=440&y=225&w=1225&type=r
PowerMadness	1vs1 Breaking Beginner (10-13 years old) Top 16 KnockOut	Chuck	Flash	Flash	1	3	0	1	1	2	Cleopatra	Gabba	Kazee							22	-34	77																																											2025-03-01	and8	https://and8.dance/en/stats/reports/5016/3189/?data=1&x=1085&y=540&w=1225&type=r
PowerMadness	1vs1 Breaking Beginner (10-13 years old) Top 16 KnockOut	Elite	Laurent-Outan	Elite	1	3	1	0	3	0	Cleopatra	Gabba	Kazee							-27	-19	-100																																											2025-03-01	and8	https://and8.dance/en/stats/reports/5016/3189/?data=1&x=1085&y=405&w=1225&type=r
PowerMadness	1vs1 Breaking Beginner (10-13 years old) Top 16 KnockOut	Bboy Miles	Lionzac	Bboy Miles	1	3	1	0	2	1	Cleopatra	Gabba	Kazee							-25	-36	47																																											2025-03-01	and8	https://and8.dance/en/stats/reports/5016/3189/?data=1&x=1085&y=270&w=1225&type=r
PowerMadness	1vs1 Breaking Beginner (10-13 years old) Top 16 KnockOut	Zakado	BboyMAG	Zakado	1	3	1	0	3	0	Cleopatra	Gabba	Kazee							-19	-86	-77																																											2025-03-01	and8	https://and8.dance/en/stats/reports/5016/3189/?data=1&x=1085&y=135&w=1225&type=r
PowerMadness	1vs1 Breaking Beginner (10-13 years old) Top 16 KnockOut	Bgirl Volcano	Bboy Log	Bboy Log	1	3	0	1	1	2	Cleopatra	Gabba	Kazee							-13	27	62																																											2025-03-01	and8	https://and8.dance/en/stats/reports/5016/3189/?data=1&x=135&y=540&w=1225&type=r
PowerMadness	1vs1 Breaking Beginner (10-13 years old) Top 16 KnockOut	Ricky-M	B-boy Lou	Ricky-M	1	3	1	0	3	0	Cleopatra	Gabba	Kazee							-46	-100	-76																																											2025-03-01	and8	https://and8.dance/en/stats/reports/5016/3189/?data=1&x=135&y=405&w=1225&type=r
PowerMadness	1vs1 Breaking Beginner (10-13 years old) Top 16 KnockOut	Macak	Bboy Bootbro	Bboy Bootbro	1	3	0	1	0	3	Cleopatra	Gabba	Kazee							24	76	63																																											2025-03-01	and8	https://and8.dance/en/stats/reports/5016/3189/?data=1&x=135&y=270&w=1225&type=r
PowerMadness	1vs1 Breaking Beginner (10-13 years old) Top 16 KnockOut	Flashback	B-Boy Yos	Flashback	1	3	1	0	3	0	Cleopatra	Gabba	Kazee							-39	-70	-42																																											2025-03-01	and8	https://and8.dance/en/stats/reports/5016/3189/?data=1&x=135&y=135&w=1225&type=r
PowerMadness	1vs1 Breaking (14-17 years old) Top 16 KnockOut	Bboy Sparrow	Bboy Nightmare	Bboy Nightmare	3	3	1	2	5	4	Cleopatra	Gabba	Kazee							28	-26	20							-23	-33	-63							11	-27	25																									2025-03-01	and8	https://and8.dance/en/stats/reports/5016/3190/?data=1&x=615&y=175&w=1225&type=r
PowerMadness	1vs1 Breaking (14-17 years old) Top 16 KnockOut	Philoops	Tittch	Tittch	2	3	0	2	1	5	Cleopatra	Gabba	Kazee							-34	34	37							38	19	20																																		2025-03-01	and8	https://and8.dance/en/stats/reports/5016/3190/?data=1&x=615&y=525&w=1225&type=r
PowerMadness	1vs1 Breaking (14-17 years old) Top 16 KnockOut	Bboy Nightmare	Tittch	Bboy Nightmare	2	3	2	0	5	1	Cleopatra	Gabba	Kazee							-38	-47	50							-25	-34	-64																																		2025-03-01	and8	https://and8.dance/en/stats/reports/5016/3190/?data=1&x=745&y=360&w=1225&type=r
PowerMadness	1vs1 Breaking (14-17 years old) Top 16 KnockOut	Philoops	Bboy Sparrow	Bboy Sparrow	2	3	0	2	1	5	Cleopatra	Gabba	Kazee							16	35	40							-15	45	24																																		2025-03-01	and8	https://and8.dance/en/stats/reports/5016/3190/?data=1&x=480&y=360&w=1225&type=r
PowerMadness	1vs1 Breaking (14-17 years old) Top 16 KnockOut	Tittch	Kyrant	Tittch	1	3	1	0	3	0	Cleopatra	Gabba	Kazee							-23	-58	-76																																											2025-03-01	and8	https://and8.dance/en/stats/reports/5016/3190/?data=1&x=785&y=495&w=1225&type=r
PowerMadness	1vs1 Breaking (14-17 years old) Top 16 KnockOut	Vinc	Bboy Nightmare	Bboy Nightmare	1	3	0	1	0	3	Cleopatra	Gabba	Kazee							29	34	60																																											2025-03-01	and8	https://and8.dance/en/stats/reports/5016/3190/?data=1&x=785&y=225&w=1225&type=r
PowerMadness	1vs1 Breaking (14-17 years old) Top 16 KnockOut	Bboy Sparrow	FlowCAM	Bboy Sparrow	1	3	1	0	3	0	Cleopatra	Gabba	Kazee							-23	-57	-31																																											2025-03-01	and8	https://and8.dance/en/stats/reports/5016/3190/?data=1&x=440&y=495&w=1225&type=r
PowerMadness	1vs1 Breaking (14-17 years old) Top 16 KnockOut	Philoops	Ace	Philoops	1	3	1	0	3	0	Cleopatra	Gabba	Kazee							-18	-20	-55																																											2025-03-01	and8	https://and8.dance/en/stats/reports/5016/3190/?data=1&x=440&y=225&w=1225&type=r
PowerMadness	1vs1 Breaking (14-17 years old) Top 16 KnockOut	Nate The Great	Kyrant	Kyrant	1	3	0	1	0	3	Cleopatra	Gabba	Kazee							64	42	45																																											2025-03-01	and8	https://and8.dance/en/stats/reports/5016/3190/?data=1&x=1085&y=540&w=1225&type=r
PowerMadness	1vs1 Breaking (14-17 years old) Top 16 KnockOut	Bboy sound	Tittch	Tittch	1	3	0	1	0	3	Cleopatra	Gabba	Kazee							42	48	52																																											2025-03-01	and8	https://and8.dance/en/stats/reports/5016/3190/?data=1&x=1085&y=405&w=1225&type=r
PowerMadness	1vs1 Breaking (14-17 years old) Top 16 KnockOut	Lil Time	Bboy Nightmare	Bboy Nightmare	1	3	0	1	0	3	Cleopatra	Gabba	Kazee							45	45	70																																											2025-03-01	and8	https://and8.dance/en/stats/reports/5016/3190/?data=1&x=1085&y=270&w=1225&type=r
PowerMadness	1vs1 Breaking (14-17 years old) Top 16 KnockOut	Vinc	LaKouette	Vinc	1	3	1	0	3	0	Cleopatra	Gabba	Kazee							-29	-29	-71																																											2025-03-01	and8	https://and8.dance/en/stats/reports/5016/3190/?data=1&x=1085&y=135&w=1225&type=r
PowerMadness	1vs1 Breaking (14-17 years old) Top 16 KnockOut	Max	FlowCAM	FlowCAM	1	3	0	1	0	3	Cleopatra	Gabba	Kazee							41	63	73																																											2025-03-01	and8	https://and8.dance/en/stats/reports/5016/3190/?data=1&x=135&y=540&w=1225&type=r
PowerMadness	1vs1 Breaking (14-17 years old) Top 16 KnockOut	C-snow	Bboy Sparrow	Bboy Sparrow	1	3	0	1	0	3	Cleopatra	Gabba	Kazee							44	34	70																																											2025-03-01	and8	https://and8.dance/en/stats/reports/5016/3190/?data=1&x=135&y=405&w=1225&type=r
PowerMadness	1vs1 Breaking (14-17 years old) Top 16 KnockOut	Ace	MatB	Ace	1	3	1	0	3	0	Cleopatra	Gabba	Kazee							-16	-39	-66																																											2025-03-01	and8	https://and8.dance/en/stats/reports/5016/3190/?data=1&x=135&y=270&w=1225&type=r
PowerMadness	1vs1 Breaking (14-17 years old) Top 16 KnockOut	Mathioso	Philoops	Philoops	1	3	0	1	0	3	Cleopatra	Gabba	Kazee							25	25	55																																											2025-03-01	and8	https://and8.dance/en/stats/reports/5016/3190/?data=1&x=135&y=135&w=1225&type=r
PowerMadness	1vs1 Breaking Advanced (10-13 years old) Top 16 KnockOut	Slim	Bboy spinner	Slim	2	3	2	0	6	0	Cleopatra	Gabba	Kazee							-18	-80	-69							-19	-30	-52																																		2025-03-01	and8	https://and8.dance/en/stats/reports/5016/3191/?data=1&x=615&y=175&w=1225&type=r
PowerMadness	1vs1 Breaking Advanced (10-13 years old) Top 16 KnockOut	Chakal	Abraham	Chakal	2	3	2	0	5	1	Cleopatra	Gabba	Kazee							-41	-100	-94							20	-58	-49																																		2025-03-01	and8	https://and8.dance/en/stats/reports/5016/3191/?data=1&x=615&y=525&w=1225&type=r
PowerMadness	1vs1 Breaking Advanced (10-13 years old) Top 16 KnockOut	Bboy spinner	Abraham	Bboy spinner	1	3	1	0	2	1	Cleopatra	Gabba	Kazee							-40	-34	26																																											2025-03-01	and8	https://and8.dance/en/stats/reports/5016/3191/?data=1&x=745&y=360&w=1225&type=r
PowerMadness	1vs1 Breaking Advanced (10-13 years old) Top 16 KnockOut	Slim	Chakal	Slim	1	3	1	0	3	0	Cleopatra	Gabba	Kazee							-36	-26	-20																																											2025-03-01	and8	https://and8.dance/en/stats/reports/5016/3191/?data=1&x=480&y=360&w=1225&type=r
PowerMadness	1vs1 Breaking Advanced (10-13 years old) Top 16 KnockOut	Abraham	B-Lion	Abraham	1	3	1	0	3	0	Cleopatra	Gabba	Kazee							-42	-41	-100																																											2025-03-01	and8	https://and8.dance/en/stats/reports/5016/3191/?data=1&x=785&y=495&w=1225&type=r
PowerMadness	1vs1 Breaking Advanced (10-13 years old) Top 16 KnockOut	Bboy spinner	Lol-D	Bboy spinner	1	3	1	0	3	0	Cleopatra	Gabba	Kazee							-24	-46	-100																																											2025-03-01	and8	https://and8.dance/en/stats/reports/5016/3191/?data=1&x=785&y=225&w=1225&type=r
PowerMadness	1vs1 Breaking Advanced (10-13 years old) Top 16 KnockOut	Chakal	B-Boy Chrissto	Chakal	1	3	1	0	3	0	Cleopatra	Gabba	Kazee							-24	-56	-76																																											2025-03-01	and8	https://and8.dance/en/stats/reports/5016/3191/?data=1&x=440&y=495&w=1225&type=r
PowerMadness	1vs1 Breaking Advanced (10-13 years old) Top 16 KnockOut	ChewieB	Slim	Slim	1	3	0	1	1	2	Cleopatra	Gabba	Kazee							20	35	-56																																											2025-03-01	and8	https://and8.dance/en/stats/reports/5016/3191/?data=1&x=440&y=225&w=1225&type=r
PowerMadness	1vs1 Breaking Advanced (10-13 years old) Top 16 KnockOut	Glitch	B-Lion	B-Lion	1	3	0	1	0	3	Cleopatra	Gabba	Kazee							24	25	87																																											2025-03-01	and8	https://and8.dance/en/stats/reports/5016/3191/?data=1&x=1085&y=540&w=1225&type=r
PowerMadness	1vs1 Breaking Advanced (10-13 years old) Top 16 KnockOut	Abraham	Mini Nic	Abraham	1	3	1	0	3	0	Cleopatra	Gabba	Kazee							-24	-45	-88																																											2025-03-01	and8	https://and8.dance/en/stats/reports/5016/3191/?data=1&x=1085&y=405&w=1225&type=r
PowerMadness	1vs1 Breaking Advanced (10-13 years old) Top 16 KnockOut	Wisley	Lol-D	Lol-D	1	3	0	1	1	2	Cleopatra	Gabba	Kazee							28	80	-31																																											2025-03-01	and8	https://and8.dance/en/stats/reports/5016/3191/?data=1&x=1085&y=270&w=1225&type=r
PowerMadness	1vs1 Breaking Advanced (10-13 years old) Top 16 KnockOut	Laur-D	Bboy spinner	Bboy spinner	1	3	0	1	0	3	Cleopatra	Gabba	Kazee							17	47	93																																											2025-03-01	and8	https://and8.dance/en/stats/reports/5016/3191/?data=1&x=1085&y=135&w=1225&type=r
PowerMadness	1vs1 Breaking Advanced (10-13 years old) Top 16 KnockOut	TheRock	B-Boy Chrissto	B-Boy Chrissto	1	3	0	1	1	2	Cleopatra	Gabba	Kazee							20	-14	40																																											2025-03-01	and8	https://and8.dance/en/stats/reports/5016/3191/?data=1&x=135&y=540&w=1225&type=r
PowerMadness	1vs1 Breaking Advanced (10-13 years old) Top 16 KnockOut	Bboy Romenz	Chakal	Chakal	1	3	0	1	0	3	Cleopatra	Gabba	Kazee							15	34	87																																											2025-03-01	and8	https://and8.dance/en/stats/reports/5016/3191/?data=1&x=135&y=405&w=1225&type=r
PowerMadness	1vs1 Breaking Advanced (10-13 years old) Top 16 KnockOut	White Walker	Slim	Slim	1	3	0	1	0	3	Cleopatra	Gabba	Kazee							9	70	90																																											2025-03-01	and8	https://and8.dance/en/stats/reports/5016/3191/?data=1&x=135&y=270&w=1225&type=r
PowerMadness	1vs1 Breaking Advanced (10-13 years old) Top 16 KnockOut	Bolt	ChewieB	ChewieB	1	3	0	1	0	3	Cleopatra	Gabba	Kazee							36	68	100																																											2025-03-01	and8	https://and8.dance/en/stats/reports/5016/3191/?data=1&x=135&y=135&w=1225&type=r
Carinthian-X-Break 2025 - 10th Anniversary	1vs1 Breaking Top 16 KnockOut	Hynamite	Marox	Hynamite	2	3	2	0	6	0	Naki	Elettra	Den							-51	-100	-35							-33	-76	-30																																		2025-04-05	and8	https://and8.dance/en/stats/reports/4789/2602/?data=1&x=615&y=615&w=1225&type=r
Carinthian-X-Break 2025 - 10th Anniversary	1vs1 Breaking Top 16 KnockOut	Marox	Cicov	Marox	3	3	2	1	5	4	Naki	Elettra	Den							39	-100	16							27	-100	-38							19	-100	-45																									2025-04-05	and8	https://and8.dance/en/stats/reports/4789/2602/?data=1&x=745&y=360&w=1225&type=r
Carinthian-X-Break 2025 - 10th Anniversary	1vs1 Breaking Top 16 KnockOut	Hynamite	Matec	Hynamite	2	3	2	0	6	0	Naki	Elettra	Den							-23	-99	-47							-11	-99	-65																																		2025-04-05	and8	https://and8.dance/en/stats/reports/4789/2602/?data=1&x=480&y=360&w=1225&type=r
Carinthian-X-Break 2025 - 10th Anniversary	1vs1 Breaking Top 16 KnockOut	Cicov	Tomy Lee	Cicov	1	3	1	0	2	1	Naki	Elettra	Den							-58	-53	10																																											2025-04-05	and8	https://and8.dance/en/stats/reports/4789/2602/?data=1&x=785&y=495&w=1225&type=r
Carinthian-X-Break 2025 - 10th Anniversary	1vs1 Breaking Top 16 KnockOut	Marox	Guti	Marox	1	3	1	0	2	1	Naki	Elettra	Den							13	-63	-16																																											2025-04-05	and8	https://and8.dance/en/stats/reports/4789/2602/?data=1&x=785&y=225&w=1225&type=r
Carinthian-X-Break 2025 - 10th Anniversary	1vs1 Breaking Top 16 KnockOut	Matec	Aidi	Matec	1	3	1	0	2	1	Naki	Elettra	Den							-17	74	-22																																											2025-04-05	and8	https://and8.dance/en/stats/reports/4789/2602/?data=1&x=440&y=495&w=1225&type=r
Carinthian-X-Break 2025 - 10th Anniversary	1vs1 Breaking Top 16 KnockOut	Intus	Hynamite	Hynamite	1	3	0	1	0	3	Naki	Elettra	Den							22	50	10																																											2025-04-05	and8	https://and8.dance/en/stats/reports/4789/2602/?data=1&x=440&y=225&w=1225&type=r
Carinthian-X-Break 2025 - 10th Anniversary	1vs1 Breaking Top 16 KnockOut	Tomy Lee	Porteño	Tomy Lee	1	3	1	0	2	1	Naki	Elettra	Den							36	-18	-12																																											2025-04-05	and8	https://and8.dance/en/stats/reports/4789/2602/?data=1&x=1085&y=540&w=1225&type=r
Carinthian-X-Break 2025 - 10th Anniversary	1vs1 Breaking Top 16 KnockOut	Jonny Brujo	Cicov	Cicov	1	3	0	1	0	3	Naki	Elettra	Den							70	25	27																																											2025-04-05	and8	https://and8.dance/en/stats/reports/4789/2602/?data=1&x=1085&y=405&w=1225&type=r
Carinthian-X-Break 2025 - 10th Anniversary	1vs1 Breaking Top 16 KnockOut	Sigma	Guti	Guti	1	3	0	1	0	3	Den	Elettra	Naki							18	60	25																																											2025-04-05	and8	https://and8.dance/en/stats/reports/4789/2602/?data=1&x=1085&y=270&w=1225&type=r
Carinthian-X-Break 2025 - 10th Anniversary	1vs1 Breaking Top 16 KnockOut	Marox	Töma	Marox	1	3	1	0	2	1	Den	Elettra	Naki							-15	-80	40																																											2025-04-05	and8	https://and8.dance/en/stats/reports/4789/2602/?data=1&x=1085&y=135&w=1225&type=r
Carinthian-X-Break 2025 - 10th Anniversary	1vs1 Breaking Top 16 KnockOut	Aidi	G-Wizzard	Aidi	1	3	1	0	3	0	Den	Elettra	Naki							-61	-85	-12																																											2025-04-05	and8	https://and8.dance/en/stats/reports/4789/2602/?data=1&x=135&y=540&w=1225&type=r
Carinthian-X-Break 2025 - 10th Anniversary	1vs1 Breaking Top 16 KnockOut	Felipe	Matec	Matec	1	3	0	1	1	2	Den	Elettra	Naki							21	-72	31																																											2025-04-05	and8	https://and8.dance/en/stats/reports/4789/2602/?data=1&x=135&y=405&w=1225&type=r
Carinthian-X-Break 2025 - 10th Anniversary	1vs1 Breaking Top 16 KnockOut	Hynamite	Kelt	Hynamite	1	3	1	0	3	0	Den	Elettra	Naki							-72	-71	-38																																											2025-04-05	and8	https://and8.dance/en/stats/reports/4789/2602/?data=1&x=135&y=270&w=1225&type=r
Carinthian-X-Break 2025 - 10th Anniversary	1vs1 Breaking Top 16 KnockOut	Jon-Son	Intus	Intus	1	3	0	1	0	3	Den	Elettra	Naki							24	46	14																																											2025-04-05	and8	https://and8.dance/en/stats/reports/4789/2602/?data=1&x=135&y=135&w=1225&type=r
Carinthian-X-Break 2025 - 10th Anniversary	1vs1 B-Girls Top 8 KnockOut	Sinaya	Happy	Sinaya	3	3	2	1	6	3	Naki	Elettra	Den							11	-100	14							-17	100	-11							-9	-100	-11																									2025-04-05	and8	https://and8.dance/en/stats/reports/4789/2603/?data=1&x=615&y=615&w=1225&type=r
Carinthian-X-Break 2025 - 10th Anniversary	1vs1 B-Girls Top 8 KnockOut	Ellá	Happy	Happy	2	3	0	2	2	4	Naki	Elettra	Den							-16	100	28							-6	100	20																																		2025-04-05	and8	https://and8.dance/en/stats/reports/4789/2603/?data=1&x=760&y=360&w=1225&type=r
Carinthian-X-Break 2025 - 10th Anniversary	1vs1 B-Girls Top 8 KnockOut	SoFly	Sinaya	Sinaya	2	3	0	2	1	5	Naki	Elettra	Den							11	98	-9							36	100	60																																		2025-04-05	and8	https://and8.dance/en/stats/reports/4789/2603/?data=1&x=465&y=360&w=1225&type=r
Carinthian-X-Break 2025 - 10th Anniversary	1vs1 B-Girls Top 8 KnockOut	Happy	Tracy	Happy	1	3	1	0	3	0	Naki	Elettra	Den							-15	-100	-30																																											2025-04-05	and8	https://and8.dance/en/stats/reports/4789/2603/?data=1&x=980&y=430&w=1225&type=r
Carinthian-X-Break 2025 - 10th Anniversary	1vs1 B-Girls Top 8 KnockOut	Ellá	MeLodi	Ellá	1	3	1	0	3	0	Naki	Elettra	Den							-17	-80	-15																																											2025-04-05	and8	https://and8.dance/en/stats/reports/4789/2603/?data=1&x=980&y=160&w=1225&type=r
Carinthian-X-Break 2025 - 10th Anniversary	1vs1 B-Girls Top 8 KnockOut	Sinaya	Blanca	Sinaya	1	3	1	0	3	0	Naki	Elettra	Den							-13	-87	-42																																											2025-04-05	and8	https://and8.dance/en/stats/reports/4789/2603/?data=1&x=245&y=430&w=1225&type=r
Carinthian-X-Break 2025 - 10th Anniversary	1vs1 B-Girls Top 8 KnockOut	SoFly	Princess	SoFly	1	3	1	0	2	1	Den	Elettra	Naki							-26	-84	39																																											2025-04-05	and8	https://and8.dance/en/stats/reports/4789/2603/?data=1&x=245&y=160&w=1225&type=r
ISF GYMNASIADE ZLATIBOR 2025	1vs1 B-Boys Top 8 KnockOut	Kalza	Holyrain	Holyrain	2	3	0	2	0	6	Yu-Hsin	Lilla	Key-On							26	47	14							9	20	19																																		2025-04-07	and8	https://and8.dance/en/stats/reports/5107/3371/?data=1&x=615&y=280&w=1225&type=r
ISF GYMNASIADE ZLATIBOR 2025	1vs1 B-Boys Top 8 KnockOut	Jason	Saturn	Saturn	2	3	0	2	1	5	Yu-Hsin	Lilla	Key-On							40	19	21							36	-64	16																																		2025-04-07	and8	https://and8.dance/en/stats/reports/5107/3371/?data=1&x=615&y=465&w=1225&type=r
ISF GYMNASIADE ZLATIBOR 2025	1vs1 B-Boys Top 8 KnockOut	Holyrain	Saturn	Holyrain	2	3	2	0	6	0	Yu-Hsin	Lilla	Key-On							-39	-34	-12							-66	-20	-11																																		2025-04-07	and8	https://and8.dance/en/stats/reports/5107/3371/?data=1&x=760&y=360&w=1225&type=r
ISF GYMNASIADE ZLATIBOR 2025	1vs1 B-Boys Top 8 KnockOut	Jason	Kalza	Kalza	2	3	0	2	1	5	Yu-Hsin	Lilla	Key-On							31	-30	7							8	26	8																																		2025-04-07	and8	https://and8.dance/en/stats/reports/5107/3371/?data=1&x=465&y=360&w=1225&type=r
ISF GYMNASIADE ZLATIBOR 2025	1vs1 B-Boys Top 8 KnockOut	Muha	Saturn	Saturn	3	3	1	2	4	5	Yu-Hsin	Lilla	Key-On							31	46	-11							-14	27	-11							21	-30	18																									2025-04-07	and8	https://and8.dance/en/stats/reports/5107/3371/?data=1&x=980&y=430&w=1225&type=r
ISF GYMNASIADE ZLATIBOR 2025	1vs1 B-Boys Top 8 KnockOut	Lingo	Holyrain	Holyrain	2	3	0	2	2	4	Yu-Hsin	Lilla	Key-On							-29	75	8							-55	76	18																																		2025-04-07	and8	https://and8.dance/en/stats/reports/5107/3371/?data=1&x=980&y=160&w=1225&type=r
ISF GYMNASIADE ZLATIBOR 2025	1vs1 B-Boys Top 8 KnockOut	Grasper	Kalza	Kalza	2	3	0	2	0	6	Yu-Hsin	Lilla	Key-On							52	40	13							53	65	6																																		2025-04-07	and8	https://and8.dance/en/stats/reports/5107/3371/?data=1&x=245&y=430&w=1225&type=r
ISF GYMNASIADE ZLATIBOR 2025	1vs1 B-Boys Top 8 KnockOut	Attila	Jason	Jason	2	3	0	2	2	4	Yu-Hsin	Lilla	Key-On							-72	28	21							-65	34	15																																		2025-04-07	and8	https://and8.dance/en/stats/reports/5107/3371/?data=1&x=245&y=160&w=1225&type=r
ISF GYMNASIADE ZLATIBOR 2025	1vs1 B-Girls Top 8 KnockOut	Elsa	Yoyo	Yoyo	3	3	1	2	3	6	Yu-Hsin	Lilla	Key-On							-32	-31	20							-22	39	24							54	65	19																									2025-04-07	and8	https://and8.dance/en/stats/reports/5107/3372/?data=1&x=615&y=280&w=1225&type=r
ISF GYMNASIADE ZLATIBOR 2025	1vs1 B-Girls Top 8 KnockOut	Nika Star	Hami	Nika Star	2	3	2	0	4	2	Yu-Hsin	Lilla	Key-On							-33	-25	8							8	-13	-35																																		2025-04-07	and8	https://and8.dance/en/stats/reports/5107/3372/?data=1&x=615&y=465&w=1225&type=r
ISF GYMNASIADE ZLATIBOR 2025	1vs1 B-Girls Top 8 KnockOut	Hami	Yoyo	Yoyo	2	3	0	2	1	5	Yu-Hsin	Lilla	Key-On							16	45	16							41	-54	9																																		2025-04-07	and8	https://and8.dance/en/stats/reports/5107/3372/?data=1&x=760&y=360&w=1225&type=r
ISF GYMNASIADE ZLATIBOR 2025	1vs1 B-Girls Top 8 KnockOut	Elsa	Nika Star	Elsa	3	3	2	1	5	4	Yu-Hsin	Lilla	Key-On							14	31	-15							-24	22	-9							-44	-27	5																									2025-04-07	and8	https://and8.dance/en/stats/reports/5107/3372/?data=1&x=465&y=360&w=1225&type=r
ISF GYMNASIADE ZLATIBOR 2025	1vs1 B-Girls Top 8 KnockOut	Veron	Yoyo	Yoyo	2	3	0	2	0	6	Yu-Hsin	Lilla	Key-On							62	37	26							37	25	13																																		2025-04-07	and8	https://and8.dance/en/stats/reports/5107/3372/?data=1&x=980&y=430&w=1225&type=r
ISF GYMNASIADE ZLATIBOR 2025	1vs1 B-Girls Top 8 KnockOut	Doris	Hami	Hami	2	3	0	2	0	6	Yu-Hsin	Lilla	Key-On							55	31	32							63	19	26																																		2025-04-07	and8	https://and8.dance/en/stats/reports/5107/3372/?data=1&x=980&y=160&w=1225&type=r
ISF GYMNASIADE ZLATIBOR 2025	1vs1 B-Girls Top 8 KnockOut	Eliza	Nika Star	Nika Star	2	3	0	2	2	4	Yu-Hsin	Lilla	Key-On							10	-42	21							72	-21	42																																		2025-04-07	and8	https://and8.dance/en/stats/reports/5107/3372/?data=1&x=245&y=430&w=1225&type=r
ISF GYMNASIADE ZLATIBOR 2025	1vs1 B-Girls Top 8 KnockOut	Hsuan	Elsa	Elsa	2	3	0	2	1	5	Yu-Hsin	Lilla	Key-On							50	46	-26							32	71	35																																		2025-04-07	and8	https://and8.dance/en/stats/reports/5107/3372/?data=1&x=245&y=160&w=1225&type=r
Dance Explosion	B-Boys 1vs1 Mini Kids Final KnockOut	Tej Tej	Smile Jr	Smile Jr	1	5	0	1	1	4	Sinfy	Mylo	Renton	Marija	Emvee					23	-18	38	62	57																																									2025-04-13	and8	https://and8.dance/en/stats/reports/5115/3424/?data=1&x=980&y=400&w=1225&type=r
Dance Explosion	B-Boys 1vs1 Children Top 16 KnockOut	Del Vito	Le Rock	Del Vito	3	5	2	1	8	7	Sinfy	Mylo	Renton	Marija	Emvee					15	7	18	-23	39					-18	-20	-15	44	-62					-18	9	-20	33	-67																							2025-04-13	and8	https://and8.dance/en/stats/reports/5115/3425/?data=1&x=615&y=175&w=1225&type=r
Dance Explosion	B-Boys 1vs1 Children Top 16 KnockOut	Karlito Jr	Benni	Benni	2	5	0	2	4	6	Sinfy	Mylo	Renton	Marija	Emvee					-16	-30	24	19	40					-11	-22	27	54	38																																2025-04-13	and8	https://and8.dance/en/stats/reports/5115/3425/?data=1&x=615&y=525&w=1225&type=r
Dance Explosion	B-Boys 1vs1 Children Top 16 KnockOut	Benni	Le Rock	Le Rock	2	5	0	2	0	10	Sinfy	Mylo	Renton	Marija	Emvee					33	15	39	42	36					47	28	23	75	48																																2025-04-13	and8	https://and8.dance/en/stats/reports/5115/3425/?data=1&x=745&y=360&w=1225&type=r
Dance Explosion	B-Boys 1vs1 Children Top 16 KnockOut	Del Vito	Karlito Jr	Del Vito	3	5	2	1	9	6	Sinfy	Mylo	Renton	Marija	Emvee					-15	21	20	-29	23					-21	-33	15	-81	-47					18	7	-25	-45	-76																							2025-04-13	and8	https://and8.dance/en/stats/reports/5115/3425/?data=1&x=480&y=360&w=1225&type=r
Dance Explosion	B-Boys 1vs1 Children Top 16 KnockOut	Don Mateo	Le Rock	Le Rock	2	5	0	2	0	10	Sinfy	Mylo	Renton	Marija	Emvee					41	39	33	86	69					40	44	29	67	49																																2025-04-13	and8	https://and8.dance/en/stats/reports/5115/3425/?data=1&x=785&y=495&w=1225&type=r
Dance Explosion	B-Boys 1vs1 Children Top 16 KnockOut	Keks	Benni	Benni	2	5	0	2	0	10	Sinfy	Mylo	Renton	Marija	Emvee					29	26	35	100	22					56	30	28	100	36																																2025-04-13	and8	https://and8.dance/en/stats/reports/5115/3425/?data=1&x=785&y=225&w=1225&type=r
Dance Explosion	B-Boys 1vs1 Children Top 16 KnockOut	Triple X	Karlito Jr	Karlito Jr	2	5	0	2	1	9	Sinfy	Mylo	Renton	Marija	Emvee					25	29	-31	69	40					32	21	30	83	44																																2025-04-13	and8	https://and8.dance/en/stats/reports/5115/3425/?data=1&x=440&y=495&w=1225&type=r
Dance Explosion	B-Boys 1vs1 Children Top 16 KnockOut	Flex	Del Vito	Del Vito	2	5	0	2	0	10	Sinfy	Mylo	Renton	Marija	Emvee					37	30	26	78	43					39	34	24	77	79																																2025-04-13	and8	https://and8.dance/en/stats/reports/5115/3425/?data=1&x=440&y=225&w=1225&type=r
Dance Explosion	B-Boys 1vs1 Children Top 16 KnockOut	Joker	Le Rock	Le Rock	2	5	0	2	0	10	Sinfy	Mylo	Renton	Marija	Emvee					58	30	23	83	45					54	18	44	77	58																																2025-04-13	and8	https://and8.dance/en/stats/reports/5115/3425/?data=1&x=1085&y=540&w=1225&type=r
Dance Explosion	B-Boys 1vs1 Children Top 16 KnockOut	Don Mateo	Vix	Don Mateo	2	5	2	0	8	2	Sinfy	Mylo	Renton	Marija	Emvee					-13	-31	-30	-34	-17					9	-38	25	-56	-7																																2025-04-13	and8	https://and8.dance/en/stats/reports/5115/3425/?data=1&x=1085&y=405&w=1225&type=r
Dance Explosion	B-Boys 1vs1 Children Top 16 KnockOut	Lovrito	Benni	Benni	2	5	0	2	0	10	Sinfy	Mylo	Renton	Marija	Emvee					42	20	28	73	33					43	51	42	61	54																																2025-04-13	and8	https://and8.dance/en/stats/reports/5115/3425/?data=1&x=1085&y=270&w=1225&type=r
Dance Explosion	B-Boys 1vs1 Children Top 16 KnockOut	Matt in the Middle	Keks	Keks	2	5	0	2	2	8	Sinfy	Mylo	Renton	Marija	Emvee					35	21	34	26	33					30	27	-18	-16	41																																2025-04-13	and8	https://and8.dance/en/stats/reports/5115/3425/?data=1&x=1085&y=135&w=1225&type=r
Dance Explosion	B-Boys 1vs1 Children Top 16 KnockOut	Spindizzy	Karlito Jr	Karlito Jr	2	5	0	2	1	9	Sinfy	Mylo	Renton	Marija	Emvee					53	31	-17	32	55					60	43	30	38	39																																2025-04-13	and8	https://and8.dance/en/stats/reports/5115/3425/?data=1&x=135&y=540&w=1225&type=r
Dance Explosion	B-Boys 1vs1 Children Top 16 KnockOut	Mariolla	Triple X	Triple X	2	5	0	2	1	9	Sinfy	Mylo	Renton	Marija	Emvee					12	37	45	38	49					-12	22	59	26	41																																2025-04-13	and8	https://and8.dance/en/stats/reports/5115/3425/?data=1&x=135&y=405&w=1225&type=r
Dance Explosion	B-Boys 1vs1 Children Top 16 KnockOut	Marky	Del Vito	Del Vito	2	5	0	2	0	10	Sinfy	Mylo	Renton	Marija	Emvee					66	40	42	64	49					65	23	46	69	81																																2025-04-13	and8	https://and8.dance/en/stats/reports/5115/3425/?data=1&x=135&y=270&w=1225&type=r
Dance Explosion	B-Boys 1vs1 Children Top 16 KnockOut	Stryder	Flex	Flex	3	5	1	2	5	10	Sinfy	Mylo	Renton	Marija	Emvee					12	27	35	30	41					-15	-13	-25	-13	15					7	-18	34	13	8																							2025-04-13	and8	https://and8.dance/en/stats/reports/5115/3425/?data=1&x=135&y=135&w=1225&type=r
Dance Explosion	B-Boys 1vs1 Juniors 1 Top 8 KnockOut	Toni T-Bone	StayLow	StayLow	2	5	0	2	1	9	Sinfy	Mylo	Renton	Marija	Emvee					52	24	26	52	-12					49	13	26	82	39																																2025-04-13	and8	https://and8.dance/en/stats/reports/5115/3426/?data=1&x=615&y=280&w=1225&type=r
Dance Explosion	B-Boys 1vs1 Juniors 1 Top 8 KnockOut	Outlaw	MM	MM	2	5	0	2	4	6	Sinfy	Mylo	Renton	Marija	Emvee					-22	17	-26	68	19					22	22	-14	61	-2																																2025-04-13	and8	https://and8.dance/en/stats/reports/5115/3426/?data=1&x=615&y=465&w=1225&type=r
Dance Explosion	B-Boys 1vs1 Juniors 1 Top 8 KnockOut	MM	StayLow	StayLow	2	5	0	2	0	10	Sinfy	Mylo	Renton	Marija	Emvee					64	27	29	84	31					52	31	41	78	36																																2025-04-13	and8	https://and8.dance/en/stats/reports/5115/3426/?data=1&x=760&y=360&w=1225&type=r
Dance Explosion	B-Boys 1vs1 Juniors 1 Top 8 KnockOut	Toni T-Bone	Outlaw	Toni T-Bone	2	5	2	0	6	4	Sinfy	Mylo	Renton	Marija	Emvee					-9	19	16	-26	-4					-17	-19	16	38	-5																																2025-04-13	and8	https://and8.dance/en/stats/reports/5115/3426/?data=1&x=465&y=360&w=1225&type=r
Dance Explosion	B-Boys 1vs1 Juniors 1 Top 8 KnockOut	Flow X	StayLow	StayLow	2	5	0	2	0	10	Sinfy	Mylo	Renton	Marija	Emvee					36	40	27	74	73					40	22	24	74	64																																2025-04-13	and8	https://and8.dance/en/stats/reports/5115/3426/?data=1&x=980&y=430&w=1225&type=r
Dance Explosion	B-Boys 1vs1 Juniors 1 Top 8 KnockOut	LuckyLukPoriluk	MM	MM	2	5	0	2	3	7	Sinfy	Mylo	Renton	Marija	Emvee					28	46	-39	32	43					37	27	-39	-66	21																																2025-04-13	and8	https://and8.dance/en/stats/reports/5115/3426/?data=1&x=980&y=160&w=1225&type=r
Dance Explosion	B-Boys 1vs1 Juniors 1 Top 8 KnockOut	The Lord	Outlaw	Outlaw	2	5	0	2	1	9	Sinfy	Mylo	Renton	Marija	Emvee					25	24	33	54	-2					40	18	33	57	36																																2025-04-13	and8	https://and8.dance/en/stats/reports/5115/3426/?data=1&x=245&y=430&w=1225&type=r
Dance Explosion	B-Boys 1vs1 Juniors 1 Top 8 KnockOut	Aky	Toni T-Bone	Toni T-Bone	2	5	0	2	0	10	Sinfy	Mylo	Renton	Marija	Emvee					28	32	38	68	52					42	35	35	73	81																																2025-04-13	and8	https://and8.dance/en/stats/reports/5115/3426/?data=1&x=245&y=160&w=1225&type=r
Dance Explosion	B-Boys 1vs1 Juniors 2 Top 8 KnockOut	Fiyo	Lucky Lux	Lucky Lux	3	5	1	2	6	9	Sinfy	Mylo	Renton	Marija	Emvee					42	-23	-22	54	50					-20	-21	-17	77	3					14	61	-19	74	53																							2025-04-13	and8	https://and8.dance/en/stats/reports/5115/3427/?data=1&x=615&y=280&w=1225&type=r
Dance Explosion	B-Boys 1vs1 Juniors 2 Top 8 KnockOut	Žoopa	Vex	Žoopa	2	5	2	0	9	1	Sinfy	Mylo	Renton	Marija	Emvee					-23	-13	-26	-71	-53					-23	21	-19	-65	-25																																2025-04-13	and8	https://and8.dance/en/stats/reports/5115/3427/?data=1&x=615&y=465&w=1225&type=r
Dance Explosion	B-Boys 1vs1 Juniors 2 Top 8 KnockOut	Vex	Lucky Lux	Lucky Lux	2	5	0	2	0	10	Sinfy	Mylo	Renton	Marija	Emvee					59	28	25	67	52					58	22	28	86	61																																2025-04-13	and8	https://and8.dance/en/stats/reports/5115/3427/?data=1&x=760&y=360&w=1225&type=r
Dance Explosion	B-Boys 1vs1 Juniors 2 Top 8 KnockOut	Žoopa	Fiyo	Fiyo	2	5	0	2	2	8	Sinfy	Mylo	Renton	Marija	Emvee					41	-29	26	64	57					37	30	27	-40	40																																2025-04-13	and8	https://and8.dance/en/stats/reports/5115/3427/?data=1&x=465&y=360&w=1225&type=r
Dance Explosion	B-Boys 1vs1 Juniors 2 Top 8 KnockOut	Memes	Lucky Lux	Lucky Lux	2	5	0	2	0	10	Sinfy	Mylo	Renton	Marija	Emvee					55	18	27	87	47					35	12	17	77	59																																2025-04-13	and8	https://and8.dance/en/stats/reports/5115/3427/?data=1&x=980&y=430&w=1225&type=r
Dance Explosion	B-Boys 1vs1 Juniors 2 Top 8 KnockOut	Shock	Vex	Vex	2	5	0	2	2	8	Sinfy	Mylo	Renton	Marija	Emvee					18	32	16	-28	28					14	27	18	35	-38																																2025-04-13	and8	https://and8.dance/en/stats/reports/5115/3427/?data=1&x=980&y=160&w=1225&type=r
Dance Explosion	B-Boys 1vs1 Juniors 2 Top 8 KnockOut	Doomshroom	Fiyo	Fiyo	2	5	0	2	1	9	Sinfy	Mylo	Renton	Marija	Emvee					39	22	27	61	58					21	13	-23	53	54																																2025-04-13	and8	https://and8.dance/en/stats/reports/5115/3427/?data=1&x=245&y=430&w=1225&type=r
Dance Explosion	B-Boys 1vs1 Juniors 2 Top 8 KnockOut	Fich The Beast	Žoopa	Žoopa	2	5	0	2	1	9	Sinfy	Mylo	Renton	Marija	Emvee					-20	15	17	49	41					19	15	19	24	55																																2025-04-13	and8	https://and8.dance/en/stats/reports/5115/3427/?data=1&x=245&y=160&w=1225&type=r
Dance Explosion	B-Boys 1vs1 Adults Top 4 KnockOut	Super Mario	FikiFunky	Super Mario	3	5	2	1	9	6	Sinfy	Mylo	Renton	Marija	Emvee					24	11	22	43	44					-21	-27	-19	-44	19					-22	-31	-21	-59	-55																							2025-04-13	and8	https://and8.dance/en/stats/reports/5115/3428/?data=1&x=980&y=400&w=1225&type=r
Dance Explosion	B-Boys 1vs1 Adults Top 4 KnockOut	Smile	Crni mrak	Smile	2	5	2	0	9	1	Sinfy	Mylo	Renton	Marija	Emvee					-32	-24	-19	-54	-50					-21	23	-22	-48	-42																																2025-04-13	and8	https://and8.dance/en/stats/reports/5115/3428/?data=1&x=570&y=400&w=1225&type=r
Dance Explosion	B-Boys 1vs1 Adults Top 4 KnockOut	Crni mrak	FikiFunky	FikiFunky	2	5	0	2	1	9	Sinfy	Mylo	Renton	Marija	Emvee					29	-18	24	68	61					22	15	28	34	40																																2025-04-13	and8	https://and8.dance/en/stats/reports/5115/3428/?data=1&x=590&y=490&w=1225&type=r
Dance Explosion	B-Boys 1vs1 Adults Top 4 KnockOut	Smile	Super Mario	Super Mario	2	5	0	2	3	7	Sinfy	Mylo	Renton	Marija	Emvee					15	20	20	-19	-24					17	21	20	34	-13																																2025-04-13	and8	https://and8.dance/en/stats/reports/5115/3428/?data=1&x=590&y=300&w=1225&type=r
Dance Explosion	B-Girls 1vs1 Children Final KnockOut	Lil' T	Milky Way	Lil' T	2	5	2	0	10	0	Sinfy	Mylo	Renton	Marija	Emvee					-37	-100	-25	-68	-28					-45	-100	-26	-48	-91																																2025-04-13	and8	https://and8.dance/en/stats/reports/5115/3430/?data=1&x=980&y=400&w=1225&type=r
Dance Explosion	B-Girls 1vs1 Juniors 1 Final KnockOut	Zaky	Starlight	Starlight	3	5	1	2	3	12	Sinfy	Mylo	Renton	Marija	Emvee					32	-30	-18	67	-22					26	3	55	73	19					33	12	44	61	39																							2025-04-13	and8	https://and8.dance/en/stats/reports/5115/3431/?data=1&x=980&y=400&w=1225&type=r
Dance Explosion	B-Girls 1vs1 Adults Final KnockOut	Bela	Lucky	Bela	2	5	2	0	10	0	Sinfy	Mylo	Renton	Marija	Emvee					-50	-21	-30	-50	-49					-44	-19	-31	-73	-38																																2025-04-13	and8	https://and8.dance/en/stats/reports/5115/3433/?data=1&x=980&y=400&w=1225&type=r
Le Championnat Breaking Quebec	1vs1 Breaking (6-9 years old) Top 32 KnockOut	FIERCE	FlowMase	FIERCE	2	3	2	0	6	0	Dazl	Cleopatra	Hiro10							-100	-31	-16							-100	-19	-24																																		2025-05-17	and8	https://and8.dance/en/stats/reports/5062/3285/?data=1&x=615&y=200&w=1225&type=r
Le Championnat Breaking Quebec	1vs1 Breaking (6-9 years old) Top 32 KnockOut	B-Boy Mill	Energy	Energy	3	3	1	2	3	6	Dazl	Cleopatra	Hiro10							-100	-35	-25							100	15	27							100	16	36																									2025-05-17	and8	https://and8.dance/en/stats/reports/5062/3285/?data=1&x=615&y=545&w=1225&type=r
Le Championnat Breaking Quebec	1vs1 Breaking (6-9 years old) Top 32 KnockOut	FlowMase	Energy	FlowMase	1	3	1	0	2	1	Dazl	Cleopatra	Hiro10							100	-17	-10																																											2025-05-17	and8	https://and8.dance/en/stats/reports/5062/3285/?data=1&x=695&y=375&w=1225&type=r
Le Championnat Breaking Quebec	1vs1 Breaking (6-9 years old) Top 32 KnockOut	FIERCE	B-Boy Mill	FIERCE	1	3	1	0	3	0	Dazl	Cleopatra	Hiro10							-100	-30	-51																																											2025-05-17	and8	https://and8.dance/en/stats/reports/5062/3285/?data=1&x=535&y=375&w=1225&type=r
Le Championnat Breaking Quebec	1vs1 Breaking (6-9 years old) Top 32 KnockOut	Flex	Energy	Energy	1	3	0	1	0	3	Dazl	Cleopatra	Hiro10							100	55	33																																											2025-05-17	and8	https://and8.dance/en/stats/reports/5062/3285/?data=1&x=740&y=500&w=1225&type=r
Le Championnat Breaking Quebec	1vs1 Breaking (6-9 years old) Top 32 KnockOut	FlowMase	B-Boy Jackie Chan	FlowMase	1	3	1	0	3	0	Dazl	Cleopatra	Hiro10							-100	-49	-53																																											2025-05-17	and8	https://and8.dance/en/stats/reports/5062/3285/?data=1&x=740&y=245&w=1225&type=r
Le Championnat Breaking Quebec	1vs1 Breaking (6-9 years old) Top 32 KnockOut	B-Boy Mill	MymyRock	B-Boy Mill	1	3	1	0	3	0	Dazl	Cleopatra	Hiro10							-100	-29	-49																																											2025-05-17	and8	https://and8.dance/en/stats/reports/5062/3285/?data=1&x=490&y=500&w=1225&type=r
Le Championnat Breaking Quebec	1vs1 Breaking (6-9 years old) Top 32 KnockOut	FIERCE	BlondDemon	FIERCE	1	3	1	0	3	0	Dazl	Cleopatra	Hiro10							-100	-57	-52																																											2025-05-17	and8	https://and8.dance/en/stats/reports/5062/3285/?data=1&x=490&y=245&w=1225&type=r
Le Championnat Breaking Quebec	1vs1 Breaking (6-9 years old) Top 32 KnockOut	Energy	B-Boy Beanie Beanz	Energy	1	3	1	0	3	0	Dazl	Cleopatra	Hiro10							-100	-13	-100																																											2025-05-17	and8	https://and8.dance/en/stats/reports/5062/3285/?data=1&x=775&y=565&w=1225&type=r
Le Championnat Breaking Quebec	1vs1 Breaking (6-9 years old) Top 32 KnockOut	Flex	Phénix	Flex	1	3	1	0	3	0	Dazl	Cleopatra	Hiro10							-100	-10	-16																																											2025-05-17	and8	https://and8.dance/en/stats/reports/5062/3285/?data=1&x=775&y=435&w=1225&type=r
Le Championnat Breaking Quebec	1vs1 Breaking (6-9 years old) Top 32 KnockOut	B-Boy Jackie Chan	Red Panda	B-Boy Jackie Chan	1	3	1	0	3	0	Dazl	Cleopatra	Hiro10							-100	-52	-11																																											2025-05-17	and8	https://and8.dance/en/stats/reports/5062/3285/?data=1&x=775&y=310&w=1225&type=r
Le Championnat Breaking Quebec	1vs1 Breaking (6-9 years old) Top 32 KnockOut	FlowMase	Lion Nathan	FlowMase	1	3	1	0	3	0	Dazl	Cleopatra	Hiro10							-100	-55	-12																																											2025-05-17	and8	https://and8.dance/en/stats/reports/5062/3285/?data=1&x=775&y=180&w=1225&type=r
Le Championnat Breaking Quebec	1vs1 Breaking (6-9 years old) Top 32 KnockOut	MymyRock	NoaNonstop	MymyRock	1	3	1	0	2	1	Dazl	Cleopatra	Hiro10							-100	13	-11																																											2025-05-17	and8	https://and8.dance/en/stats/reports/5062/3285/?data=1&x=450&y=565&w=1225&type=r
Le Championnat Breaking Quebec	1vs1 Breaking (6-9 years old) Top 32 KnockOut	Sammy Boy	B-Boy Mill	B-Boy Mill	1	3	0	1	1	2	Dazl	Cleopatra	Hiro10							100	20	-32																																											2025-05-17	and8	https://and8.dance/en/stats/reports/5062/3285/?data=1&x=450&y=435&w=1225&type=r
Le Championnat Breaking Quebec	1vs1 Breaking (6-9 years old) Top 32 KnockOut	BlondDemon	Plaxmol	BlondDemon	1	3	1	0	3	0	Dazl	Cleopatra	Hiro10							-100	-30	-32																																											2025-05-17	and8	https://and8.dance/en/stats/reports/5062/3285/?data=1&x=450&y=310&w=1225&type=r
Le Championnat Breaking Quebec	1vs1 Breaking (6-9 years old) Top 32 KnockOut	FIERCE	Zouzou	FIERCE	1	3	1	0	3	0	Dazl	Cleopatra	Hiro10							-100	-23	-36																																											2025-05-17	and8	https://and8.dance/en/stats/reports/5062/3285/?data=1&x=450&y=180&w=1225&type=r
Le Championnat Breaking Quebec	1vs1 Breaking (6-9 years old) Top 32 KnockOut	B-Boy Beanie Beanz	B-Boy Ismael	B-Boy Beanie Beanz	1	3	1	0	3	0	Dazl	Cleopatra	Hiro10							-100	-11	-31																																											2025-05-17	and8	https://and8.dance/en/stats/reports/5062/3285/?data=1&x=935&y=610&w=1225&type=r
Le Championnat Breaking Quebec	1vs1 Breaking (6-9 years old) Top 32 KnockOut	Energy	Zackyboy	Energy	1	3	1	0	3	0	Dazl	Cleopatra	Hiro10							-100	-55	-22																																											2025-05-17	and8	https://and8.dance/en/stats/reports/5062/3285/?data=1&x=935&y=540&w=1225&type=r
Le Championnat Breaking Quebec	1vs1 Breaking (6-9 years old) Top 32 KnockOut	B-Boy Nicolas	Phénix	Phénix	1	3	0	1	0	3	Dazl	Cleopatra	Hiro10							100	24	6																																											2025-05-17	and8	https://and8.dance/en/stats/reports/5062/3285/?data=1&x=935&y=475&w=1225&type=r
Le Championnat Breaking Quebec	1vs1 Breaking (6-9 years old) Top 32 KnockOut	BombVibe	Flex	Flex	1	3	0	1	0	3	Dazl	Cleopatra	Hiro10							100	16	18																																											2025-05-17	and8	https://and8.dance/en/stats/reports/5062/3285/?data=1&x=935&y=405&w=1225&type=r
Le Championnat Breaking Quebec	1vs1 Breaking (6-9 years old) Top 32 KnockOut	La lune	Red Panda	Red Panda	1	3	0	1	0	3	Dazl	Cleopatra	Hiro10							100	30	21																																											2025-05-17	and8	https://and8.dance/en/stats/reports/5062/3285/?data=1&x=935&y=340&w=1225&type=r
Le Championnat Breaking Quebec	1vs1 Breaking (6-9 years old) Top 32 KnockOut	B-Boy Raphi	B-Boy Jackie Chan	B-Boy Jackie Chan	1	3	0	1	1	2	Dazl	Cleopatra	Hiro10							100	-42	4																																											2025-05-17	and8	https://and8.dance/en/stats/reports/5062/3285/?data=1&x=935&y=270&w=1225&type=r
Le Championnat Breaking Quebec	1vs1 Breaking (6-9 years old) Top 32 KnockOut	Pipo	Lion Nathan	Lion Nathan	1	3	0	1	0	3	Dazl	Cleopatra	Hiro10							100	17	16																																											2025-05-17	and8	https://and8.dance/en/stats/reports/5062/3285/?data=1&x=935&y=200&w=1225&type=r
Le Championnat Breaking Quebec	1vs1 Breaking (6-9 years old) Top 32 KnockOut	B-Boy King	FlowMase	FlowMase	1	3	0	1	0	3	Dazl	Cleopatra	Hiro10							100	26	23																																											2025-05-17	and8	https://and8.dance/en/stats/reports/5062/3285/?data=1&x=935&y=130&w=1225&type=r
Le Championnat Breaking Quebec	1vs1 Breaking (6-9 years old) Top 32 KnockOut	NoaNonstop	B-Girl Gaye	NoaNonstop	1	3	1	0	3	0	Dazl	Cleopatra	Hiro10							-100	-62	-11																																											2025-05-17	and8	https://and8.dance/en/stats/reports/5062/3285/?data=1&x=300&y=610&w=1225&type=r
Le Championnat Breaking Quebec	1vs1 Breaking (6-9 years old) Top 32 KnockOut	B-Boy Thomas Lamontagne	MymyRock	MymyRock	1	3	0	1	0	3	Dazl	Cleopatra	Hiro10							100	35	56																																											2025-05-17	and8	https://and8.dance/en/stats/reports/5062/3285/?data=1&x=300&y=540&w=1225&type=r
Le Championnat Breaking Quebec	1vs1 Breaking (6-9 years old) Top 32 KnockOut	B-Boy Mill	B-Boy Leandre	B-Boy Mill	1	3	1	0	3	0	Dazl	Cleopatra	Hiro10							-100	-36	-20																																											2025-05-17	and8	https://and8.dance/en/stats/reports/5062/3285/?data=1&x=300&y=475&w=1225&type=r
Le Championnat Breaking Quebec	1vs1 Breaking (6-9 years old) Top 32 KnockOut	Sammy Boy	Golden Mario	Sammy Boy	1	3	1	0	3	0	Dazl	Cleopatra	Hiro10							-100	-55	-26																																											2025-05-17	and8	https://and8.dance/en/stats/reports/5062/3285/?data=1&x=300&y=405&w=1225&type=r
Le Championnat Breaking Quebec	1vs1 Breaking (6-9 years old) Top 32 KnockOut	B-Boy Thomas Lamarche	Plaxmol	Plaxmol	1	3	0	1	0	3	Dazl	Cleopatra	Hiro10							100	34	28																																											2025-05-17	and8	https://and8.dance/en/stats/reports/5062/3285/?data=1&x=300&y=340&w=1225&type=r
Le Championnat Breaking Quebec	1vs1 Breaking (6-9 years old) Top 32 KnockOut	Zack attack	BlondDemon	BlondDemon	1	3	0	1	0	3	Dazl	Cleopatra	Hiro10							100	34	19																																											2025-05-17	and8	https://and8.dance/en/stats/reports/5062/3285/?data=1&x=300&y=270&w=1225&type=r
Le Championnat Breaking Quebec	1vs1 Breaking (6-9 years old) Top 32 KnockOut	HenBall	Zouzou	Zouzou	1	3	0	1	1	2	Dazl	Cleopatra	Hiro10							100	89	-15																																											2025-05-17	and8	https://and8.dance/en/stats/reports/5062/3285/?data=1&x=300&y=200&w=1225&type=r
Le Championnat Breaking Quebec	1vs1 Breaking (6-9 years old) Top 32 KnockOut	FIERCE	The Beat Boy	FIERCE	1	3	1	0	3	0	Dazl	Cleopatra	Hiro10							-100	-98	-100																																											2025-05-17	and8	https://and8.dance/en/stats/reports/5062/3285/?data=1&x=300&y=130&w=1225&type=r
Le Championnat Breaking Quebec	1vs1 Breaking Beginner (10-13 years old) Top 16 KnockOut	Flashback	Ricky-M	Flashback	2	3	2	0	5	1	Dazl	Cleopatra	Hiro10							-100	-46	-74							-100	22	-11																																		2025-05-17	and8	https://and8.dance/en/stats/reports/5062/3286/?data=1&x=615&y=175&w=1225&type=r
Le Championnat Breaking Quebec	1vs1 Breaking Beginner (10-13 years old) Top 16 KnockOut	B-Boy Flakin	B-Boy Yos	B-Boy Flakin	2	3	2	0	6	0	Dazl	Cleopatra	Hiro10							-100	-30	-24							-100	-27	-17																																		2025-05-17	and8	https://and8.dance/en/stats/reports/5062/3286/?data=1&x=615&y=525&w=1225&type=r
Le Championnat Breaking Quebec	1vs1 Breaking Beginner (10-13 years old) Top 16 KnockOut	Ricky-M	B-Boy Yos	Ricky-M	1	3	1	0	3	0	Dazl	Cleopatra	Hiro10							-100	-26	-28																																											2025-05-17	and8	https://and8.dance/en/stats/reports/5062/3286/?data=1&x=745&y=360&w=1225&type=r
Le Championnat Breaking Quebec	1vs1 Breaking Beginner (10-13 years old) Top 16 KnockOut	Flashback	B-Boy Flakin	Flashback	1	3	1	0	3	0	Dazl	Cleopatra	Hiro10							-100	-44	-11																																											2025-05-17	and8	https://and8.dance/en/stats/reports/5062/3286/?data=1&x=480&y=360&w=1225&type=r
Le Championnat Breaking Quebec	1vs1 Breaking Beginner (10-13 years old) Top 16 KnockOut	Mascheck	B-Boy Yos	B-Boy Yos	1	3	0	1	1	2	Dazl	Cleopatra	Hiro10							-100	31	18																																											2025-05-17	and8	https://and8.dance/en/stats/reports/5062/3286/?data=1&x=785&y=495&w=1225&type=r
Le Championnat Breaking Quebec	1vs1 Breaking Beginner (10-13 years old) Top 16 KnockOut	Ricky-M	Laurent-Outan	Ricky-M	1	3	1	0	3	0	Dazl	Cleopatra	Hiro10							-100	-44	-5																																											2025-05-17	and8	https://and8.dance/en/stats/reports/5062/3286/?data=1&x=785&y=225&w=1225&type=r
Le Championnat Breaking Quebec	1vs1 Breaking Beginner (10-13 years old) Top 16 KnockOut	B-Boy Flakin	B-Boy Domenico	B-Boy Flakin	1	3	1	0	3	0	Dazl	Cleopatra	Hiro10							-100	-23	-14																																											2025-05-17	and8	https://and8.dance/en/stats/reports/5062/3286/?data=1&x=440&y=495&w=1225&type=r
Le Championnat Breaking Quebec	1vs1 Breaking Beginner (10-13 years old) Top 16 KnockOut	Flashback	Zakado	Flashback	1	3	1	0	3	0	Dazl	Cleopatra	Hiro10							-100	-32	-48																																											2025-05-17	and8	https://and8.dance/en/stats/reports/5062/3286/?data=1&x=440&y=225&w=1225&type=r
Le Championnat Breaking Quebec	1vs1 Breaking Beginner (10-13 years old) Top 16 KnockOut	Macak	B-Boy Yos	B-Boy Yos	1	3	0	1	1	2	Dazl	Cleopatra	Hiro10							-93	26	6																																											2025-05-17	and8	https://and8.dance/en/stats/reports/5062/3286/?data=1&x=1085&y=540&w=1225&type=r
Le Championnat Breaking Quebec	1vs1 Breaking Beginner (10-13 years old) Top 16 KnockOut	B-Boy Vic	Mascheck	Mascheck	1	3	0	1	1	2	Dazl	Cleopatra	Hiro10							-100	16	19																																											2025-05-17	and8	https://and8.dance/en/stats/reports/5062/3286/?data=1&x=1085&y=405&w=1225&type=r
Le Championnat Breaking Quebec	1vs1 Breaking Beginner (10-13 years old) Top 16 KnockOut	Lionzac	Laurent-Outan	Laurent-Outan	1	3	0	1	1	2	Dazl	Cleopatra	Hiro10							-100	9	13																																											2025-05-17	and8	https://and8.dance/en/stats/reports/5062/3286/?data=1&x=1085&y=270&w=1225&type=r
Le Championnat Breaking Quebec	1vs1 Breaking Beginner (10-13 years old) Top 16 KnockOut	Ricky-M	Bootbro	Ricky-M	1	3	1	0	3	0	Dazl	Cleopatra	Hiro10							-100	-25	-25																																											2025-05-17	and8	https://and8.dance/en/stats/reports/5062/3286/?data=1&x=1085&y=135&w=1225&type=r
Le Championnat Breaking Quebec	1vs1 Breaking Beginner (10-13 years old) Top 16 KnockOut	Elite	B-Boy Domenico	B-Boy Domenico	1	3	0	1	1	2	Dazl	Cleopatra	Hiro10							-100	21	10																																											2025-05-17	and8	https://and8.dance/en/stats/reports/5062/3286/?data=1&x=135&y=540&w=1225&type=r
Le Championnat Breaking Quebec	1vs1 Breaking Beginner (10-13 years old) Top 16 KnockOut	B-Boy Flakin	Flash	B-Boy Flakin	1	3	1	0	3	0	Dazl	Cleopatra	Hiro10							-100	-27	-24																																											2025-05-17	and8	https://and8.dance/en/stats/reports/5062/3286/?data=1&x=135&y=405&w=1225&type=r
Le Championnat Breaking Quebec	1vs1 Breaking Beginner (10-13 years old) Top 16 KnockOut	B-Boy JOJO	Zakado	Zakado	1	3	0	1	0	3	Dazl	Cleopatra	Hiro10							100	30	40																																											2025-05-17	and8	https://and8.dance/en/stats/reports/5062/3286/?data=1&x=135&y=270&w=1225&type=r
Le Championnat Breaking Quebec	1vs1 Breaking Beginner (10-13 years old) Top 16 KnockOut	Domtix	Flashback	Flashback	1	3	0	1	0	3	Dazl	Cleopatra	Hiro10							100	23	61																																											2025-05-17	and8	https://and8.dance/en/stats/reports/5062/3286/?data=1&x=135&y=135&w=1225&type=r
Le Championnat Breaking Quebec	1vs1 Breaking Advanced (10-13 years old) Top 16 KnockOut	Slim	B-Boy spinner	B-Boy spinner	2	3	0	2	2	4	Dazl	Cleopatra	Hiro10							100	-19	6							100	18	-7																																		2025-05-17	and8	https://and8.dance/en/stats/reports/5062/3287/?data=1&x=615&y=175&w=1225&type=r
Le Championnat Breaking Quebec	1vs1 Breaking Advanced (10-13 years old) Top 16 KnockOut	Abraham	Chakal	Chakal	2	3	0	2	1	5	Dazl	Cleopatra	Hiro10							100	15	14							100	-19	10																																		2025-05-17	and8	https://and8.dance/en/stats/reports/5062/3287/?data=1&x=615&y=525&w=1225&type=r
Le Championnat Breaking Quebec	1vs1 Breaking Advanced (10-13 years old) Top 16 KnockOut	Chakal	B-Boy spinner	B-Boy spinner	1	3	0	1	1	2	Dazl	Cleopatra	Hiro10							100	18	-7																																											2025-05-17	and8	https://and8.dance/en/stats/reports/5062/3287/?data=1&x=745&y=360&w=1225&type=r
Le Championnat Breaking Quebec	1vs1 Breaking Advanced (10-13 years old) Top 16 KnockOut	Slim	Abraham	Slim	1	3	1	0	2	1	Dazl	Cleopatra	Hiro10							100	-38	-7																																											2025-05-17	and8	https://and8.dance/en/stats/reports/5062/3287/?data=1&x=480&y=360&w=1225&type=r
Le Championnat Breaking Quebec	1vs1 Breaking Advanced (10-13 years old) Top 16 KnockOut	B-Boy spinner	Dragon Uzi	B-Boy spinner	1	3	1	0	3	0	Dazl	Cleopatra	Hiro10							-100	-38	-35																																											2025-05-17	and8	https://and8.dance/en/stats/reports/5062/3287/?data=1&x=785&y=495&w=1225&type=r
Le Championnat Breaking Quebec	1vs1 Breaking Advanced (10-13 years old) Top 16 KnockOut	Chakal	Laur-D	Chakal	1	3	1	0	3	0	Dazl	Cleopatra	Hiro10							-100	-15	-16																																											2025-05-17	and8	https://and8.dance/en/stats/reports/5062/3287/?data=1&x=785&y=225&w=1225&type=r
Le Championnat Breaking Quebec	1vs1 Breaking Advanced (10-13 years old) Top 16 KnockOut	Abraham	B-Girl Nelly	Abraham	1	3	1	0	3	0	Dazl	Cleopatra	Hiro10							-100	-32	-13																																											2025-05-17	and8	https://and8.dance/en/stats/reports/5062/3287/?data=1&x=440&y=495&w=1225&type=r
Le Championnat Breaking Quebec	1vs1 Breaking Advanced (10-13 years old) Top 16 KnockOut	Slim	B-Boy kikin	Slim	1	3	1	0	3	0	Dazl	Cleopatra	Hiro10							-100	-23	-37																																											2025-05-17	and8	https://and8.dance/en/stats/reports/5062/3287/?data=1&x=440&y=225&w=1225&type=r
Le Championnat Breaking Quebec	1vs1 Breaking Advanced (10-13 years old) Top 16 KnockOut	Dragon Uzi	Wisley	Dragon Uzi	1	3	1	0	3	0	Dazl	Cleopatra	Hiro10							-100	-37	-27																																											2025-05-17	and8	https://and8.dance/en/stats/reports/5062/3287/?data=1&x=1085&y=540&w=1225&type=r
Le Championnat Breaking Quebec	1vs1 Breaking Advanced (10-13 years old) Top 16 KnockOut	B-Boy spinner	Mini Nic	B-Boy spinner	1	3	1	0	3	0	Dazl	Cleopatra	Hiro10							-100	-40	-40																																											2025-05-17	and8	https://and8.dance/en/stats/reports/5062/3287/?data=1&x=1085&y=405&w=1225&type=r
Le Championnat Breaking Quebec	1vs1 Breaking Advanced (10-13 years old) Top 16 KnockOut	Laur-D	B-Lion	Laur-D	1	3	1	0	2	1	Dazl	Cleopatra	Hiro10							-100	21	-7																																											2025-05-17	and8	https://and8.dance/en/stats/reports/5062/3287/?data=1&x=1085&y=270&w=1225&type=r
Le Championnat Breaking Quebec	1vs1 Breaking Advanced (10-13 years old) Top 16 KnockOut	Chakal	Hard-B	Chakal	1	3	1	0	3	0	Dazl	Cleopatra	Hiro10							-100	-19	-11																																											2025-05-17	and8	https://and8.dance/en/stats/reports/5062/3287/?data=1&x=1085&y=135&w=1225&type=r
Le Championnat Breaking Quebec	1vs1 Breaking Advanced (10-13 years old) Top 16 KnockOut	B-Girl Nelly	B-Girl Maya	B-Girl Nelly	1	3	1	0	3	0	Dazl	Cleopatra	Hiro10							-100	-31	-13																																											2025-05-17	and8	https://and8.dance/en/stats/reports/5062/3287/?data=1&x=135&y=540&w=1225&type=r
Le Championnat Breaking Quebec	1vs1 Breaking Advanced (10-13 years old) Top 16 KnockOut	B-Lo	Abraham	Abraham	1	3	0	1	1	2	Dazl	Cleopatra	Hiro10							100	23	-5																																											2025-05-17	and8	https://and8.dance/en/stats/reports/5062/3287/?data=1&x=135&y=405&w=1225&type=r
Le Championnat Breaking Quebec	1vs1 Breaking Advanced (10-13 years old) Top 16 KnockOut	B-Boy kikin	HellCat	B-Boy kikin	1	3	1	0	3	0	Dazl	Cleopatra	Hiro10							-100	-17	-13																																											2025-05-17	and8	https://and8.dance/en/stats/reports/5062/3287/?data=1&x=135&y=270&w=1225&type=r
Le Championnat Breaking Quebec	1vs1 Breaking Advanced (10-13 years old) Top 16 KnockOut	Slim	ChewieB	Slim	1	3	1	0	2	1	Dazl	Cleopatra	Hiro10							-100	-22	11																																											2025-05-17	and8	https://and8.dance/en/stats/reports/5062/3287/?data=1&x=135&y=135&w=1225&type=r
Le Championnat Breaking Quebec	1vs1 Breaking (14-17 years old) Top 16 KnockOut	B-Boy Nightmare	B-Boy Sparrow	B-Boy Sparrow	2	3	0	2	2	4	Dazl	Cleopatra	Hiro10							100	20	-10							100	-31	7																																		2025-05-17	and8	https://and8.dance/en/stats/reports/5062/3288/?data=1&x=615&y=175&w=1225&type=r
Le Championnat Breaking Quebec	1vs1 Breaking (14-17 years old) Top 16 KnockOut	Tittch	ACE	Tittch	3	3	2	1	4	5	Dazl	Cleopatra	Hiro10							100	-29	-5							100	31	10							100	-13	-6																									2025-05-17	and8	https://and8.dance/en/stats/reports/5062/3288/?data=1&x=615&y=525&w=1225&type=r
Le Championnat Breaking Quebec	1vs1 Breaking (14-17 years old) Top 16 KnockOut	B-Boy Sparrow	ACE	B-Boy Sparrow	2	3	2	0	6	0	Dazl	Cleopatra	Hiro10							-100	-22	-30							-100	-19	-25																																		2025-05-17	and8	https://and8.dance/en/stats/reports/5062/3288/?data=1&x=745&y=360&w=1225&type=r
Le Championnat Breaking Quebec	1vs1 Breaking (14-17 years old) Top 16 KnockOut	B-Boy Nightmare	Tittch	B-Boy Nightmare	2	3	2	0	6	0	Dazl	Cleopatra	Hiro10							-100	-46	-24							-100	-27	-100																																		2025-05-17	and8	https://and8.dance/en/stats/reports/5062/3288/?data=1&x=480&y=360&w=1225&type=r
Le Championnat Breaking Quebec	1vs1 Breaking (14-17 years old) Top 16 KnockOut	ACE	Mathioso	ACE	1	3	1	0	3	0	Dazl	Cleopatra	Hiro10							-100	-44	-91																																											2025-05-17	and8	https://and8.dance/en/stats/reports/5062/3288/?data=1&x=785&y=495&w=1225&type=r
Le Championnat Breaking Quebec	1vs1 Breaking (14-17 years old) Top 16 KnockOut	B-Boy Sparrow	B-Boy Gus	B-Boy Sparrow	1	3	1	0	3	0	Dazl	Cleopatra	Hiro10							-100	-20	-22																																											2025-05-17	and8	https://and8.dance/en/stats/reports/5062/3288/?data=1&x=785&y=225&w=1225&type=r
Le Championnat Breaking Quebec	1vs1 Breaking (14-17 years old) Top 16 KnockOut	Vinc	Tittch	Tittch	1	3	0	1	1	2	Dazl	Cleopatra	Hiro10							100	-33	25																																											2025-05-17	and8	https://and8.dance/en/stats/reports/5062/3288/?data=1&x=440&y=495&w=1225&type=r
Le Championnat Breaking Quebec	1vs1 Breaking (14-17 years old) Top 16 KnockOut	B-Boy Nightmare	Philoops	B-Boy Nightmare	1	3	1	0	3	0	Dazl	Cleopatra	Hiro10							-100	-25	-9																																											2025-05-17	and8	https://and8.dance/en/stats/reports/5062/3288/?data=1&x=440&y=225&w=1225&type=r
Le Championnat Breaking Quebec	1vs1 Breaking (14-17 years old) Top 16 KnockOut	Tailz	Mathioso	Mathioso	1	3	0	1	1	2	Dazl	Cleopatra	Hiro10							-100	25	4																																											2025-05-17	and8	https://and8.dance/en/stats/reports/5062/3288/?data=1&x=1085&y=540&w=1225&type=r
Le Championnat Breaking Quebec	1vs1 Breaking (14-17 years old) Top 16 KnockOut	Sound	ACE	ACE	1	3	0	1	0	3	Dazl	Cleopatra	Hiro10							100	21	32																																											2025-05-17	and8	https://and8.dance/en/stats/reports/5062/3288/?data=1&x=1085&y=405&w=1225&type=r
Le Championnat Breaking Quebec	1vs1 Breaking (14-17 years old) Top 16 KnockOut	Lil Time	B-Boy Gus	B-Boy Gus	1	3	0	1	0	3	Dazl	Cleopatra	Hiro10							100	18	30																																											2025-05-17	and8	https://and8.dance/en/stats/reports/5062/3288/?data=1&x=1085&y=270&w=1225&type=r
Le Championnat Breaking Quebec	1vs1 Breaking (14-17 years old) Top 16 KnockOut	B-Boy Sparrow	LaKouette	B-Boy Sparrow	1	3	1	0	3	0	Dazl	Cleopatra	Hiro10							-100	-32	-37																																											2025-05-17	and8	https://and8.dance/en/stats/reports/5062/3288/?data=1&x=1085&y=135&w=1225&type=r
Le Championnat Breaking Quebec	1vs1 Breaking (14-17 years old) Top 16 KnockOut	Tittch	S-Frost	Tittch	1	3	1	0	3	0	Dazl	Cleopatra	Hiro10							-100	-34	-40																																											2025-05-17	and8	https://and8.dance/en/stats/reports/5062/3288/?data=1&x=135&y=540&w=1225&type=r
Le Championnat Breaking Quebec	1vs1 Breaking (14-17 years old) Top 16 KnockOut	Vinc	Kyrant	Vinc	1	3	1	0	3	0	Dazl	Cleopatra	Hiro10							-100	-24	-18																																											2025-05-17	and8	https://and8.dance/en/stats/reports/5062/3288/?data=1&x=135&y=405&w=1225&type=r
Le Championnat Breaking Quebec	1vs1 Breaking (14-17 years old) Top 16 KnockOut	Nate The Great	Philoops	Philoops	1	3	0	1	0	3	Dazl	Cleopatra	Hiro10							100	18	20																																											2025-05-17	and8	https://and8.dance/en/stats/reports/5062/3288/?data=1&x=135&y=270&w=1225&type=r
Le Championnat Breaking Quebec	1vs1 Breaking (14-17 years old) Top 16 KnockOut	FlowCAM	B-Boy Nightmare	B-Boy Nightmare	1	3	0	1	0	3	Dazl	Cleopatra	Hiro10							100	17	5																																											2025-05-17	and8	https://and8.dance/en/stats/reports/5062/3288/?data=1&x=135&y=135&w=1225&type=r
Le Championnat Breaking Quebec	1vs1 Breaking (18+) Top 8 KnockOut	Salty Vibz	Soan	Salty Vibz	2	3	2	0	4	2	Dazl	Cleopatra	Hiro10							-100	-38	11							-100	-13	9																																		2025-05-17	and8	https://and8.dance/en/stats/reports/5062/3479/?data=1&x=615&y=280&w=1225&type=r
Le Championnat Breaking Quebec	1vs1 Breaking (18+) Top 8 KnockOut	Sak	Mayhem	Sak	2	3	2	0	4	2	Dazl	Cleopatra	Hiro10							-100	8	-16							-96	-57	9																																		2025-05-17	and8	https://and8.dance/en/stats/reports/5062/3479/?data=1&x=615&y=465&w=1225&type=r
Le Championnat Breaking Quebec	1vs1 Breaking (18+) Top 8 KnockOut	Soan	Mayhem	Soan	2	3	2	0	6	0	Dazl	Cleopatra	Hiro10							-100	-33	-12							-100	-37	-18																																		2025-05-17	and8	https://and8.dance/en/stats/reports/5062/3479/?data=1&x=760&y=360&w=1225&type=r
Le Championnat Breaking Quebec	1vs1 Breaking (18+) Top 8 KnockOut	Sak	Salty Vibz	Salty Vibz	3	3	1	2	4	5	Dazl	Cleopatra	Hiro10							100	27	-15							100	-42	-21							100	14	-22																									2025-05-17	and8	https://and8.dance/en/stats/reports/5062/3479/?data=1&x=465&y=360&w=1225&type=r
Le Championnat Breaking Quebec	1vs1 Breaking (18+) Top 8 KnockOut	Mayhem	Oki	Mayhem	1	3	1	0	3	0	Dazl	Cleopatra	Hiro10							-100	-25	-15																																											2025-05-17	and8	https://and8.dance/en/stats/reports/5062/3479/?data=1&x=980&y=430&w=1225&type=r
Le Championnat Breaking Quebec	1vs1 Breaking (18+) Top 8 KnockOut	Soan	Professor H	Soan	1	3	1	0	3	0	Dazl	Cleopatra	Hiro10							-100	-40	-8																																											2025-05-17	and8	https://and8.dance/en/stats/reports/5062/3479/?data=1&x=980&y=160&w=1225&type=r
Le Championnat Breaking Quebec	1vs1 Breaking (18+) Top 8 KnockOut	Stiller	Salty Vibz	Salty Vibz	1	3	0	1	0	3	Dazl	Cleopatra	Hiro10							100	9	15																																											2025-05-17	and8	https://and8.dance/en/stats/reports/5062/3479/?data=1&x=245&y=430&w=1225&type=r
Le Championnat Breaking Quebec	1vs1 Breaking (18+) Top 8 KnockOut	Sak	gato	Sak	1	3	1	0	3	0	Dazl	Cleopatra	Hiro10							-100	-50	-100																																											2025-05-17	and8	https://and8.dance/en/stats/reports/5062/3479/?data=1&x=245&y=160&w=1225&type=r
Check The Style World Final 2025	1vs1 Open Pro Top 32 KnockOut	Ceebri	Amaro	Amaro	3	5	1	2	7	8	Issue	MG	Nadia	Stripes	Crazy					5	8	18	-6	7					-19	-24	-13	-8	-10					4	26	-9	3	7																							2025-05-22	and8	https://and8.dance/en/stats/reports/4881/2797/?data=1&x=615&y=615&w=1225&type=r
Check The Style World Final 2025	1vs1 Open Pro Top 32 KnockOut	Amaro	Grom	Amaro	3	5	2	1	9	6	Issue	MG	Nadia	Stripes	Crazy					8	-14	11	3	-14					-6	-12	25	-4	-8					3	-13	37	-8	-13																							2025-05-22	and8	https://and8.dance/en/stats/reports/4881/2797/?data=1&x=695&y=375&w=1225&type=r
Check The Style World Final 2025	1vs1 Open Pro Top 32 KnockOut	Caligola	Ceebri	Ceebri	2	5	0	2	2	8	Issue	MG	Nadia	Stripes	Crazy					4	17	25	5	6					-4	-10	28	4	4																																2025-05-22	and8	https://and8.dance/en/stats/reports/4881/2797/?data=1&x=535&y=375&w=1225&type=r
Check The Style World Final 2025	1vs1 Open Pro Top 32 KnockOut	Grom	Litefoot	Grom	3	5	2	1	10	5	Issue	MG	Nadia	Stripes	Crazy					-18	-17	-35	-9	-12					7	12	-11	5	-6					-6	-11	6	-3	9																							2025-05-22	and8	https://and8.dance/en/stats/reports/4881/2797/?data=1&x=740&y=500&w=1225&type=r
Check The Style World Final 2025	1vs1 Open Pro Top 32 KnockOut	Amaro	Klodison	Amaro	2	5	2	0	9	1	Issue	MG	Nadia	Stripes	Crazy					-38	-40	-8	3	-9					-17	-40	-14	-10	-7																																2025-05-22	and8	https://and8.dance/en/stats/reports/4881/2797/?data=1&x=740&y=245&w=1225&type=r
Check The Style World Final 2025	1vs1 Open Pro Top 32 KnockOut	Ceebri	Allef ~	Ceebri	2	5	2	0	9	1	Issue	MG	Nadia	Stripes	Crazy					-38	3	-4	-5	-12					-28	-9	-6	-2	-12																																2025-05-22	and8	https://and8.dance/en/stats/reports/4881/2797/?data=1&x=490&y=500&w=1225&type=r
Check The Style World Final 2025	1vs1 Open Pro Top 32 KnockOut	Caligola	Geeroud	Caligola	2	5	2	0	9	1	Issue	MG	Nadia	Stripes	Crazy					-10	-10	-21	-10	-9					6	-18	-29	-3	-10																																2025-05-22	and8	https://and8.dance/en/stats/reports/4881/2797/?data=1&x=490&y=245&w=1225&type=r
Check The Style World Final 2025	1vs1 Open Pro Top 32 KnockOut	Be.knock	Litefoot	Litefoot	1	5	0	1	0	5	Issue	MG	Nadia	Stripes	Crazy					64	13	11	11	17																																									2025-05-22	and8	https://and8.dance/en/stats/reports/4881/2797/?data=1&x=775&y=565&w=1225&type=r
Check The Style World Final 2025	1vs1 Open Pro Top 32 KnockOut	B-Boy Gallant	Grom	Grom	1	5	0	1	0	5	Issue	MG	Nadia	Stripes	Crazy					60	88	69	22	17																																									2025-05-22	and8	https://and8.dance/en/stats/reports/4881/2797/?data=1&x=775&y=435&w=1225&type=r
Check The Style World Final 2025	1vs1 Open Pro Top 32 KnockOut	Klodison	Chamako	Klodison	1	5	1	0	5	0	Issue	MG	Nadia	Stripes	Crazy					-18	-29	-53	-22	-10																																									2025-05-22	and8	https://and8.dance/en/stats/reports/4881/2797/?data=1&x=775&y=310&w=1225&type=r
Check The Style World Final 2025	1vs1 Open Pro Top 32 KnockOut	M17	Amaro	Amaro	1	5	0	1	0	5	Issue	MG	Nadia	Stripes	Crazy					9	60	50	10	12																																									2025-05-22	and8	https://and8.dance/en/stats/reports/4881/2797/?data=1&x=775&y=180&w=1225&type=r
Check The Style World Final 2025	1vs1 Open Pro Top 32 KnockOut	Allef ~	Klodian	Allef ~	1	5	1	0	4	1	Issue	MG	Nadia	Stripes	Crazy					5	-36	-43	-9	-12																																									2025-05-22	and8	https://and8.dance/en/stats/reports/4881/2797/?data=1&x=450&y=565&w=1225&type=r
Check The Style World Final 2025	1vs1 Open Pro Top 32 KnockOut	Koy	Ceebri	Ceebri	1	5	0	1	0	5	Issue	MG	Nadia	Stripes	Crazy					11	36	56	11	11																																									2025-05-22	and8	https://and8.dance/en/stats/reports/4881/2797/?data=1&x=450&y=435&w=1225&type=r
Check The Style World Final 2025	1vs1 Open Pro Top 32 KnockOut	Plos	Geeroud	Geeroud	1	5	0	1	2	3	Issue	MG	Nadia	Stripes	Crazy					-5	-16	3	6	19																																									2025-05-22	and8	https://and8.dance/en/stats/reports/4881/2797/?data=1&x=450&y=310&w=1225&type=r
Check The Style World Final 2025	1vs1 Open Pro Top 32 KnockOut	Caligola	Gerson	Caligola	1	5	1	0	4	1	Issue	MG	Nadia	Stripes	Crazy					-71	-33	4	-6	-12																																									2025-05-22	and8	https://and8.dance/en/stats/reports/4881/2797/?data=1&x=450&y=180&w=1225&type=r
Check The Style World Final 2025	1vs1 Open Pro Top 32 KnockOut	Litefoot	Spider	Litefoot	1	5	1	0	5	0	Issue	MG	Nadia	Stripes	Crazy					-39	-23	-64	-10	-7																																									2025-05-22	and8	https://and8.dance/en/stats/reports/4881/2797/?data=1&x=935&y=610&w=1225&type=r
Check The Style World Final 2025	1vs1 Open Pro Top 32 KnockOut	Be.knock	Lucky	Be.knock	1	5	1	0	3	2	Issue	MG	Nadia	Stripes	Crazy					38	-22	-10	-3	15																																									2025-05-22	and8	https://and8.dance/en/stats/reports/4881/2797/?data=1&x=935&y=540&w=1225&type=r
Check The Style World Final 2025	1vs1 Open Pro Top 32 KnockOut	Grom	Tattle	Grom	1	5	1	0	4	1	Issue	MG	Nadia	Stripes	Crazy					-5	-9	-48	-4	5																																									2025-05-22	and8	https://and8.dance/en/stats/reports/4881/2797/?data=1&x=935&y=475&w=1225&type=r
Check The Style World Final 2025	1vs1 Open Pro Top 32 KnockOut	B-Boy One	B-Boy Gallant	B-Boy Gallant	1	5	0	1	1	4	Issue	MG	Nadia	Stripes	Crazy					-4	4	8	3	8																																									2025-05-22	and8	https://and8.dance/en/stats/reports/4881/2797/?data=1&x=935&y=405&w=1225&type=r
Check The Style World Final 2025	1vs1 Open Pro Top 32 KnockOut	Chamako	Papa	Chamako	1	5	1	0	5	0	Issue	MG	Nadia	Stripes	Crazy					-9	-5	-12	-5	-7																																									2025-05-22	and8	https://and8.dance/en/stats/reports/4881/2797/?data=1&x=935&y=340&w=1225&type=r
Check The Style World Final 2025	1vs1 Open Pro Top 32 KnockOut	Shorty Fingers	Klodison	Klodison	1	5	0	1	1	4	Issue	MG	Nadia	Stripes	Crazy					7	3	20	7	-5																																									2025-05-22	and8	https://and8.dance/en/stats/reports/4881/2797/?data=1&x=935&y=270&w=1225&type=r
Check The Style World Final 2025	1vs1 Open Pro Top 32 KnockOut	Babbey	Amaro	Amaro	1	5	0	1	0	5	Issue	MG	Nadia	Stripes	Crazy					57	23	15	13	10																																									2025-05-22	and8	https://and8.dance/en/stats/reports/4881/2797/?data=1&x=935&y=200&w=1225&type=r
Check The Style World Final 2025	1vs1 Open Pro Top 32 KnockOut	AndyRVLT	M17	M17	1	5	0	1	1	4	Issue	MG	Nadia	Stripes	Crazy					39	6	-14	8	18																																									2025-05-22	and8	https://and8.dance/en/stats/reports/4881/2797/?data=1&x=935&y=130&w=1225&type=r
Check The Style World Final 2025	1vs1 Open Pro Top 32 KnockOut	Flame	Klodian	Klodian	1	5	0	1	0	5	Issue	MG	Nadia	Stripes	Crazy					10	47	60	21	12																																									2025-05-22	and8	https://and8.dance/en/stats/reports/4881/2797/?data=1&x=300&y=610&w=1225&type=r
Check The Style World Final 2025	1vs1 Open Pro Top 32 KnockOut	Juubei	Allef ~	Allef ~	1	5	0	1	1	4	Issue	MG	Nadia	Stripes	Crazy					10	14	37	-3	13																																									2025-05-22	and8	https://and8.dance/en/stats/reports/4881/2797/?data=1&x=300&y=540&w=1225&type=r
Check The Style World Final 2025	1vs1 Open Pro Top 32 KnockOut	Ceebri	Zoon	Ceebri	1	5	1	0	4	1	Issue	MG	Nadia	Stripes	Crazy					15	-20	-24	-6	-10																																									2025-05-22	and8	https://and8.dance/en/stats/reports/4881/2797/?data=1&x=300&y=475&w=1225&type=r
Check The Style World Final 2025	1vs1 Open Pro Top 32 KnockOut	Koy	Sigma	Koy	1	5	1	0	3	2	Issue	MG	Nadia	Stripes	Crazy					-10	3	19	-14	-7																																									2025-05-22	and8	https://and8.dance/en/stats/reports/4881/2797/?data=1&x=300&y=405&w=1225&type=r
Check The Style World Final 2025	1vs1 Open Pro Top 32 KnockOut	Freaky	Geeroud	Geeroud	1	5	0	1	2	3	Issue	MG	Nadia	Stripes	Crazy					82	6	-18	6	-11																																									2025-05-22	and8	https://and8.dance/en/stats/reports/4881/2797/?data=1&x=300&y=340&w=1225&type=r
Check The Style World Final 2025	1vs1 Open Pro Top 32 KnockOut	Plos	Joker	Plos	1	5	1	0	5	0	Issue	MG	Nadia	Stripes	Crazy					-21	-13	-51	-7	-7																																									2025-05-22	and8	https://and8.dance/en/stats/reports/4881/2797/?data=1&x=300&y=270&w=1225&type=r
Check The Style World Final 2025	1vs1 Open Pro Top 32 KnockOut	Gerson	Papov	Gerson	1	5	1	0	3	2	Issue	MG	Nadia	Stripes	Crazy					-53	-17	64	-13	16																																									2025-05-22	and8	https://and8.dance/en/stats/reports/4881/2797/?data=1&x=300&y=200&w=1225&type=r
Check The Style World Final 2025	1vs1 Open Pro Top 32 KnockOut	Caspa	Caligola	Caligola	1	5	0	1	1	4	Issue	MG	Nadia	Stripes	Crazy					88	32	-65	40	15																																									2025-05-22	and8	https://and8.dance/en/stats/reports/4881/2797/?data=1&x=300&y=130&w=1225&type=r
Check The Style World Final 2025	1vs1 BGirl Pro Top 32 KnockOut	Vavi	Nicka	Nicka	3	5	0	3	3	12	Issue	MG	Nadia	Stripes	Crazy					-7	31	-11	5	11					4	37	7	4	6					3	28	-8	3	5																							2025-05-22	and8	https://and8.dance/en/stats/reports/4881/2798/?data=1&x=615&y=615&w=1225&type=r
Check The Style World Final 2025	1vs1 BGirl Pro Top 32 KnockOut	Nicka	Maia	Nicka	2	5	2	0	10	0	Issue	MG	Nadia	Stripes	Crazy					-7	-39	-39	-4	-10					-6	-68	-92	-15	-11																																2025-05-22	and8	https://and8.dance/en/stats/reports/4881/2798/?data=1&x=695&y=375&w=1225&type=r
Check The Style World Final 2025	1vs1 BGirl Pro Top 32 KnockOut	Vavi	Ayu	Vavi	3	5	2	1	10	5	Issue	MG	Nadia	Stripes	Crazy					-2	-22	-9	-8	7					2	-11	14	6	7					-7	-18	-25	-12	-6																							2025-05-22	and8	https://and8.dance/en/stats/reports/4881/2798/?data=1&x=535&y=375&w=1225&type=r
Check The Style World Final 2025	1vs1 BGirl Pro Top 32 KnockOut	Maia	Undici	Maia	3	5	2	1	7	8	Issue	MG	Nadia	Stripes	Crazy					-7	-6	-12	2	6					6	17	-9	2	10					23	-8	-7	-5	11																							2025-05-22	and8	https://and8.dance/en/stats/reports/4881/2798/?data=1&x=740&y=500&w=1225&type=r
Check The Style World Final 2025	1vs1 BGirl Pro Top 32 KnockOut	Nicka	Alexa	Nicka	2	5	2	0	10	0	Issue	MG	Nadia	Stripes	Crazy					-8	-13	-50	-8	-8					-9	-14	-52	-13	-8																																2025-05-22	and8	https://and8.dance/en/stats/reports/4881/2798/?data=1&x=740&y=245&w=1225&type=r
Check The Style World Final 2025	1vs1 BGirl Pro Top 32 KnockOut	Ayu	Agathe	Ayu	2	5	2	0	10	0	Issue	MG	Nadia	Stripes	Crazy					-8	-23	-72	-8	-10					-4	-20	-60	-10	-10																																2025-05-22	and8	https://and8.dance/en/stats/reports/4881/2798/?data=1&x=490&y=500&w=1225&type=r
Check The Style World Final 2025	1vs1 BGirl Pro Top 32 KnockOut	Emma	Vavi	Vavi	2	5	0	2	3	7	Issue	MG	Nadia	Stripes	Crazy					5	8	13	-8	12					-12	2	16	-8	7																																2025-05-22	and8	https://and8.dance/en/stats/reports/4881/2798/?data=1&x=490&y=245&w=1225&type=r
Check The Style World Final 2025	1vs1 BGirl Pro Top 32 KnockOut	Undici	BPanther	Undici	1	5	1	0	4	1	Issue	MG	Nadia	Stripes	Crazy					-27	-10	-30	5	-7																																									2025-05-22	and8	https://and8.dance/en/stats/reports/4881/2798/?data=1&x=775&y=565&w=1225&type=r
Check The Style World Final 2025	1vs1 BGirl Pro Top 32 KnockOut	Maia	Fishka	Maia	1	5	1	0	3	2	Issue	MG	Nadia	Stripes	Crazy					4	17	-31	-5	-9																																									2025-05-22	and8	https://and8.dance/en/stats/reports/4881/2798/?data=1&x=775&y=435&w=1225&type=r
Check The Style World Final 2025	1vs1 BGirl Pro Top 32 KnockOut	Alexa	Shura Meow	Alexa	1	5	1	0	4	1	Issue	MG	Nadia	Stripes	Crazy					-6	-8	26	-6	-9																																									2025-05-22	and8	https://and8.dance/en/stats/reports/4881/2798/?data=1&x=775&y=310&w=1225&type=r
Check The Style World Final 2025	1vs1 BGirl Pro Top 32 KnockOut	Agne	Nicka	Nicka	1	5	0	1	0	5	Issue	MG	Nadia	Stripes	Crazy					12	17	41	7	8																																									2025-05-22	and8	https://and8.dance/en/stats/reports/4881/2798/?data=1&x=775&y=180&w=1225&type=r
Check The Style World Final 2025	1vs1 BGirl Pro Top 32 KnockOut	Agathe	Mia	Agathe	1	5	1	0	4	1	Issue	MG	Nadia	Stripes	Crazy					-7	21	-20	-8	-9																																									2025-05-22	and8	https://and8.dance/en/stats/reports/4881/2798/?data=1&x=450&y=565&w=1225&type=r
Check The Style World Final 2025	1vs1 BGirl Pro Top 32 KnockOut	Ayu	Jilou	Ayu	1	5	1	0	5	0	Issue	MG	Nadia	Stripes	Crazy					-7	-22	-88	-5	-12																																									2025-05-22	and8	https://and8.dance/en/stats/reports/4881/2798/?data=1&x=450&y=435&w=1225&type=r
Check The Style World Final 2025	1vs1 BGirl Pro Top 32 KnockOut	Chimpa	Vavi	Vavi	1	5	0	1	1	4	Issue	MG	Nadia	Stripes	Crazy					15	44	24	5	-4																																									2025-05-22	and8	https://and8.dance/en/stats/reports/4881/2798/?data=1&x=450&y=310&w=1225&type=r
Check The Style World Final 2025	1vs1 BGirl Pro Top 32 KnockOut	Je Jè	Emma	Emma	1	5	0	1	2	3	Issue	MG	Nadia	Stripes	Crazy					-7	23	56	5	-10																																									2025-05-22	and8	https://and8.dance/en/stats/reports/4881/2798/?data=1&x=450&y=180&w=1225&type=r
Check The Style World Final 2025	1vs1 BGirl Pro Top 32 KnockOut	BPanther	Luisa	BPanther	1	5	1	0	3	2	Issue	MG	Nadia	Stripes	Crazy					3	-20	51	-13	-8																																									2025-05-22	and8	https://and8.dance/en/stats/reports/4881/2798/?data=1&x=935&y=610&w=1225&type=r
Check The Style World Final 2025	1vs1 BGirl Pro Top 32 KnockOut	Undici	Jama	Undici	1	5	1	0	5	0	Issue	MG	Nadia	Stripes	Crazy					-5	-34	-81	-8	-22																																									2025-05-22	and8	https://and8.dance/en/stats/reports/4881/2798/?data=1&x=935&y=540&w=1225&type=r
Check The Style World Final 2025	1vs1 BGirl Pro Top 32 KnockOut	Solus	Fishka	Fishka	1	5	0	1	0	5	Issue	MG	Nadia	Stripes	Crazy					56	35	56	7	9																																									2025-05-22	and8	https://and8.dance/en/stats/reports/4881/2798/?data=1&x=935&y=475&w=1225&type=r
Check The Style World Final 2025	1vs1 BGirl Pro Top 32 KnockOut	Elsa	Maia	Maia	1	5	0	1	1	4	Issue	MG	Nadia	Stripes	Crazy					-6	26	53	10	17																																									2025-05-22	and8	https://and8.dance/en/stats/reports/4881/2798/?data=1&x=935&y=405&w=1225&type=r
Check The Style World Final 2025	1vs1 BGirl Pro Top 32 KnockOut	Shura Meow	Ele	Shura Meow	1	5	1	0	5	0	Issue	MG	Nadia	Stripes	Crazy					-38	-55	-50	-8	-23																																									2025-05-22	and8	https://and8.dance/en/stats/reports/4881/2798/?data=1&x=935&y=340&w=1225&type=r
Check The Style World Final 2025	1vs1 BGirl Pro Top 32 KnockOut	Alexa	B-Girl Kat	Alexa	1	5	1	0	5	0	Issue	MG	Nadia	Stripes	Crazy					-6	-9	-54	-11	-8																																									2025-05-22	and8	https://and8.dance/en/stats/reports/4881/2798/?data=1&x=935&y=270&w=1225&type=r
Check The Style World Final 2025	1vs1 BGirl Pro Top 32 KnockOut	B-Girl Fire	Nicka	Nicka	1	5	0	1	0	5	Issue	MG	Nadia	Stripes	Crazy					71	84	100	4	39																																									2025-05-22	and8	https://and8.dance/en/stats/reports/4881/2798/?data=1&x=935&y=200&w=1225&type=r
Check The Style World Final 2025	1vs1 BGirl Pro Top 32 KnockOut	Agne	Cat	Agne	1	5	1	0	3	2	Issue	MG	Nadia	Stripes	Crazy					-4	-32	-24	7	13																																									2025-05-22	and8	https://and8.dance/en/stats/reports/4881/2798/?data=1&x=935&y=130&w=1225&type=r
Check The Style World Final 2025	1vs1 BGirl Pro Top 32 KnockOut	Ilaria	Mia	Mia	1	5	0	1	0	5	Issue	MG	Nadia	Stripes	Crazy					48	46	58	9	13																																									2025-05-22	and8	https://and8.dance/en/stats/reports/4881/2798/?data=1&x=300&y=610&w=1225&type=r
Check The Style World Final 2025	1vs1 BGirl Pro Top 32 KnockOut	Mimì	Agathe	Agathe	1	5	0	1	2	3	Issue	MG	Nadia	Stripes	Crazy					-12	-17	7	4	9																																									2025-05-22	and8	https://and8.dance/en/stats/reports/4881/2798/?data=1&x=300&y=540&w=1225&type=r
Check The Style World Final 2025	1vs1 BGirl Pro Top 32 KnockOut	Jilou	Saretta	Jilou	1	5	1	0	3	2	Issue	MG	Nadia	Stripes	Crazy					-36	-18	5	3	-10																																									2025-05-22	and8	https://and8.dance/en/stats/reports/4881/2798/?data=1&x=300&y=475&w=1225&type=r
Check The Style World Final 2025	1vs1 BGirl Pro Top 32 KnockOut	Tara	Ayu	Ayu	1	5	0	1	0	5	Issue	MG	Nadia	Stripes	Crazy					46	42	64	5	14																																									2025-05-22	and8	https://and8.dance/en/stats/reports/4881/2798/?data=1&x=300&y=405&w=1225&type=r
Check The Style World Final 2025	1vs1 BGirl Pro Top 32 KnockOut	Vavi	AriZona	Vavi	1	5	1	0	5	0	Issue	MG	Nadia	Stripes	Crazy					-42	-62	-55	-9	-12																																									2025-05-22	and8	https://and8.dance/en/stats/reports/4881/2798/?data=1&x=300&y=340&w=1225&type=r
Check The Style World Final 2025	1vs1 BGirl Pro Top 32 KnockOut	Chimpa	Beat Dust	Chimpa	1	5	1	0	5	0	Issue	MG	Nadia	Stripes	Crazy					-43	-37	-24	-8	-21																																									2025-05-22	and8	https://and8.dance/en/stats/reports/4881/2798/?data=1&x=300&y=270&w=1225&type=r
Check The Style World Final 2025	1vs1 BGirl Pro Top 32 KnockOut	Stefani	Emma	Emma	1	5	0	1	0	5	Issue	MG	Nadia	Stripes	Crazy					6	55	45	6	16																																									2025-05-22	and8	https://and8.dance/en/stats/reports/4881/2798/?data=1&x=300&y=200&w=1225&type=r
Check The Style World Final 2025	1vs1 BGirl Pro Top 32 KnockOut	Je Jè	Mestiza	Je Jè	1	5	1	0	5	0	Issue	MG	Nadia	Stripes	Crazy					-27	-26	-21	-11	-21																																									2025-05-22	and8	https://and8.dance/en/stats/reports/4881/2798/?data=1&x=300&y=130&w=1225&type=r
Break Mission x B-Side Hip-Hop Festival 2025	1vs1 Breaking 18'n'under Top 16 KnockOut	EmKa	Ammo	EmKa	3	5	2	1	9	6	Poe One	Kid Karam	Paulina	Perninha	Gieras					-21	-13	-13	-10	-22					28	-6	-6	-12	-8					8	43	6	12	25																							2025-05-30	and8	https://and8.dance/en/stats/reports/5114/3379/?data=1&x=615&y=615&w=1225&type=r
Break Mission x B-Side Hip-Hop Festival 2025	1vs1 Breaking 18'n'under Top 16 KnockOut	Igorro	Ammo	Ammo	3	5	1	2	6	9	Poe One	Kid Karam	Paulina	Perninha	Gieras					24	29	5	13	23					11	-14	-17	-10	-23					13	20	4	-9	-66																							2025-05-30	and8	https://and8.dance/en/stats/reports/5114/3379/?data=1&x=745&y=360&w=1225&type=r
Break Mission x B-Side Hip-Hop Festival 2025	1vs1 Breaking 18'n'under Top 16 KnockOut	EmKa	Dede	EmKa	2	5	2	0	9	1	Poe One	Kid Karam	Paulina	Perninha	Gieras					18	-33	-2	-13	-25					-26	-15	-69	-11	-30																																2025-05-30	and8	https://and8.dance/en/stats/reports/5114/3379/?data=1&x=480&y=360&w=1225&type=r
Break Mission x B-Side Hip-Hop Festival 2025	1vs1 Breaking 18'n'under Top 16 KnockOut	bboy inzain	Ammo	Ammo	1	5	0	1	0	5	Poe One	Kid Karam	Paulina	Perninha	Gieras					11	63	11	12	44																																									2025-05-30	and8	https://and8.dance/en/stats/reports/5114/3379/?data=1&x=785&y=495&w=1225&type=r
Break Mission x B-Side Hip-Hop Festival 2025	1vs1 Breaking 18'n'under Top 16 KnockOut	Igorro	jula	Igorro	1	5	1	0	5	0	Poe One	Kid Karam	Paulina	Perninha	Gieras					-14	-65	-9	-9	-41																																									2025-05-30	and8	https://and8.dance/en/stats/reports/5114/3379/?data=1&x=785&y=225&w=1225&type=r
Break Mission x B-Side Hip-Hop Festival 2025	1vs1 Breaking 18'n'under Top 16 KnockOut	Dede	Oli	Dede	1	5	1	0	4	1	Poe One	Kid Karam	Paulina	Perninha	Gieras					-75	-60	-29	5	-37																																									2025-05-30	and8	https://and8.dance/en/stats/reports/5114/3379/?data=1&x=440&y=495&w=1225&type=r
Break Mission x B-Side Hip-Hop Festival 2025	1vs1 Breaking 18'n'under Top 16 KnockOut	Hazza	EmKa	EmKa	1	5	0	1	2	3	Poe One	Kid Karam	Paulina	Perninha	Gieras					13	-14	-2	12	31																																									2025-05-30	and8	https://and8.dance/en/stats/reports/5114/3379/?data=1&x=440&y=225&w=1225&type=r
Break Mission x B-Side Hip-Hop Festival 2025	1vs1 Breaking 18'n'under Top 16 KnockOut	Double V	Ammo	Ammo	1	5	0	1	0	5	Poe One	Kid Karam	Paulina	Perninha	Gieras					42	90	35	17	32																																									2025-05-30	and8	https://and8.dance/en/stats/reports/5114/3379/?data=1&x=1085&y=540&w=1225&type=r
Break Mission x B-Side Hip-Hop Festival 2025	1vs1 Breaking 18'n'under Top 16 KnockOut	Bboy Eryk	bboy inzain	bboy inzain	2	5	0	2	4	6	Poe One	Kid Karam	Paulina	Perninha	Gieras					31	54	-1	-8	32					31	54	-1	-8	32																																2025-05-30	and8	https://and8.dance/en/stats/reports/5114/3379/?data=1&x=1085&y=405&w=1225&type=r
Break Mission x B-Side Hip-Hop Festival 2025	1vs1 Breaking 18'n'under Top 16 KnockOut	BBoy Mariarchie	jula	jula	1	5	0	1	0	5	Poe One	Kid Karam	Paulina	Perninha	Gieras					36	60	36	35	35																																									2025-05-30	and8	https://and8.dance/en/stats/reports/5114/3379/?data=1&x=1085&y=270&w=1225&type=r
Break Mission x B-Side Hip-Hop Festival 2025	1vs1 Breaking 18'n'under Top 16 KnockOut	King Khalil	Igorro	Igorro	1	5	0	1	0	5	Poe One	Kid Karam	Paulina	Perninha	Gieras					25	25	28	16	21																																									2025-05-30	and8	https://and8.dance/en/stats/reports/5114/3379/?data=1&x=1085&y=135&w=1225&type=r
Break Mission x B-Side Hip-Hop Festival 2025	1vs1 Breaking 18'n'under Top 16 KnockOut	Bendy	Oli	Oli	1	5	0	1	2	3	Poe One	Kid Karam	Paulina	Perninha	Gieras					22	-9	7	11	-18																																									2025-05-30	and8	https://and8.dance/en/stats/reports/5114/3379/?data=1&x=135&y=540&w=1225&type=r
Break Mission x B-Side Hip-Hop Festival 2025	1vs1 Breaking 18'n'under Top 16 KnockOut	Cookie	Dede	Dede	1	5	0	1	0	5	Poe One	Kid Karam	Paulina	Perninha	Gieras					30	73	23	26	37																																									2025-05-30	and8	https://and8.dance/en/stats/reports/5114/3379/?data=1&x=135&y=405&w=1225&type=r
Break Mission x B-Side Hip-Hop Festival 2025	1vs1 Breaking 18'n'under Top 16 KnockOut	YMK	EmKa	EmKa	1	5	0	1	0	5	Poe One	Kid Karam	Paulina	Perninha	Gieras					39	83	55	36	29																																									2025-05-30	and8	https://and8.dance/en/stats/reports/5114/3379/?data=1&x=135&y=270&w=1225&type=r
Break Mission x B-Side Hip-Hop Festival 2025	1vs1 Breaking 18'n'under Top 16 KnockOut	Blake	Hazza	Hazza	1	5	0	1	0	5	Poe One	Kid Karam	Paulina	Perninha	Gieras					25	86	21	17	21																																									2025-05-30	and8	https://and8.dance/en/stats/reports/5114/3379/?data=1&x=135&y=135&w=1225&type=r
Break Mission x B-Side Hip-Hop Festival 2025	1vs1 Breaking Open Top 16 KnockOut	Hiro10	Mace	Hiro10	3	5	2	1	10	5	Poe One	Kid Karam	Paulina	Perninha	Gieras					-11	-47	-18	-8	-11					21	12	18	14	17					-8	-18	-13	-17	-42																							2025-05-30	and8	https://and8.dance/en/stats/reports/5114/3380/?data=1&x=615&y=615&w=1225&type=r
Break Mission x B-Side Hip-Hop Festival 2025	1vs1 Breaking Open Top 16 KnockOut	Mace	Monster	Mace	2	5	2	0	8	2	Poe One	Kid Karam	Paulina	Perninha	Gieras					-57	-71	-38	-15	-28					-30	-28	16	-18	16																																2025-05-30	and8	https://and8.dance/en/stats/reports/5114/3380/?data=1&x=745&y=360&w=1225&type=r
Break Mission x B-Side Hip-Hop Festival 2025	1vs1 Breaking Open Top 16 KnockOut	Hiro10	M17	Hiro10	2	5	2	0	10	0	Poe One	Kid Karam	Paulina	Perninha	Gieras					-26	-72	-19	-15	-17					-41	-83	-21	-15	-14																																2025-05-30	and8	https://and8.dance/en/stats/reports/5114/3380/?data=1&x=480&y=360&w=1225&type=r
Break Mission x B-Side Hip-Hop Festival 2025	1vs1 Breaking Open Top 16 KnockOut	Monster	Fon	Monster	1	5	1	0	5	0	Poe One	Kid Karam	Paulina	Perninha	Gieras					-9	-34	-24	-9	-12																																									2025-05-30	and8	https://and8.dance/en/stats/reports/5114/3380/?data=1&x=785&y=495&w=1225&type=r
Break Mission x B-Side Hip-Hop Festival 2025	1vs1 Breaking Open Top 16 KnockOut	Mace	Beat the Young Hustler	Mace	1	5	1	0	5	0	Poe One	Kid Karam	Paulina	Perninha	Gieras					-12	-57	-5	-12	-11																																									2025-05-30	and8	https://and8.dance/en/stats/reports/5114/3380/?data=1&x=785&y=225&w=1225&type=r
Break Mission x B-Side Hip-Hop Festival 2025	1vs1 Breaking Open Top 16 KnockOut	M17	Slick Johnny	M17	1	5	1	0	4	1	Poe One	Kid Karam	Paulina	Perninha	Gieras					-27	-46	-1	-8	42																																									2025-05-30	and8	https://and8.dance/en/stats/reports/5114/3380/?data=1&x=440&y=495&w=1225&type=r
Break Mission x B-Side Hip-Hop Festival 2025	1vs1 Breaking Open Top 16 KnockOut	Hiro10	Sheku	Hiro10	1	5	1	0	5	0	Poe One	Kid Karam	Paulina	Perninha	Gieras					-11	-62	-3	-15	-42																																									2025-05-30	and8	https://and8.dance/en/stats/reports/5114/3380/?data=1&x=440&y=225&w=1225&type=r
Break Mission x B-Side Hip-Hop Festival 2025	1vs1 Breaking Open Top 16 KnockOut	yovo	Fon	Fon	1	5	0	1	2	3	Poe One	Kid Karam	Paulina	Perninha	Gieras					19	20	-5	-19	40																																									2025-05-30	and8	https://and8.dance/en/stats/reports/5114/3380/?data=1&x=1085&y=540&w=1225&type=r
Break Mission x B-Side Hip-Hop Festival 2025	1vs1 Breaking Open Top 16 KnockOut	Romarjo	Monster	Monster	1	5	0	1	0	5	Poe One	Kid Karam	Paulina	Perninha	Gieras					58	19	57	13	26																																									2025-05-30	and8	https://and8.dance/en/stats/reports/5114/3380/?data=1&x=1085&y=405&w=1225&type=r
Break Mission x B-Side Hip-Hop Festival 2025	1vs1 Breaking Open Top 16 KnockOut	illarock	Beat the Young Hustler	Beat the Young Hustler	1	5	0	1	0	5	Poe One	Kid Karam	Paulina	Perninha	Gieras					65	62	46	13	43																																									2025-05-30	and8	https://and8.dance/en/stats/reports/5114/3380/?data=1&x=1085&y=270&w=1225&type=r
Break Mission x B-Side Hip-Hop Festival 2025	1vs1 Breaking Open Top 16 KnockOut	KIN	Mace	Mace	1	5	0	1	0	5	Poe One	Kid Karam	Paulina	Perninha	Gieras					76	67	46	25	31																																									2025-05-30	and8	https://and8.dance/en/stats/reports/5114/3380/?data=1&x=1085&y=135&w=1225&type=r
Break Mission x B-Side Hip-Hop Festival 2025	1vs1 Breaking Open Top 16 KnockOut	Slick Johnny	Stefani	Slick Johnny	1	5	1	0	3	2	Poe One	Kid Karam	Paulina	Perninha	Gieras					-9	-44	5	-6	20																																									2025-05-30	and8	https://and8.dance/en/stats/reports/5114/3380/?data=1&x=135&y=540&w=1225&type=r
Break Mission x B-Side Hip-Hop Festival 2025	1vs1 Breaking Open Top 16 KnockOut	Solid	M17	M17	1	5	0	1	0	5	Poe One	Kid Karam	Paulina	Perninha	Gieras					26	66	31	7	30																																									2025-05-30	and8	https://and8.dance/en/stats/reports/5114/3380/?data=1&x=135&y=405&w=1225&type=r
Break Mission x B-Side Hip-Hop Festival 2025	1vs1 Breaking Open Top 16 KnockOut	Mostro	Sheku	Sheku	1	5	0	1	0	5	Poe One	Kid Karam	Paulina	Perninha	Gieras					72	80	72	23	49																																									2025-05-30	and8	https://and8.dance/en/stats/reports/5114/3380/?data=1&x=135&y=270&w=1225&type=r
Break Mission x B-Side Hip-Hop Festival 2025	1vs1 Breaking Open Top 16 KnockOut	Boogie	Hiro10	Hiro10	1	5	0	1	0	5	Kid Karam	Poe One	Paulina	Perninha	Gieras					84	78	53	19	35																																									2025-05-30	and8	https://and8.dance/en/stats/reports/5114/3380/?data=1&x=135&y=135&w=1225&type=r
Championnat de France de Breaking 2025	1vs1 BGIRL +16 ans (Top8) Top 8 KnockOut	Mia	Syssy	Syssy	3	5	0	3	0	15	Flavor Roc	Keyz	Saym	Brahim	Khalil					89	27	100	16	12					45	21	97	15	11					100	18	100	17	45																							2025-05-31	and8	https://and8.dance/en/stats/reports/5171/3493/?data=1&x=615&y=615&w=1225&type=r
Championnat de France de Breaking 2025	1vs1 BGIRL +16 ans (Top8) Top 8 KnockOut	Ju'	Syssy	Syssy	2	5	0	2	0	10	Flavor Roc	Keyz	Saym	Brahim	Khalil					100	11	100	20	31					100	52	100	20	45																																2025-05-31	and8	https://and8.dance/en/stats/reports/5171/3493/?data=1&x=760&y=360&w=1225&type=r
Championnat de France de Breaking 2025	1vs1 BGIRL +16 ans (Top8) Top 8 KnockOut	Carlota	Mia	Mia	2	5	0	2	4	6	Flavor Roc	Keyz	Saym	Brahim	Khalil					24	-10	9	19	-6					20	-11	-9	15	6																																2025-05-31	and8	https://and8.dance/en/stats/reports/5171/3493/?data=1&x=465&y=360&w=1225&type=r
Championnat de France de Breaking 2025	1vs1 BGIRL +16 ans (Top8) Top 8 KnockOut	Clea	Syssy	Syssy	2	5	0	2	0	10	Flavor Roc	Keyz	Saym	Brahim	Khalil					44	27	100	20	28					64	14	100	20	39																																2025-05-31	and8	https://and8.dance/en/stats/reports/5171/3493/?data=1&x=980&y=430&w=1225&type=r
Championnat de France de Breaking 2025	1vs1 BGIRL +16 ans (Top8) Top 8 KnockOut	Ju'	Karla	Ju'	2	5	2	0	10	0	Flavor Roc	Keyz	Saym	Brahim	Khalil					-25	-3	-62	-16	-19					-27	-4	-72	-16	-36																																2025-05-31	and8	https://and8.dance/en/stats/reports/5171/3493/?data=1&x=980&y=160&w=1225&type=r
Championnat de France de Breaking 2025	1vs1 BGIRL +16 ans (Top8) Top 8 KnockOut	Coline	Mia	Mia	2	5	0	2	1	9	Flavor Roc	Keyz	Saym	Brahim	Khalil					70	21	100	-10	48					89	6	100	7	24																																2025-05-31	and8	https://and8.dance/en/stats/reports/5171/3493/?data=1&x=245&y=430&w=1225&type=r
Championnat de France de Breaking 2025	1vs1 BGIRL +16 ans (Top8) Top 8 KnockOut	Lily-Rose	Carlota	Carlota	2	5	0	2	0	10	Flavor Roc	Keyz	Saym	Brahim	Khalil					79	35	59	15	19					100	54	100	15	45																																2025-05-31	and8	https://and8.dance/en/stats/reports/5171/3493/?data=1&x=245&y=160&w=1225&type=r
Championnat de France de Breaking 2025	1vs1 BBOY +16 ans (Top16) Top 16 KnockOut	Killian	Yassif	Killian	3	5	2	1	10	5	Flavor Roc	Keyz	Saym	Brahim	Khalil					-10	-11	11	-19	-17					-10	-10	-48	-19	-33					89	38	-25	10	16																							2025-05-31	and8	https://and8.dance/en/stats/reports/5171/3494/?data=1&x=615&y=615&w=1225&type=r
Championnat de France de Breaking 2025	1vs1 BBOY +16 ans (Top16) Top 16 KnockOut	Yassif	Luka	Yassif	3	5	2	1	11	4	Flavor Roc	Keyz	Saym	Brahim	Khalil					13	-27	52	16	-18					-13	-38	-29	16	-4					-52	-66	-68	-15	-47																							2025-05-31	and8	https://and8.dance/en/stats/reports/5171/3494/?data=1&x=745&y=360&w=1225&type=r
Championnat de France de Breaking 2025	1vs1 BBOY +16 ans (Top16) Top 16 KnockOut	Killian	Ceebri	Killian	3	5	2	1	9	6	Flavor Roc	Keyz	Saym	Brahim	Khalil					-13	6	-5	-20	-7					55	5	-6	-19	39					-12	8	-65	-15	4																							2025-05-31	and8	https://and8.dance/en/stats/reports/5171/3494/?data=1&x=480&y=360&w=1225&type=r
Championnat de France de Breaking 2025	1vs1 BBOY +16 ans (Top16) Top 16 KnockOut	Steeltom	Luka	Luka	2	5	0	2	1	9	Flavor Roc	Keyz	Saym	Brahim	Khalil					85	7	64	-10	3					87	6	69	10	65																																2025-05-31	and8	https://and8.dance/en/stats/reports/5171/3494/?data=1&x=785&y=495&w=1225&type=r
Championnat de France de Breaking 2025	1vs1 BBOY +16 ans (Top16) Top 16 KnockOut	Damani	Yassif	Yassif	3	5	1	2	3	12	Flavor Roc	Keyz	Saym	Brahim	Khalil					30	43	60	16	31					14	22	-64	-12	-42					12	17	31	16	4																							2025-05-31	and8	https://and8.dance/en/stats/reports/5171/3494/?data=1&x=785&y=225&w=1225&type=r
Championnat de France de Breaking 2025	1vs1 BBOY +16 ans (Top16) Top 16 KnockOut	Ceebri	Bastos	Ceebri	2	5	2	0	10	0	Flavor Roc	Keyz	Saym	Brahim	Khalil					-13	-23	-35	-19	-28					-37	-25	-67	-19	-33																																2025-05-31	and8	https://and8.dance/en/stats/reports/5171/3494/?data=1&x=440&y=495&w=1225&type=r
Championnat de France de Breaking 2025	1vs1 BBOY +16 ans (Top16) Top 16 KnockOut	Ankiff	Killian	Killian	2	5	0	2	0	10	Flavor Roc	Keyz	Saym	Brahim	Khalil					14	5	7	10	6					31	6	53	15	6																																2025-05-31	and8	https://and8.dance/en/stats/reports/5171/3494/?data=1&x=440&y=225&w=1225&type=r
Championnat de France de Breaking 2025	1vs1 BBOY +16 ans (Top16) Top 16 KnockOut	Kouadio	Luka	Luka	1	5	0	1	0	5	Saym	Brahim	Keyz	Khalil	Flavor Roc					100	25	25	67	91																																									2025-05-31	and8	https://and8.dance/en/stats/reports/5171/3494/?data=1&x=1085&y=540&w=1225&type=r
Championnat de France de Breaking 2025	1vs1 BBOY +16 ans (Top16) Top 16 KnockOut	Steeltom	Enzo	Steeltom	1	5	1	0	5	0	Saym	Brahim	Keyz	Khalil	Flavor Roc					-16	-21	-23	-23	-95																																									2025-05-31	and8	https://and8.dance/en/stats/reports/5171/3494/?data=1&x=1085&y=405&w=1225&type=r
Championnat de France de Breaking 2025	1vs1 BBOY +16 ans (Top16) Top 16 KnockOut	Nono	Yassif	Yassif	1	5	0	1	0	5	Saym	Brahim	Keyz	Khalil	Flavor Roc					100	24	56	50	87																																									2025-05-31	and8	https://and8.dance/en/stats/reports/5171/3494/?data=1&x=1085&y=270&w=1225&type=r
Championnat de France de Breaking 2025	1vs1 BBOY +16 ans (Top16) Top 16 KnockOut	Noahm	Damani	Damani	1	5	0	1	0	5	Saym	Brahim	Keyz	Khalil	Flavor Roc					60	19	11	20	19																																									2025-05-31	and8	https://and8.dance/en/stats/reports/5171/3494/?data=1&x=1085&y=135&w=1225&type=r
Championnat de France de Breaking 2025	1vs1 BBOY +16 ans (Top16) Top 16 KnockOut	Miic	Bastos	Bastos	1	5	0	1	0	5	Saym	Brahim	Keyz	Khalil	Flavor Roc					100	19	22	57	38																																									2025-05-31	and8	https://and8.dance/en/stats/reports/5171/3494/?data=1&x=135&y=540&w=1225&type=r
Championnat de France de Breaking 2025	1vs1 BBOY +16 ans (Top16) Top 16 KnockOut	Lomes	Ceebri	Ceebri	1	5	0	1	0	5	Saym	Brahim	Keyz	Khalil	Flavor Roc					100	25	33	45	91																																									2025-05-31	and8	https://and8.dance/en/stats/reports/5171/3494/?data=1&x=135&y=405&w=1225&type=r
Championnat de France de Breaking 2025	1vs1 BBOY +16 ans (Top16) Top 16 KnockOut	Lexx	Killian	Killian	1	5	0	1	0	5	Saym	Brahim	Keyz	Khalil	Flavor Roc					100	20	25	14	50																																									2025-05-31	and8	https://and8.dance/en/stats/reports/5171/3494/?data=1&x=135&y=270&w=1225&type=r
Championnat de France de Breaking 2025	1vs1 BBOY +16 ans (Top16) Top 16 KnockOut	Ankiff	Lion	Ankiff	1	5	1	0	5	0	Saym	Brahim	Keyz	Khalil	Flavor Roc					-6	-20	-21	-37	-11																																									2025-05-31	and8	https://and8.dance/en/stats/reports/5171/3494/?data=1&x=135&y=135&w=1225&type=r
Championnat de France de Breaking 2025	1vs1 BBOY -16 ans (Top16) Top 16 KnockOut	Nono	Ruben	Ruben	3	5	1	2	6	9	Flavor Roc	Keyz	Saym	Brahim	Khalil					-78	-36	-100	-12	-21					16	32	11	15	-18					9	31	19	19	39																							2025-05-31	and8	https://and8.dance/en/stats/reports/5171/3495/?data=1&x=615&y=615&w=1225&type=r
Championnat de France de Breaking 2025	1vs1 BBOY -16 ans (Top16) Top 16 KnockOut	Adam	Ruben	Ruben	2	5	0	2	0	10	Flavor Roc	Keyz	Saym	Brahim	Khalil					68	40	100	15	19					78	28	100	19	25																																2025-05-31	and8	https://and8.dance/en/stats/reports/5171/3495/?data=1&x=745&y=360&w=1225&type=r
Championnat de France de Breaking 2025	1vs1 BBOY -16 ans (Top16) Top 16 KnockOut	Nono	Maceo	Nono	2	5	2	0	10	0	Flavor Roc	Keyz	Saym	Brahim	Khalil					-17	-24	-100	-19	-40					-15	-18	-100	-19	-41																																2025-05-31	and8	https://and8.dance/en/stats/reports/5171/3495/?data=1&x=480&y=360&w=1225&type=r
Championnat de France de Breaking 2025	1vs1 BBOY -16 ans (Top16) Top 16 KnockOut	Ruben	Taki	Ruben	2	5	2	0	6	4	Flavor Roc	Keyz	Saym	Brahim	Khalil					13	-4	-10	-10	15					81	-3	-22	10	-13																																2025-05-31	and8	https://and8.dance/en/stats/reports/5171/3495/?data=1&x=785&y=495&w=1225&type=r
Championnat de France de Breaking 2025	1vs1 BBOY -16 ans (Top16) Top 16 KnockOut	Adam	Nolan	Adam	3	5	2	1	11	4	Flavor Roc	Keyz	Saym	Brahim	Khalil					83	-3	-19	-10	-14					21	-6	5	9	-18					-13	-5	-100	-17	-25																							2025-05-31	and8	https://and8.dance/en/stats/reports/5171/3495/?data=1&x=785&y=225&w=1225&type=r
Championnat de France de Breaking 2025	1vs1 BBOY -16 ans (Top16) Top 16 KnockOut	Paul	Maceo	Maceo	2	5	0	2	0	10	Flavor Roc	Keyz	Saym	Brahim	Khalil					13	3	100	23	21					14	7	100	19	15																																2025-05-31	and8	https://and8.dance/en/stats/reports/5171/3495/?data=1&x=440&y=495&w=1225&type=r
Championnat de France de Breaking 2025	1vs1 BBOY -16 ans (Top16) Top 16 KnockOut	Driss	Nono	Nono	2	5	0	2	0	10	Flavor Roc	Keyz	Saym	Brahim	Khalil					31	7	7	21	31					29	11	10	25	34																																2025-05-31	and8	https://and8.dance/en/stats/reports/5171/3495/?data=1&x=440&y=225&w=1225&type=r
Championnat de France de Breaking 2025	1vs1 BBOY -16 ans (Top16) Top 16 KnockOut	Taki	Ilan	Taki	1	5	1	0	5	0	Flavor Roc	Brahim	Keyz	Khalil	Saym					-99	-5	-14	-48	-26																																									2025-05-31	and8	https://and8.dance/en/stats/reports/5171/3495/?data=1&x=1085&y=540&w=1225&type=r
Championnat de France de Breaking 2025	1vs1 BBOY -16 ans (Top16) Top 16 KnockOut	Tisma	Ruben	Ruben	1	5	0	1	0	5	Flavor Roc	Brahim	Keyz	Khalil	Saym					20	10	39	25	100																																									2025-05-31	and8	https://and8.dance/en/stats/reports/5171/3495/?data=1&x=1085&y=405&w=1225&type=r
Championnat de France de Breaking 2025	1vs1 BBOY -16 ans (Top16) Top 16 KnockOut	Layan	Nolan	Nolan	1	5	0	1	0	5	Flavor Roc	Brahim	Keyz	Khalil	Saym					18	9	16	7	6																																									2025-05-31	and8	https://and8.dance/en/stats/reports/5171/3495/?data=1&x=1085&y=270&w=1225&type=r
Championnat de France de Breaking 2025	1vs1 BBOY -16 ans (Top16) Top 16 KnockOut	Adam	gr	Adam	1	5	1	0	5	0	Flavor Roc	Brahim	Keyz	Khalil	Saym					-100	-15	-25	-51	-100																																									2025-05-31	and8	https://and8.dance/en/stats/reports/5171/3495/?data=1&x=1085&y=135&w=1225&type=r
Championnat de France de Breaking 2025	1vs1 BBOY -16 ans (Top16) Top 16 KnockOut	Marlon	Maceo	Maceo	1	5	0	1	1	4	Flavor Roc	Brahim	Keyz	Khalil	Saym					29	21	22	11	-27																																									2025-05-31	and8	https://and8.dance/en/stats/reports/5171/3495/?data=1&x=135&y=540&w=1225&type=r
Championnat de France de Breaking 2025	1vs1 BBOY -16 ans (Top16) Top 16 KnockOut	Paul	Joa	Paul	1	5	1	0	3	2	Flavor Roc	Brahim	Keyz	Khalil	Saym					27	-11	-11	-9	22																																									2025-05-31	and8	https://and8.dance/en/stats/reports/5171/3495/?data=1&x=135&y=405&w=1225&type=r
Championnat de France de Breaking 2025	1vs1 BBOY -16 ans (Top16) Top 16 KnockOut	Aaron	Nono	Nono	1	5	0	1	0	5	Flavor Roc	Brahim	Keyz	Khalil	Saym					12	25	29	49	100																																									2025-05-31	and8	https://and8.dance/en/stats/reports/5171/3495/?data=1&x=135&y=270&w=1225&type=r
Championnat de France de Breaking 2025	1vs1 BBOY -16 ans (Top16) Top 16 KnockOut	Driss	Wiwi	Driss	1	5	1	0	3	2	Flavor Roc	Brahim	Keyz	Khalil	Saym					14	20	-13	-18	-15																																									2025-05-31	and8	https://and8.dance/en/stats/reports/5171/3495/?data=1&x=135&y=135&w=1225&type=r
Championnat de France de Breaking 2025	1vs1 BGIRL - 16 ans (Top16) Top 16 KnockOut	Louls	Queen Lolita	Louls	3	5	3	0	12	3	Flavor Roc	Keyz	Saym	Brahim	Khalil					-9	-7	-46	-15	5					-79	-4	-54	-14	-15					11	41	-77	-15	-6																							2025-05-31	and8	https://and8.dance/en/stats/reports/5171/3496/?data=1&x=615&y=615&w=1225&type=r
Championnat de France de Breaking 2025	1vs1 BGIRL - 16 ans (Top16) Top 16 KnockOut	Queen Lolita	Keziah	Queen Lolita	2	5	2	0	6	4	Flavor Roc	Keyz	Saym	Brahim	Khalil					-17	4	-8	-14	5					-12	4	-6	-15	3																																2025-05-31	and8	https://and8.dance/en/stats/reports/5171/3496/?data=1&x=745&y=360&w=1225&type=r
Championnat de France de Breaking 2025	1vs1 BGIRL - 16 ans (Top16) Top 16 KnockOut	Naomix	Louls	Louls	2	5	0	2	2	8	Flavor Roc	Keyz	Saym	Brahim	Khalil					37	9	100	-7	27					48	7	100	-10	33																																2025-05-31	and8	https://and8.dance/en/stats/reports/5171/3496/?data=1&x=480&y=360&w=1225&type=r
Championnat de France de Breaking 2025	1vs1 BGIRL - 16 ans (Top16) Top 16 KnockOut	Jo	Keziah	Keziah	2	5	0	2	1	9	Flavor Roc	Keyz	Saym	Brahim	Khalil					-12	16	32	22	15					84	15	100	16	19																																2025-05-31	and8	https://and8.dance/en/stats/reports/5171/3496/?data=1&x=785&y=495&w=1225&type=r
Championnat de France de Breaking 2025	1vs1 BGIRL - 16 ans (Top16) Top 16 KnockOut	Lea	Queen Lolita	Queen Lolita	2	5	0	2	3	7	Flavor Roc	Keyz	Saym	Brahim	Khalil					9	8	100	-4	-10					9	15	69	10	-19																																2025-05-31	and8	https://and8.dance/en/stats/reports/5171/3496/?data=1&x=785&y=225&w=1225&type=r
Championnat de France de Breaking 2025	1vs1 BGIRL - 16 ans (Top16) Top 16 KnockOut	Djalye	Louls	Louls	2	5	0	2	0	10	Flavor Roc	Keyz	Saym	Brahim	Khalil					13	6	100	21	40					75	7	100	14	31																																2025-05-31	and8	https://and8.dance/en/stats/reports/5171/3496/?data=1&x=440&y=495&w=1225&type=r
Championnat de France de Breaking 2025	1vs1 BGIRL - 16 ans (Top16) Top 16 KnockOut	Naomix	Roksy Rock	Naomix	3	5	2	1	10	5	Flavor Roc	Keyz	Saym	Brahim	Khalil					27	9	-37	-20	13					-11	-10	-59	-19	-17					-10	4	-56	11	-45																							2025-05-31	and8	https://and8.dance/en/stats/reports/5171/3496/?data=1&x=440&y=225&w=1225&type=r
Championnat de France de Breaking 2025	1vs1 BGIRL - 16 ans (Top16) Top 16 KnockOut	Lili	Keziah	Keziah	1	5	0	1	1	4	Saym	Khalil	Ghost	Flavor Roc	Brahim					-36	12	29	46	20																																									2025-05-31	and8	https://and8.dance/en/stats/reports/5171/3496/?data=1&x=1085&y=540&w=1225&type=r
Championnat de France de Breaking 2025	1vs1 BGIRL - 16 ans (Top16) Top 16 KnockOut	Jo	Em-v	Jo	1	5	1	0	5	0	Saym	Khalil	Ghost	Flavor Roc	Brahim					-100	-35	-15	-100	-22																																									2025-05-31	and8	https://and8.dance/en/stats/reports/5171/3496/?data=1&x=1085&y=405&w=1225&type=r
Championnat de France de Breaking 2025	1vs1 BGIRL - 16 ans (Top16) Top 16 KnockOut	Queen Lolita	Emma	Queen Lolita	1	5	1	0	5	0	Saym	Khalil	Ghost	Flavor Roc	Brahim					-56	-43	-86	-65	-25																																									2025-05-31	and8	https://and8.dance/en/stats/reports/5171/3496/?data=1&x=1085&y=270&w=1225&type=r
Championnat de France de Breaking 2025	1vs1 BGIRL - 16 ans (Top16) Top 16 KnockOut	Noname	Lea	Lea	1	5	0	1	1	4	Saym	Khalil	Ghost	Flavor Roc	Brahim					100	24	-5	19	16																																									2025-05-31	and8	https://and8.dance/en/stats/reports/5171/3496/?data=1&x=1085&y=135&w=1225&type=r
Championnat de France de Breaking 2025	1vs1 BGIRL - 16 ans (Top16) Top 16 KnockOut	Louls	O'C	Louls	1	5	1	0	5	0	Saym	Khalil	Ghost	Flavor Roc	Brahim					-100	-36	-91	-31	-24																																									2025-05-31	and8	https://and8.dance/en/stats/reports/5171/3496/?data=1&x=135&y=540&w=1225&type=r
Championnat de France de Breaking 2025	1vs1 BGIRL - 16 ans (Top16) Top 16 KnockOut	Choupi	Djalye	Djalye	1	5	0	1	0	5	Saym	Khalil	Ghost	Flavor Roc	Brahim					100	21	86	90	10																																									2025-05-31	and8	https://and8.dance/en/stats/reports/5171/3496/?data=1&x=135&y=405&w=1225&type=r
Championnat de France de Breaking 2025	1vs1 BGIRL - 16 ans (Top16) Top 16 KnockOut	Pink	Roksy Rock	Roksy Rock	1	5	0	1	0	5	Saym	Khalil	Ghost	Flavor Roc	Brahim					100	47	73	87	20																																									2025-05-31	and8	https://and8.dance/en/stats/reports/5171/3496/?data=1&x=135&y=270&w=1225&type=r
Championnat de France de Breaking 2025	1vs1 BGIRL - 16 ans (Top16) Top 16 KnockOut	Naomix	LEEN	Naomix	1	5	1	0	5	0	Saym	Khalil	Ghost	Flavor Roc	Brahim					-100	-20	-80	-80	-23																																									2025-05-31	and8	https://and8.dance/en/stats/reports/5171/3496/?data=1&x=135&y=135&w=1225&type=r
Dance Explosion	B-Boys 1vs1 Mini Kids Final KnockOut	HD	Smile Jr	Smile Jr	1	5	0	1	0	5	Sinfy	Miro	Marija	Goofy	Emvee					15	8	13	11	8																																									2025-05-31	and8	https://and8.dance/en/stats/reports/5174/3504/?data=1&x=980&y=400&w=1225&type=r
Dance Explosion	B-Boys 1vs1 Children Top 32 KnockOut	Del Vito	Le Rock	Del Vito	2	5	2	0	6	4	Sinfy	Miro	Marija	Goofy	Emvee					-19	23	-15	9	-22					-21	11	9	-11	-33																																2025-05-31	and8	https://and8.dance/en/stats/reports/5174/3505/?data=1&x=615&y=200&w=1225&type=r
Dance Explosion	B-Boys 1vs1 Children Top 32 KnockOut	Karlito Jr	Benni	Karlito Jr	2	5	2	0	8	2	Sinfy	Miro	Marija	Goofy	Emvee					-18	21	14	-10	-20					-11	-11	-11	-7	-10																																2025-05-31	and8	https://and8.dance/en/stats/reports/5174/3505/?data=1&x=615&y=545&w=1225&type=r
Dance Explosion	B-Boys 1vs1 Children Top 32 KnockOut	Benni	Le Rock	Le Rock	2	5	0	2	1	9	Sinfy	Miro	Marija	Goofy	Emvee					13	-11	10	7	22					24	13	32	8	26																																2025-05-31	and8	https://and8.dance/en/stats/reports/5174/3505/?data=1&x=695&y=375&w=1225&type=r
Dance Explosion	B-Boys 1vs1 Children Top 32 KnockOut	Karlito Jr	Del Vito	Del Vito	2	5	0	2	0	10	Sinfy	Miro	Marija	Goofy	Emvee					22	15	17	8	35					35	29	30	7	30																																2025-05-31	and8	https://and8.dance/en/stats/reports/5174/3505/?data=1&x=535&y=375&w=1225&type=r
Dance Explosion	B-Boys 1vs1 Children Top 32 KnockOut	Keks	Le Rock	Le Rock	2	5	0	2	0	10	Sinfy	Miro	Marija	Goofy	Emvee					23	16	38	11	20					30	39	52	8	22																																2025-05-31	and8	https://and8.dance/en/stats/reports/5174/3505/?data=1&x=740&y=500&w=1225&type=r
Dance Explosion	B-Boys 1vs1 Children Top 32 KnockOut	Slime	Benni	Benni	2	5	0	2	0	10	Sinfy	Miro	Marija	Goofy	Emvee					27	34	21	6	32					15	53	29	7	29																																2025-05-31	and8	https://and8.dance/en/stats/reports/5174/3505/?data=1&x=740&y=245&w=1225&type=r
Dance Explosion	B-Boys 1vs1 Children Top 32 KnockOut	Mariolla	Del Vito	Del Vito	2	5	0	2	0	10	Sinfy	Miro	Marija	Goofy	Emvee					53	53	36	14	50					53	19	16	10	34																																2025-05-31	and8	https://and8.dance/en/stats/reports/5174/3505/?data=1&x=490&y=500&w=1225&type=r
Dance Explosion	B-Boys 1vs1 Children Top 32 KnockOut	Don Mateo	Karlito Jr	Karlito Jr	2	5	0	2	2	8	Sinfy	Miro	Marija	Goofy	Emvee					16	30	24	-9	-7					20	34	11	12	26																																2025-05-31	and8	https://and8.dance/en/stats/reports/5174/3505/?data=1&x=490&y=245&w=1225&type=r
Dance Explosion	B-Boys 1vs1 Children Top 32 KnockOut	Luka	Le Rock	Le Rock	2	5	0	2	0	10	Sinfy	Miro	Marija	Goofy	Emvee					38	47	42	13	39					23	47	47	12	30																																2025-05-31	and8	https://and8.dance/en/stats/reports/5174/3505/?data=1&x=775&y=565&w=1225&type=r
Dance Explosion	B-Boys 1vs1 Children Top 32 KnockOut	Lenchy	Keks	Keks	2	5	0	2	1	9	Sinfy	Miro	Marija	Goofy	Emvee					-13	50	9	7	30					15	36	6	8	28																																2025-05-31	and8	https://and8.dance/en/stats/reports/5174/3505/?data=1&x=775&y=435&w=1225&type=r
Dance Explosion	B-Boys 1vs1 Children Top 32 KnockOut	Marky	Benni	Benni	2	5	0	2	0	10	Sinfy	Miro	Marija	Goofy	Emvee					21	38	24	11	40					19	26	14	10	44																																2025-05-31	and8	https://and8.dance/en/stats/reports/5174/3505/?data=1&x=775&y=310&w=1225&type=r
Dance Explosion	B-Boys 1vs1 Children Top 32 KnockOut	Stryder	Slime	Slime	2	5	0	2	1	9	Sinfy	Miro	Marija	Goofy	Emvee					9	-22	13	7	31					12	17	18	7	29																																2025-05-31	and8	https://and8.dance/en/stats/reports/5174/3505/?data=1&x=775&y=180&w=1225&type=r
Dance Explosion	B-Boys 1vs1 Children Top 32 KnockOut	Flex	Del Vito	Del Vito	2	5	0	2	0	10	Sinfy	Miro	Marija	Goofy	Emvee					42	31	26	7	62					37	49	29	11	56																																2025-05-31	and8	https://and8.dance/en/stats/reports/5174/3505/?data=1&x=450&y=565&w=1225&type=r
Dance Explosion	B-Boys 1vs1 Children Top 32 KnockOut	Mariolla	Vix	Mariolla	3	5	2	1	8	7	Sinfy	Miro	Marija	Goofy	Emvee					18	24	10	-8	33					-16	9	-14	-8	-18					9	-17	-14	6	-23																							2025-05-31	and8	https://and8.dance/en/stats/reports/5174/3505/?data=1&x=450&y=435&w=1225&type=r
Dance Explosion	B-Boys 1vs1 Children Top 32 KnockOut	Lovrito	Karlito Jr	Karlito Jr	2	5	0	2	0	10	Sinfy	Miro	Marija	Goofy	Emvee					36	51	24	11	32					24	35	11	8	34																																2025-05-31	and8	https://and8.dance/en/stats/reports/5174/3505/?data=1&x=450&y=310&w=1225&type=r
Dance Explosion	B-Boys 1vs1 Children Top 32 KnockOut	Matt in the Middle	Don Mateo	Don Mateo	2	5	0	2	1	9	Sinfy	Miro	Marija	Goofy	Emvee					18	28	12	10	33					-19	27	11	8	19																																2025-05-31	and8	https://and8.dance/en/stats/reports/5174/3505/?data=1&x=450&y=180&w=1225&type=r
Dance Explosion	B-Boys 1vs1 Children Top 32 KnockOut	Lun Ratkajec Banić	Le Rock	Le Rock	2	5	0	2	0	10	Sinfy	Miro	Marija	Goofy	Emvee					49	56	32	13	35					47	44	35	7	36																																2025-05-31	and8	https://and8.dance/en/stats/reports/5174/3505/?data=1&x=935&y=610&w=1225&type=r
Dance Explosion	B-Boys 1vs1 Children Top 32 KnockOut	Chip	Luka	Luka	2	5	0	2	0	10	Sinfy	Miro	Marija	Goofy	Emvee					14	9	12	6	16					14	12	12	6	10																																2025-05-31	and8	https://and8.dance/en/stats/reports/5174/3505/?data=1&x=935&y=540&w=1225&type=r
Dance Explosion	B-Boys 1vs1 Children Top 32 KnockOut	J.C.	Keks	Keks	2	5	0	2	0	10	Sinfy	Miro	Marija	Goofy	Emvee					15	2	12	8	16					20	19	14	9	19																																2025-05-31	and8	https://and8.dance/en/stats/reports/5174/3505/?data=1&x=935&y=475&w=1225&type=r
Dance Explosion	B-Boys 1vs1 Children Top 32 KnockOut	Lenchy	Black Lux	Lenchy	2	5	2	0	6	4	Sinfy	Miro	Marija	Goofy	Emvee					-15	7	-10	-7	5					-16	8	-9	-7	1																																2025-05-31	and8	https://and8.dance/en/stats/reports/5174/3505/?data=1&x=935&y=405&w=1225&type=r
Dance Explosion	B-Boys 1vs1 Children Top 32 KnockOut	Andro	Benni	Benni	2	5	0	2	0	10	Sinfy	Miro	Marija	Goofy	Emvee					28	70	25	10	34					26	60	25	9	35																																2025-05-31	and8	https://and8.dance/en/stats/reports/5174/3505/?data=1&x=935&y=340&w=1225&type=r
Dance Explosion	B-Boys 1vs1 Children Top 32 KnockOut	Big Deal	Marky	Marky	2	5	0	2	2	8	Sinfy	Miro	Marija	Goofy	Emvee					14	19	9	-3	9					16	17	8	-7	10																																2025-05-31	and8	https://and8.dance/en/stats/reports/5174/3505/?data=1&x=935&y=270&w=1225&type=r
Dance Explosion	B-Boys 1vs1 Children Top 32 KnockOut	B.J.	Slime	Slime	2	5	0	2	0	10	Sinfy	Miro	Marija	Goofy	Emvee					20	40	10	8	16					25	37	12	7	19																																2025-05-31	and8	https://and8.dance/en/stats/reports/5174/3505/?data=1&x=935&y=200&w=1225&type=r
Dance Explosion	B-Boys 1vs1 Children Top 32 KnockOut	Diego	Stryder	Stryder	2	5	0	2	4	6	Sinfy	Miro	Marija	Goofy	Emvee					20	35	8	-7	-15					17	34	10	-9	-7																																2025-05-31	and8	https://and8.dance/en/stats/reports/5174/3505/?data=1&x=935&y=130&w=1225&type=r
Dance Explosion	B-Boys 1vs1 Children Top 32 KnockOut	Noel	Del Vito	Del Vito	2	5	0	2	0	10	Sinfy	Miro	Marija	Goofy	Emvee					29	40	25	10	36					33	36	27	8	29																																2025-05-31	and8	https://and8.dance/en/stats/reports/5174/3505/?data=1&x=300&y=610&w=1225&type=r
Dance Explosion	B-Boys 1vs1 Children Top 32 KnockOut	Charizard	Flex	Flex	2	5	0	2	0	10	Sinfy	Miro	Marija	Goofy	Emvee					18	16	6	10	12					15	14	7	9	25																																2025-05-31	and8	https://and8.dance/en/stats/reports/5174/3505/?data=1&x=300&y=540&w=1225&type=r
Dance Explosion	B-Boys 1vs1 Children Top 32 KnockOut	Venom	Vix	Vix	2	5	0	2	0	10	Sinfy	Miro	Marija	Goofy	Emvee					21	32	11	8	14					19	23	11	10	19																																2025-05-31	and8	https://and8.dance/en/stats/reports/5174/3505/?data=1&x=300&y=475&w=1225&type=r
Dance Explosion	B-Boys 1vs1 Children Top 32 KnockOut	Nixon	Mariolla	Mariolla	2	5	0	2	0	10	Sinfy	Miro	Marija	Goofy	Emvee					19	32	12	8	22					16	33	12	10	21																																2025-05-31	and8	https://and8.dance/en/stats/reports/5174/3505/?data=1&x=300&y=405&w=1225&type=r
Dance Explosion	B-Boys 1vs1 Children Top 32 KnockOut	Petar Matošević	Karlito Jr	Karlito Jr	2	5	0	2	0	10	Sinfy	Miro	Marija	Goofy	Emvee					33	35	33	11	22					27	32	33	15	19																																2025-05-31	and8	https://and8.dance/en/stats/reports/5174/3505/?data=1&x=300&y=340&w=1225&type=r
Dance Explosion	B-Boys 1vs1 Children Top 32 KnockOut	Joker	Lovrito	Lovrito	2	5	0	2	0	10	Sinfy	Miro	Marija	Goofy	Emvee					14	9	24	7	13					14	8	25	8	19																																2025-05-31	and8	https://and8.dance/en/stats/reports/5174/3505/?data=1&x=300&y=270&w=1225&type=r
Dance Explosion	B-Boys 1vs1 Children Top 32 KnockOut	Spindizzy	Don Mateo	Don Mateo	2	5	0	2	0	10	Sinfy	Miro	Marija	Goofy	Emvee					14	6	11	6	22					16	2	12	7	17																																2025-05-31	and8	https://and8.dance/en/stats/reports/5174/3505/?data=1&x=300&y=200&w=1225&type=r
Dance Explosion	B-Boys 1vs1 Children Top 32 KnockOut	Lovro Martinko	Matt in the Middle	Matt in the Middle	2	5	0	2	4	6	Sinfy	Miro	Marija	Goofy	Emvee					11	6	8	-10	-10					12	7	8	-10	-6																																2025-05-31	and8	https://and8.dance/en/stats/reports/5174/3505/?data=1&x=300&y=130&w=1225&type=r
Dance Explosion	B-Boys 1vs1 Juniors 1 Top 8 KnockOut	MM	StayLow	StayLow	2	5	0	2	0	10	Sinfy	Miro	Marija	Goofy	Emvee					34	13	46	10	23					28	40	33	9	35																																2025-05-31	and8	https://and8.dance/en/stats/reports/5174/3506/?data=1&x=615&y=280&w=1225&type=r
Dance Explosion	B-Boys 1vs1 Juniors 1 Top 8 KnockOut	Toni T-Bone	Outlaw	Toni T-Bone	2	5	2	0	8	2	Sinfy	Miro	Marija	Goofy	Emvee					16	-23	-21	-11	-29					-14	-20	-19	6	-12																																2025-05-31	and8	https://and8.dance/en/stats/reports/5174/3506/?data=1&x=615&y=465&w=1225&type=r
Dance Explosion	B-Boys 1vs1 Juniors 1 Top 8 KnockOut	Outlaw	StayLow	StayLow	2	5	0	2	0	10	Sinfy	Miro	Marija	Goofy	Emvee					21	29	48	11	27					51	47	45	10	27																																2025-05-31	and8	https://and8.dance/en/stats/reports/5174/3506/?data=1&x=760&y=360&w=1225&type=r
Dance Explosion	B-Boys 1vs1 Juniors 1 Top 8 KnockOut	MM	Toni T-Bone	MM	2	5	2	0	7	3	Sinfy	Miro	Marija	Goofy	Emvee					12	-23	-16	-8	6					12	-25	-21	-7	-8																																2025-05-31	and8	https://and8.dance/en/stats/reports/5174/3506/?data=1&x=465&y=360&w=1225&type=r
Dance Explosion	B-Boys 1vs1 Juniors 1 Top 8 KnockOut	Hara	StayLow	StayLow	2	5	0	2	0	10	Sinfy	Miro	Marija	Goofy	Emvee					43	45	53	12	29					40	47	57	17	48																																2025-05-31	and8	https://and8.dance/en/stats/reports/5174/3506/?data=1&x=980&y=430&w=1225&type=r
Dance Explosion	B-Boys 1vs1 Juniors 1 Top 8 KnockOut	Antexx	Outlaw	Outlaw	2	5	0	2	0	10	Sinfy	Miro	Marija	Goofy	Emvee					23	17	27	8	32					29	34	6	13	36																																2025-05-31	and8	https://and8.dance/en/stats/reports/5174/3506/?data=1&x=980&y=160&w=1225&type=r
Dance Explosion	B-Boys 1vs1 Juniors 1 Top 8 KnockOut	Mr. G	Toni T-Bone	Toni T-Bone	2	5	0	2	1	9	Sinfy	Miro	Marija	Goofy	Emvee					19	-13	15	11	22					20	42	13	12	20																																2025-05-31	and8	https://and8.dance/en/stats/reports/5174/3506/?data=1&x=245&y=430&w=1225&type=r
Dance Explosion	B-Boys 1vs1 Juniors 1 Top 8 KnockOut	LuckyLukPoriluk	MM	MM	2	5	0	2	3	7	Sinfy	Miro	Marija	Goofy	Emvee					-15	20	24	10	6					11	-11	12	7	-5																																2025-05-31	and8	https://and8.dance/en/stats/reports/5174/3506/?data=1&x=245&y=160&w=1225&type=r
Dance Explosion	B-Boys 1vs1 Juniors 2 Top 8 KnockOut	Fiyo	Lucky Lux	Lucky Lux	2	5	0	2	0	10	Sinfy	Miro	Marija	Goofy	Emvee					25	20	45	23	29					26	13	38	19	28																																2025-05-31	and8	https://and8.dance/en/stats/reports/5174/3507/?data=1&x=615&y=280&w=1225&type=r
Dance Explosion	B-Boys 1vs1 Juniors 2 Top 8 KnockOut	Župa	Fitch The Beast	Župa	2	5	2	0	9	1	Sinfy	Miro	Marija	Goofy	Emvee					-17	-30	-24	-8	-13					10	-29	-14	-10	-19																																2025-05-31	and8	https://and8.dance/en/stats/reports/5174/3507/?data=1&x=615&y=465&w=1225&type=r
Dance Explosion	B-Boys 1vs1 Juniors 2 Top 8 KnockOut	Fitch The Beast	Lucky Lux	Lucky Lux	2	5	0	2	1	9	Sinfy	Miro	Marija	Goofy	Emvee					19	22	30	11	21					21	23	26	-10	33																																2025-05-31	and8	https://and8.dance/en/stats/reports/5174/3507/?data=1&x=760&y=360&w=1225&type=r
Dance Explosion	B-Boys 1vs1 Juniors 2 Top 8 KnockOut	Župa	Fiyo	Fiyo	2	5	0	2	1	9	Sinfy	Miro	Marija	Goofy	Emvee					18	22	20	8	24					16	20	-16	8	15																																2025-05-31	and8	https://and8.dance/en/stats/reports/5174/3507/?data=1&x=465&y=360&w=1225&type=r
Dance Explosion	B-Boys 1vs1 Juniors 2 Top 8 KnockOut	Memes	Lucky Lux	Lucky Lux	2	5	0	2	0	10	Sinfy	Miro	Marija	Goofy	Emvee					48	67	40	18	30					27	51	18	13	33																																2025-05-31	and8	https://and8.dance/en/stats/reports/5174/3507/?data=1&x=980&y=430&w=1225&type=r
Dance Explosion	B-Boys 1vs1 Juniors 2 Top 8 KnockOut	Shock	Fitch The Beast	Fitch The Beast	2	5	0	2	1	9	Sinfy	Miro	Marija	Goofy	Emvee					12	20	24	11	23					11	24	10	10	-12																																2025-05-31	and8	https://and8.dance/en/stats/reports/5174/3507/?data=1&x=980&y=160&w=1225&type=r
Dance Explosion	B-Boys 1vs1 Juniors 2 Top 8 KnockOut	Tonkilaa	Fiyo	Fiyo	2	5	0	2	1	9	Sinfy	Miro	Marija	Goofy	Emvee					25	10	26	10	31					14	19	10	-8	22																																2025-05-31	and8	https://and8.dance/en/stats/reports/5174/3507/?data=1&x=245&y=430&w=1225&type=r
Dance Explosion	B-Boys 1vs1 Juniors 2 Top 8 KnockOut	Doomshroom	Župa	Župa	2	5	0	2	1	9	Sinfy	Miro	Marija	Goofy	Emvee					17	-19	20	10	33					25	18	33	12	21																																2025-05-31	and8	https://and8.dance/en/stats/reports/5174/3507/?data=1&x=245&y=160&w=1225&type=r
Dance Explosion	B-Boys 1vs1 Adults Top 4 KnockOut	Smile	SuperMario	SuperMario	2	5	0	2	3	7	Sinfy	Miro	Marija	Goofy	Emvee					18	23	16	-9	25					-17	35	13	11	-7																																2025-05-31	and8	https://and8.dance/en/stats/reports/5174/3508/?data=1&x=980&y=400&w=1225&type=r
Dance Explosion	B-Boys 1vs1 Adults Top 4 KnockOut	FikiFunky	Ruben	Ruben	2	5	0	2	0	10	Sinfy	Miro	Marija	Goofy	Emvee					28	21	21	28	23					25	30	26	16	23																																2025-05-31	and8	https://and8.dance/en/stats/reports/5174/3508/?data=1&x=570&y=400&w=1225&type=r
Dance Explosion	B-Boys 1vs1 Adults Top 4 KnockOut	Ruben	SuperMario	SuperMario	2	5	0	2	0	10	Sinfy	Miro	Marija	Goofy	Emvee					16	14	13	9	15					16	16	14	8	11																																2025-05-31	and8	https://and8.dance/en/stats/reports/5174/3508/?data=1&x=590&y=490&w=1225&type=r
Dance Explosion	B-Boys 1vs1 Adults Top 4 KnockOut	Smile	FikiFunky	Smile	3	5	2	1	9	6	Sinfy	Miro	Marija	Goofy	Emvee					12	15	-13	-9	8					-19	-15	-12	10	-32					-18	7	-13	10	-19																							2025-05-31	and8	https://and8.dance/en/stats/reports/5174/3508/?data=1&x=590&y=300&w=1225&type=r
Dance Explosion	B-Girls 1vs1 Juniors 1 Final KnockOut	Starlight	Zaky	Starlight	2	5	2	0	10	0	Sinfy	Miro	Marija	Goofy	Emvee					-14	-28	-20	-15	-7					-14	-19	-14	-10	-25																																2025-05-31	and8	https://and8.dance/en/stats/reports/5174/3511/?data=1&x=980&y=400&w=1225&type=r
Dance Explosion	B-Girls 1vs1 Adults Final KnockOut	Bela	Lucky	Bela	2	5	2	0	10	0	Sinfy	Miro	Marija	Goofy	Emvee					-18	-28	-35	-13	-33					-21	-39	-29	-13	-23																																2025-05-31	and8	https://and8.dance/en/stats/reports/5174/3513/?data=1&x=980&y=400&w=1225&type=r
The Legits Blast 2025 presents Outbreak Europe 2025	1vs1 Kid Top 16 KnockOut	Edo	Saturn	Saturn	3	5	1	2	4	11	Apache	Bouba	Allef ~	Felix	Alvin					-25	17	7	-15	-8					16	20	23	11	29					13	7	14	-14	9																							2025-07-24	and8	https://and8.dance/en/stats/reports/4832/2699/?data=1&x=615&y=615&w=1225&type=r
The Legits Blast 2025 presents Outbreak Europe 2025	1vs1 Kid Top 16 KnockOut	Berserk	Saturn	Saturn	3	5	1	2	5	10	Apache	Bouba	Allef ~	Felix	Alvin					17	15	-18	22	-10					-11	17	-4	24	-10					21	16	14	21	25																							2025-07-24	and8	https://and8.dance/en/stats/reports/4832/2699/?data=1&x=745&y=360&w=1225&type=r
The Legits Blast 2025 presents Outbreak Europe 2025	1vs1 Kid Top 16 KnockOut	Edo	Z	Edo	2	5	2	0	8	2	Apache	Bouba	Allef ~	Felix	Alvin					34	-12	-39	-16	-9					26	-11	-29	-25	-15																																2025-07-24	and8	https://and8.dance/en/stats/reports/4832/2699/?data=1&x=480&y=360&w=1225&type=r
The Legits Blast 2025 presents Outbreak Europe 2025	1vs1 Kid Top 16 KnockOut	Seigo	Saturn	Saturn	2	5	0	2	0	10	Apache	Bouba	Allef ~	Felix	Alvin					32	45	32	20	24					30	58	38	19	27																																2025-07-24	and8	https://and8.dance/en/stats/reports/4832/2699/?data=1&x=785&y=495&w=1225&type=r
The Legits Blast 2025 presents Outbreak Europe 2025	1vs1 Kid Top 16 KnockOut	Berserk	Phil One	Berserk	2	5	2	0	9	1	Apache	Bouba	Allef ~	Felix	Alvin					-31	-32	-34	-27	-13					-27	-12	-8	30	-10																																2025-07-24	and8	https://and8.dance/en/stats/reports/4832/2699/?data=1&x=785&y=225&w=1225&type=r
The Legits Blast 2025 presents Outbreak Europe 2025	1vs1 Kid Top 16 KnockOut	Z	Orlan	Z	2	5	2	0	9	1	Apache	Bouba	Allef ~	Felix	Alvin					-26	-16	-25	-18	-13					-31	-23	7	-18	-10																																2025-07-24	and8	https://and8.dance/en/stats/reports/4832/2699/?data=1&x=440&y=495&w=1225&type=r
The Legits Blast 2025 presents Outbreak Europe 2025	1vs1 Kid Top 16 KnockOut	B-Boy Hadi	Edo	Edo	3	5	1	2	5	10	Apache	Bouba	Allef ~	Felix	Alvin					-25	-17	-10	-18	-53					30	14	24	24	4					24	10	25	20	8																							2025-07-24	and8	https://and8.dance/en/stats/reports/4832/2699/?data=1&x=440&y=225&w=1225&type=r
The Legits Blast 2025 presents Outbreak Europe 2025	1vs1 Kid Top 16 KnockOut	Timeo	Saturn	Saturn	2	5	0	2	0	10	Apache	Bouba	Allef ~	Felix	Alvin					31	43	11	36	40					25	46	28	46	38																																2025-07-24	and8	https://and8.dance/en/stats/reports/4832/2699/?data=1&x=1085&y=540&w=1225&type=r
The Legits Blast 2025 presents Outbreak Europe 2025	1vs1 Kid Top 16 KnockOut	Fima	Seigo	Seigo	3	5	1	2	7	8	Apache	Bouba	Allef ~	Felix	Alvin					30	13	-10	-39	6					15	-12	-5	-27	7					-19	10	8	-28	14																							2025-07-24	and8	https://and8.dance/en/stats/reports/4832/2699/?data=1&x=1085&y=405&w=1225&type=r
The Legits Blast 2025 presents Outbreak Europe 2025	1vs1 Kid Top 16 KnockOut	Phil One	ill Will	Phil One	2	5	2	0	10	0	Apache	Bouba	Allef ~	Felix	Alvin					-25	-24	-21	-26	-35					-25	-13	-9	-24	-19																																2025-07-24	and8	https://and8.dance/en/stats/reports/4832/2699/?data=1&x=1085&y=270&w=1225&type=r
The Legits Blast 2025 presents Outbreak Europe 2025	1vs1 Kid Top 16 KnockOut	Nyusha	Berserk	Berserk	2	5	0	2	0	10	Apache	Bouba	Allef ~	Felix	Alvin					30	16	15	57	40					25	8	6	32	10																																2025-07-24	and8	https://and8.dance/en/stats/reports/4832/2699/?data=1&x=1085&y=135&w=1225&type=r
The Legits Blast 2025 presents Outbreak Europe 2025	1vs1 Kid Top 16 KnockOut	Orlan	Kimba	Orlan	3	5	2	1	11	4	Apache	Bouba	Allef ~	Felix	Alvin					-32	16	6	27	-20					25	-12	-21	-40	-55					-24	-15	-5	-23	-17																							2025-07-24	and8	https://and8.dance/en/stats/reports/4832/2699/?data=1&x=135&y=540&w=1225&type=r
The Legits Blast 2025 presents Outbreak Europe 2025	1vs1 Kid Top 16 KnockOut	Jonah	Z	Z	2	5	0	2	0	10	Apache	Bouba	Allef ~	Felix	Alvin					58	25	10	28	43					52	33	17	24	36																																2025-07-24	and8	https://and8.dance/en/stats/reports/4832/2699/?data=1&x=135&y=405&w=1225&type=r
The Legits Blast 2025 presents Outbreak Europe 2025	1vs1 Kid Top 16 KnockOut	David	Edo	Edo	2	5	0	2	1	9	Apache	Bouba	Allef ~	Felix	Alvin					56	25	15	28	29					56	12	3	13	-10																																2025-07-24	and8	https://and8.dance/en/stats/reports/4832/2699/?data=1&x=135&y=270&w=1225&type=r
The Legits Blast 2025 presents Outbreak Europe 2025	1vs1 Kid Top 16 KnockOut	Soul Tim	B-Boy Hadi	B-Boy Hadi	3	5	1	2	5	10	Apache	Bouba	Allef ~	Felix	Alvin					-40	12	13	34	13					39	-13	-4	-21	-16					63	12	9	39	40																							2025-07-24	and8	https://and8.dance/en/stats/reports/4832/2699/?data=1&x=135&y=135&w=1225&type=r
The Legits Blast 2025 presents Outbreak Europe 2025	1vs1 B-Girl Top 32 KnockOut	Kimie	Nicka	Nicka	3	7	0	3	7	14	Poe One	Killa Kim	Willastr8	Amir	RoxRite	MiMz	AT			7	-10	7	10	-5	4	-10			-8	6	3	9	11	-4	9			-6	-9	25	10	9	5	3																					2025-07-24	and8	https://and8.dance/en/stats/reports/4832/2700/?data=1&x=615&y=615&w=1225&type=r
The Legits Blast 2025 presents Outbreak Europe 2025	1vs1 B-Girl Top 32 KnockOut	Kate	Nicka	Nicka	2	7	0	2	1	13	Poe One	Killa Kim	Willastr8	Amir	RoxRite	MiMz	AT			45	12	11	16	7	-5	9			39	13	15	17	3	15	12																														2025-07-24	and8	https://and8.dance/en/stats/reports/4832/2700/?data=1&x=695&y=375&w=1225&type=r
The Legits Blast 2025 presents Outbreak Europe 2025	1vs1 B-Girl Top 32 KnockOut	Kimie	Ayane	Kimie	2	7	2	0	12	2	Poe One	Killa Kim	Willastr8	Amir	RoxRite	MiMz	AT			-13	9	8	-12	-8	-7	-7			-19	-12	-14	-14	-6	-7	-9																														2025-07-24	and8	https://and8.dance/en/stats/reports/4832/2700/?data=1&x=535&y=375&w=1225&type=r
The Legits Blast 2025 presents Outbreak Europe 2025	1vs1 B-Girl Top 32 KnockOut	B-Girl Hami	Nicka	Nicka	2	7	0	2	2	12	Poe One	Killa Kim	Willastr8	Amir	RoxRite	MiMz	AT			-6	9	-7	5	4	5	5			24	12	41	13	13	11	4																														2025-07-24	and8	https://and8.dance/en/stats/reports/4832/2700/?data=1&x=740&y=500&w=1225&type=r
The Legits Blast 2025 presents Outbreak Europe 2025	1vs1 B-Girl Top 32 KnockOut	Yuina	Kate	Kate	3	7	1	2	7	14	Poe One	Killa Kim	Willastr8	Amir	RoxRite	MiMz	AT			6	15	5	-6	9	6	5			-41	17	-15	-10	5	-10	-7			8	17	13	16	3	5	-7																					2025-07-24	and8	https://and8.dance/en/stats/reports/4832/2700/?data=1&x=740&y=245&w=1225&type=r
The Legits Blast 2025 presents Outbreak Europe 2025	1vs1 B-Girl Top 32 KnockOut	Stefani	Ayane	Ayane	2	7	0	2	3	11	Poe One	Killa Kim	Willastr8	Amir	RoxRite	MiMz	AT			8	-7	9	15	13	12	12			7	-10	-7	12	6	7	15																														2025-07-24	and8	https://and8.dance/en/stats/reports/4832/2700/?data=1&x=490&y=500&w=1225&type=r
The Legits Blast 2025 presents Outbreak Europe 2025	1vs1 B-Girl Top 32 KnockOut	Kimie	Syssy	Kimie	3	7	2	1	9	12	Poe One	Killa Kim	Willastr8	Amir	RoxRite	MiMz	AT			-9	-13	-6	-10	-6	5	7			4	8	10	13	9	6	11			-7	-9	6	-10	-8	5	7																					2025-07-24	and8	https://and8.dance/en/stats/reports/4832/2700/?data=1&x=490&y=245&w=1225&type=r
The Legits Blast 2025 presents Outbreak Europe 2025	1vs1 B-Girl Top 32 KnockOut	Jazzy	Nicka	Nicka	2	7	0	2	0	14	Poe One	Killa Kim	Willastr8	Amir	RoxRite	MiMz	AT			25	12	34	15	6	9	15			33	12	14	12	10	15	16																														2025-07-24	and8	https://and8.dance/en/stats/reports/4832/2700/?data=1&x=775&y=565&w=1225&type=r
The Legits Blast 2025 presents Outbreak Europe 2025	1vs1 B-Girl Top 32 KnockOut	B-Girl Hami	Yuika	B-Girl Hami	3	7	2	1	10	11	Poe One	Killa Kim	Willastr8	Amir	RoxRite	MiMz	AT			-11	-11	-34	-13	-7	5	6			22	-10	16	14	6	9	7			-6	-9	-7	13	-2	7	6																					2025-07-24	and8	https://and8.dance/en/stats/reports/4832/2700/?data=1&x=775&y=435&w=1225&type=r
The Legits Blast 2025 presents Outbreak Europe 2025	1vs1 B-Girl Top 32 KnockOut	Swami	Kate	Kate	2	7	0	2	2	12	Poe One	Killa Kim	Willastr8	Amir	RoxRite	MiMz	AT			5	5	18	12	10	8	9			-8	8	22	9	12	11	-6																														2025-07-24	and8	https://and8.dance/en/stats/reports/4832/2700/?data=1&x=775&y=310&w=1225&type=r
The Legits Blast 2025 presents Outbreak Europe 2025	1vs1 B-Girl Top 32 KnockOut	Chris	Yuina	Yuina	3	7	1	2	9	12	Poe One	Killa Kim	Willastr8	Amir	RoxRite	MiMz	AT			4	9	8	11	3	-9	-6			-31	-14	-9	-13	-3	8	-12			16	9	8	9	-2	5	5																					2025-07-24	and8	https://and8.dance/en/stats/reports/4832/2700/?data=1&x=775&y=180&w=1225&type=r
The Legits Blast 2025 presents Outbreak Europe 2025	1vs1 B-Girl Top 32 KnockOut	Nika	Ayane	Ayane	2	7	0	2	5	9	Poe One	Killa Kim	Willastr8	Amir	RoxRite	MiMz	AT			21	10	-11	14	-2	12	7			-21	-9	-12	11	4	11	10																														2025-07-24	and8	https://and8.dance/en/stats/reports/4832/2700/?data=1&x=450&y=565&w=1225&type=r
The Legits Blast 2025 presents Outbreak Europe 2025	1vs1 B-Girl Top 32 KnockOut	Stefani	Tata	Stefani	3	7	2	1	9	12	Poe One	Killa Kim	Willastr8	Amir	RoxRite	MiMz	AT			-12	-13	-2	9	-4	9	8			20	-12	7	14	9	9	8			-8	-11	-3	15	4	6	-8																					2025-07-24	and8	https://and8.dance/en/stats/reports/4832/2700/?data=1&x=450&y=435&w=1225&type=r
The Legits Blast 2025 presents Outbreak Europe 2025	1vs1 B-Girl Top 32 KnockOut	Syssy	Spidergirl	Syssy	2	7	2	0	13	1	Poe One	Killa Kim	Willastr8	Amir	RoxRite	MiMz	AT			-46	-10	-31	-10	-11	-9	-16			-35	8	-37	-10	-11	-15	-11																														2025-07-24	and8	https://and8.dance/en/stats/reports/4832/2700/?data=1&x=450&y=310&w=1225&type=r
The Legits Blast 2025 presents Outbreak Europe 2025	1vs1 B-Girl Top 32 KnockOut	Starry	Kimie	Kimie	2	7	0	2	2	12	Poe One	Killa Kim	Willastr8	Amir	RoxRite	MiMz	AT			32	14	24	16	10	15	8			35	11	5	15	-6	-5	11																														2025-07-24	and8	https://and8.dance/en/stats/reports/4832/2700/?data=1&x=450&y=180&w=1225&type=r
The Legits Blast 2025 presents Outbreak Europe 2025	1vs1 B-Girl Top 32 KnockOut	Masha Uragan	Nicka	Nicka	1	5	0	1	0	5	AT	MiMz	RoxRite	Max	Ronnie					22	11	6	56	54																																									2025-07-24	and8	https://and8.dance/en/stats/reports/4832/2700/?data=1&x=935&y=610&w=1225&type=r
The Legits Blast 2025 presents Outbreak Europe 2025	1vs1 B-Girl Top 32 KnockOut	Mia	Jazzy	Jazzy	1	5	0	1	2	3	AT	MiMz	RoxRite	Max	Ronnie					-11	5	7	-2	9																																									2025-07-24	and8	https://and8.dance/en/stats/reports/4832/2700/?data=1&x=935&y=540&w=1225&type=r
The Legits Blast 2025 presents Outbreak Europe 2025	1vs1 B-Girl Top 32 KnockOut	Carla	Yuika	Yuika	1	5	0	1	1	4	AT	MiMz	RoxRite	Max	Ronnie					9	4	8	10	-18																																									2025-07-24	and8	https://and8.dance/en/stats/reports/4832/2700/?data=1&x=935&y=475&w=1225&type=r
The Legits Blast 2025 presents Outbreak Europe 2025	1vs1 B-Girl Top 32 KnockOut	B-Girl Hami	Mery Berry	B-Girl Hami	1	5	1	0	3	2	AT	MiMz	RoxRite	Max	Ronnie					2	6	-13	-17	-19																																									2025-07-24	and8	https://and8.dance/en/stats/reports/4832/2700/?data=1&x=935&y=405&w=1225&type=r
The Legits Blast 2025 presents Outbreak Europe 2025	1vs1 B-Girl Top 32 KnockOut	Kate	Izanami	Kate	1	5	1	0	5	0	AT	MiMz	RoxRite	Max	Ronnie					-9	-9	-9	-23	-7																																									2025-07-24	and8	https://and8.dance/en/stats/reports/4832/2700/?data=1&x=935&y=340&w=1225&type=r
The Legits Blast 2025 presents Outbreak Europe 2025	1vs1 B-Girl Top 32 KnockOut	La Vix	Swami	Swami	1	5	0	1	2	3	AT	MiMz	RoxRite	Max	Ronnie					-2	3	-4	3	5																																									2025-07-24	and8	https://and8.dance/en/stats/reports/4832/2700/?data=1&x=935&y=270&w=1225&type=r
The Legits Blast 2025 presents Outbreak Europe 2025	1vs1 B-Girl Top 32 KnockOut	Yuina	Sonya	Yuina	1	5	1	0	5	0	AT	MiMz	RoxRite	Max	Ronnie					-10	-5	-7	-26	-10																																									2025-07-24	and8	https://and8.dance/en/stats/reports/4832/2700/?data=1&x=935&y=200&w=1225&type=r
The Legits Blast 2025 presents Outbreak Europe 2025	1vs1 B-Girl Top 32 KnockOut	Kotya	Chris	Chris	1	5	0	1	1	4	AT	MiMz	RoxRite	Max	Ronnie					3	30	5	16	-8																																									2025-07-24	and8	https://and8.dance/en/stats/reports/4832/2700/?data=1&x=935&y=130&w=1225&type=r
The Legits Blast 2025 presents Outbreak Europe 2025	1vs1 B-Girl Top 32 KnockOut	Ayane	Badli	Ayane	1	5	1	0	4	1	AT	MiMz	RoxRite	Max	Ronnie					-6	-20	4	-9	-14																																									2025-07-24	and8	https://and8.dance/en/stats/reports/4832/2700/?data=1&x=300&y=610&w=1225&type=r
The Legits Blast 2025 presents Outbreak Europe 2025	1vs1 B-Girl Top 32 KnockOut	Nika	Chimpa	Nika	1	5	1	0	4	1	AT	MiMz	RoxRite	Max	Ronnie					-17	3	-10	-4	-50																																									2025-07-24	and8	https://and8.dance/en/stats/reports/4832/2700/?data=1&x=300&y=540&w=1225&type=r
The Legits Blast 2025 presents Outbreak Europe 2025	1vs1 B-Girl Top 32 KnockOut	Posya Rock	Tata	Tata	1	5	0	1	2	3	AT	MiMz	RoxRite	Max	Ronnie					8	-3	10	8	-5																																									2025-07-24	and8	https://and8.dance/en/stats/reports/4832/2700/?data=1&x=300&y=475&w=1225&type=r
The Legits Blast 2025 presents Outbreak Europe 2025	1vs1 B-Girl Top 32 KnockOut	Stefani	Kristina	Stefani	1	5	1	0	5	0	AT	MiMz	RoxRite	Max	Ronnie					-5	-3	-7	-17	-20																																									2025-07-24	and8	https://and8.dance/en/stats/reports/4832/2700/?data=1&x=300&y=405&w=1225&type=r
The Legits Blast 2025 presents Outbreak Europe 2025	1vs1 B-Girl Top 32 KnockOut	Spidergirl	B-Girl Karla	Spidergirl	1	5	1	0	4	1	AT	MiMz	RoxRite	Max	Ronnie					-6	4	-3	-16	-30																																									2025-07-24	and8	https://and8.dance/en/stats/reports/4832/2700/?data=1&x=300&y=340&w=1225&type=r
The Legits Blast 2025 presents Outbreak Europe 2025	1vs1 B-Girl Top 32 KnockOut	Alessandrina	Syssy	Syssy	1	5	0	1	0	5	AT	MiMz	RoxRite	Max	Ronnie					18	5	15	4	26																																									2025-07-24	and8	https://and8.dance/en/stats/reports/4832/2700/?data=1&x=300&y=270&w=1225&type=r
The Legits Blast 2025 presents Outbreak Europe 2025	1vs1 B-Girl Top 32 KnockOut	Kimie	EmKa	Kimie	1	5	1	0	5	0	AT	MiMz	RoxRite	Max	Ronnie					-3	-28	-20	-5	-25																																									2025-07-24	and8	https://and8.dance/en/stats/reports/4832/2700/?data=1&x=300&y=200&w=1225&type=r
The Legits Blast 2025 presents Outbreak Europe 2025	1vs1 B-Girl Top 32 KnockOut	Starry	RAM	Starry	1	5	1	0	3	2	AT	MiMz	RoxRite	Max	Ronnie					23	-30	-11	-16	13																																									2025-07-24	and8	https://and8.dance/en/stats/reports/4832/2700/?data=1&x=300&y=130&w=1225&type=r
The Legits Blast 2025 presents Outbreak Europe 2025	1vs1 Breaking Top 32 KnockOut	ZipRock	Hiro10	Hiro10	3	7	1	2	10	11	Poe One	Killa Kim	Willastr8	Amir	RoxRite	MiMz	AT			46	12	11	13	4	15	10			-10	-12	-100	-9	-12	-6	-6			19	-8	5	-8	-7	10	5																					2025-07-24	and8	https://and8.dance/en/stats/reports/4832/2701/?data=1&x=615&y=615&w=1225&type=r
The Legits Blast 2025 presents Outbreak Europe 2025	1vs1 Breaking Top 32 KnockOut	Hiro10	Grom	Hiro10	3	7	2	1	9	12	Poe One	Killa Kim	Willastr8	Amir	RoxRite	MiMz	AT			-32	-11	5	10	-5	-10	7			14	10	4	13	-5	3	8			8	8	-7	7	-3	-7	-6																					2025-07-24	and8	https://and8.dance/en/stats/reports/4832/2701/?data=1&x=695&y=375&w=1225&type=r
The Legits Blast 2025 presents Outbreak Europe 2025	1vs1 Breaking Top 32 KnockOut	ZipRock	Quake	ZipRock	2	7	2	0	9	5	Poe One	Killa Kim	Willastr8	Amir	RoxRite	MiMz	AT			-32	-10	-3	5	-10	4	6			-25	6	-4	10	-4	-6	-13																														2025-07-24	and8	https://and8.dance/en/stats/reports/4832/2701/?data=1&x=535&y=375&w=1225&type=r
The Legits Blast 2025 presents Outbreak Europe 2025	1vs1 Breaking Top 32 KnockOut	Grom	Marlone	Grom	2	7	2	0	11	3	Poe One	Killa Kim	Willastr8	Amir	RoxRite	MiMz	AT			-41	14	-20	-10	-9	4	-5			-6	11	-3	-13	-2	-6	-6																														2025-07-24	and8	https://and8.dance/en/stats/reports/4832/2701/?data=1&x=740&y=500&w=1225&type=r
The Legits Blast 2025 presents Outbreak Europe 2025	1vs1 Breaking Top 32 KnockOut	Gimnast	Hiro10	Hiro10	2	7	0	2	1	13	Poe One	Killa Kim	Willastr8	Amir	RoxRite	MiMz	AT			24	-10	10	11	10	11	16			40	19	10	15	5	5	15																														2025-07-24	and8	https://and8.dance/en/stats/reports/4832/2701/?data=1&x=740&y=245&w=1225&type=r
The Legits Blast 2025 presents Outbreak Europe 2025	1vs1 Breaking Top 32 KnockOut	Killian	Quake	Quake	2	7	0	2	6	8	Poe One	Killa Kim	Willastr8	Amir	RoxRite	MiMz	AT			6	9	3	-12	6	-10	-14			8	-13	8	11	-8	-10	9																														2025-07-24	and8	https://and8.dance/en/stats/reports/4832/2701/?data=1&x=490&y=500&w=1225&type=r
The Legits Blast 2025 presents Outbreak Europe 2025	1vs1 Breaking Top 32 KnockOut	Mace	ZipRock	ZipRock	2	7	0	2	2	12	Poe One	Killa Kim	Willastr8	Amir	RoxRite	MiMz	AT			7	-11	8	15	7	5	9			18	12	10	15	7	-3	9																														2025-07-24	and8	https://and8.dance/en/stats/reports/4832/2701/?data=1&x=490&y=245&w=1225&type=r
The Legits Blast 2025 presents Outbreak Europe 2025	1vs1 Breaking Top 32 KnockOut	Amaro	Marlone	Marlone	2	7	0	2	3	11	Poe One	Killa Kim	Willastr8	Amir	RoxRite	MiMz	AT			23	13	-8	17	15	6	11			21	12	5	-14	9	7	-10																														2025-07-24	and8	https://and8.dance/en/stats/reports/4832/2701/?data=1&x=775&y=565&w=1225&type=r
The Legits Blast 2025 presents Outbreak Europe 2025	1vs1 Breaking Top 32 KnockOut	Grom	Twister	Grom	2	7	2	0	11	3	Poe One	Killa Kim	Willastr8	Amir	RoxRite	MiMz	AT			-25	14	-14	13	-7	5	-7			-65	-13	-21	-10	-15	-10	-9																														2025-07-24	and8	https://and8.dance/en/stats/reports/4832/2701/?data=1&x=775&y=435&w=1225&type=r
The Legits Blast 2025 presents Outbreak Europe 2025	1vs1 Breaking Top 32 KnockOut	Jeian	Hiro10	Hiro10	2	7	0	2	0	14	Poe One	Killa Kim	Willastr8	Amir	RoxRite	MiMz	AT			63	16	47	19	20	16	8			69	17	26	19	18	15	10																														2025-07-24	and8	https://and8.dance/en/stats/reports/4832/2701/?data=1&x=775&y=310&w=1225&type=r
The Legits Blast 2025 presents Outbreak Europe 2025	1vs1 Breaking Top 32 KnockOut	Gimnast	Johnny Fox	Gimnast	2	7	2	0	9	5	Poe One	Killa Kim	Willastr8	Amir	RoxRite	MiMz	AT			27	-15	-8	-11	-8	7	12			-7	-15	-10	-9	-4	4	6																														2025-07-24	and8	https://and8.dance/en/stats/reports/4832/2701/?data=1&x=775&y=180&w=1225&type=r
The Legits Blast 2025 presents Outbreak Europe 2025	1vs1 Breaking Top 32 KnockOut	Tabrin	Quake	Quake	3	7	1	2	10	11	Poe One	Killa Kim	Willastr8	Amir	RoxRite	MiMz	AT			7	8	7	12	-5	8	10			-7	-28	-5	-13	-9	-7	5			14	-20	-2	-14	5	6	6																					2025-07-24	and8	https://and8.dance/en/stats/reports/4832/2701/?data=1&x=450&y=565&w=1225&type=r
The Legits Blast 2025 presents Outbreak Europe 2025	1vs1 Breaking Top 32 KnockOut	Killian	Cyga	Killian	3	7	2	1	17	4	Poe One	Killa Kim	Willastr8	Amir	RoxRite	MiMz	AT			-7	-12	-8	-10	-9	-5	-7			10	9	15	13	-7	-7	-4			-18	-12	-9	-12	-6	-7	-8																					2025-07-24	and8	https://and8.dance/en/stats/reports/4832/2701/?data=1&x=450&y=435&w=1225&type=r
The Legits Blast 2025 presents Outbreak Europe 2025	1vs1 Breaking Top 32 KnockOut	ISAKI	ZipRock	ZipRock	3	7	1	2	9	12	Poe One	Killa Kim	Willastr8	Amir	RoxRite	MiMz	AT			-3	10	-6	-11	-6	-10	-7			31	17	17	15	21	-5	-9			21	13	22	15	13	-5	15																					2025-07-24	and8	https://and8.dance/en/stats/reports/4832/2701/?data=1&x=450&y=310&w=1225&type=r
The Legits Blast 2025 presents Outbreak Europe 2025	1vs1 Breaking Top 32 KnockOut	Allef ~	Mace	Mace	3	7	1	2	9	12	Poe One	Killa Kim	Willastr8	Amir	RoxRite	MiMz	AT			11	-8	4	-10	-5	-5	-7			7	7	-12	7	7	3	9			14	17	-1	-13	6	-10	6																					2025-07-24	and8	https://and8.dance/en/stats/reports/4832/2701/?data=1&x=450&y=180&w=1225&type=r
The Legits Blast 2025 presents Outbreak Europe 2025	1vs1 Breaking Top 32 KnockOut	Yu-Ki	Marlone	Marlone	1	5	0	1	0	5	Poe One	Killa Kim	Willastr8	Amir	Felix					9	16	11	10	7																																									2025-07-24	and8	https://and8.dance/en/stats/reports/4832/2701/?data=1&x=935&y=610&w=1225&type=r
The Legits Blast 2025 presents Outbreak Europe 2025	1vs1 Breaking Top 32 KnockOut	Amaro	Ceebri	Amaro	1	5	1	0	3	2	Poe One	Killa Kim	Willastr8	Amir	Felix					-8	-10	2	10	-7																																									2025-07-24	and8	https://and8.dance/en/stats/reports/4832/2701/?data=1&x=935&y=540&w=1225&type=r
The Legits Blast 2025 presents Outbreak Europe 2025	1vs1 Breaking Top 32 KnockOut	Louis	Twister	Twister	1	5	0	1	0	5	Poe One	Killa Kim	Willastr8	Amir	Felix					13	6	12	11	9																																									2025-07-24	and8	https://and8.dance/en/stats/reports/4832/2701/?data=1&x=935&y=475&w=1225&type=r
The Legits Blast 2025 presents Outbreak Europe 2025	1vs1 Breaking Top 32 KnockOut	Grom	Emilio	Grom	1	5	1	0	5	0	Poe One	Killa Kim	Willastr8	Amir	Felix					-26	-8	-30	-15	-8																																									2025-07-24	and8	https://and8.dance/en/stats/reports/4832/2701/?data=1&x=935&y=405&w=1225&type=r
The Legits Blast 2025 presents Outbreak Europe 2025	1vs1 Breaking Top 32 KnockOut	Hiro10	Millie Mil	Hiro10	1	5	1	0	5	0	Poe One	Killa Kim	Willastr8	Amir	Felix					-41	-7	-10	-14	-5																																									2025-07-24	and8	https://and8.dance/en/stats/reports/4832/2701/?data=1&x=935&y=340&w=1225&type=r
The Legits Blast 2025 presents Outbreak Europe 2025	1vs1 Breaking Top 32 KnockOut	Jeian	Djibril	Jeian	1	5	1	0	4	1	Poe One	Killa Kim	Willastr8	Amir	Felix					-14	-14	-8	11	-9																																									2025-07-24	and8	https://and8.dance/en/stats/reports/4832/2701/?data=1&x=935&y=270&w=1225&type=r
The Legits Blast 2025 presents Outbreak Europe 2025	1vs1 Breaking Top 32 KnockOut	Johnny Fox	Andy	Johnny Fox	1	5	1	0	5	0	Poe One	Killa Kim	Willastr8	Amir	Felix					-19	-12	-36	-10	-27																																									2025-07-24	and8	https://and8.dance/en/stats/reports/4832/2701/?data=1&x=935&y=200&w=1225&type=r
The Legits Blast 2025 presents Outbreak Europe 2025	1vs1 Breaking Top 32 KnockOut	Lion	Gimnast	Gimnast	1	5	0	1	0	5	Poe One	Killa Kim	Willastr8	Amir	Felix					14	16	20	10	17																																									2025-07-24	and8	https://and8.dance/en/stats/reports/4832/2701/?data=1&x=935&y=130&w=1225&type=r
The Legits Blast 2025 presents Outbreak Europe 2025	1vs1 Breaking Top 32 KnockOut	Onel	Quake	Quake	1	5	0	1	2	3	Poe One	Killa Kim	Willastr8	Amir	Felix					-8	7	3	9	-5																																									2025-07-24	and8	https://and8.dance/en/stats/reports/4832/2701/?data=1&x=300&y=610&w=1225&type=r
The Legits Blast 2025 presents Outbreak Europe 2025	1vs1 Breaking Top 32 KnockOut	Tabrin	Shiny	Tabrin	1	5	1	0	4	1	Poe One	Killa Kim	Willastr8	Amir	Felix					-9	-9	-18	7	-8																																									2025-07-24	and8	https://and8.dance/en/stats/reports/4832/2701/?data=1&x=300&y=540&w=1225&type=r
The Legits Blast 2025 presents Outbreak Europe 2025	1vs1 Breaking Top 32 KnockOut	Sunni	Cyga	Cyga	1	5	0	1	2	3	Poe One	Killa Kim	Willastr8	Amir	Felix					6	-11	3	3	-13																																									2025-07-24	and8	https://and8.dance/en/stats/reports/4832/2701/?data=1&x=300&y=475&w=1225&type=r
The Legits Blast 2025 presents Outbreak Europe 2025	1vs1 Breaking Top 32 KnockOut	Killian	Nicolas	Killian	1	5	1	0	3	2	Poe One	Killa Kim	Willastr8	Amir	Felix					5	-9	15	-10	-16																																									2025-07-24	and8	https://and8.dance/en/stats/reports/4832/2701/?data=1&x=300&y=405&w=1225&type=r
The Legits Blast 2025 presents Outbreak Europe 2025	1vs1 Breaking Top 32 KnockOut	ZipRock	Ryoga	ZipRock	1	5	1	0	4	1	Poe One	Killa Kim	Willastr8	Amir	Felix					-19	-9	-22	-14	21																																									2025-07-24	and8	https://and8.dance/en/stats/reports/4832/2701/?data=1&x=300&y=340&w=1225&type=r
The Legits Blast 2025 presents Outbreak Europe 2025	1vs1 Breaking Top 32 KnockOut	B-Boy Beetle	ISAKI	ISAKI	1	5	0	1	2	3	Poe One	Killa Kim	Willastr8	Amir	Felix					27	-10	9	7	-17																																									2025-07-24	and8	https://and8.dance/en/stats/reports/4832/2701/?data=1&x=300&y=270&w=1225&type=r
The Legits Blast 2025 presents Outbreak Europe 2025	1vs1 Breaking Top 32 KnockOut	Mace	Jasper	Mace	1	5	1	0	4	1	Poe One	Killa Kim	Willastr8	Amir	Felix					-51	-11	-23	14	-9																																									2025-07-24	and8	https://and8.dance/en/stats/reports/4832/2701/?data=1&x=300&y=200&w=1225&type=r
The Legits Blast 2025 presents Outbreak Europe 2025	1vs1 Breaking Top 32 KnockOut	OUKI	Allef ~	Allef ~	1	5	0	1	1	4	Poe One	Killa Kim	Willastr8	Amir	Felix					39	-8	40	15	23																																									2025-07-24	and8	https://and8.dance/en/stats/reports/4832/2701/?data=1&x=300&y=130&w=1225&type=r
The World Battle 2025	1vs1 KIDS Breaking Battle Top 32 KnockOut	Renrën	Lilking	Lilking	3	3	0	3	2	7	Willastr8	Babyson	Xedo							-3	9	17							27	17	-10							13	14	15																									2025-08-30	and8	https://and8.dance/en/stats/reports/4842/2721/?data=1&x=615&y=615&w=1225&type=r
The World Battle 2025	1vs1 KIDS Breaking Battle Top 32 KnockOut	Thaumas	Lilking	Lilking	3	3	1	2	4	5	Willastr8	Babyson	Xedo							-3	10	16							1	-11	-20							8	12	-22																									2025-08-30	and8	https://and8.dance/en/stats/reports/4842/2721/?data=1&x=695&y=375&w=1225&type=r
The World Battle 2025	1vs1 KIDS Breaking Battle Top 32 KnockOut	Saturn	Renrën	Renrën	3	3	1	2	4	5	Willastr8	Babyson	Xedo							-7	11	18							-7	8	-24							3	-14	17																									2025-08-30	and8	https://and8.dance/en/stats/reports/4842/2721/?data=1&x=535&y=375&w=1225&type=r
The World Battle 2025	1vs1 KIDS Breaking Battle Top 32 KnockOut	Vantok	Lilking	Lilking	2	3	0	2	0	6	Willastr8	Babyson	Xedo							6	13	22							9	11	30																																		2025-08-30	and8	https://and8.dance/en/stats/reports/4842/2721/?data=1&x=740&y=500&w=1225&type=r
The World Battle 2025	1vs1 KIDS Breaking Battle Top 32 KnockOut	Thaumas	Shtorm	Thaumas	3	3	2	1	6	3	Willastr8	Babyson	Xedo							-28	-17	15							-15	4	21							-6	-7	-22																									2025-08-30	and8	https://and8.dance/en/stats/reports/4842/2721/?data=1&x=740&y=245&w=1225&type=r
The World Battle 2025	1vs1 KIDS Breaking Battle Top 32 KnockOut	Koharu  Python	Renrën	Renrën	2	3	0	2	0	6	Willastr8	Babyson	Xedo							5	17	28							19	13	22																																		2025-08-30	and8	https://and8.dance/en/stats/reports/4842/2721/?data=1&x=490&y=500&w=1225&type=r
The World Battle 2025	1vs1 KIDS Breaking Battle Top 32 KnockOut	Babalu	Saturn	Saturn	3	3	1	2	4	5	Willastr8	Babyson	Xedo							15	-7	20							-21	7	-11							7	-10	17																									2025-08-30	and8	https://and8.dance/en/stats/reports/4842/2721/?data=1&x=490&y=245&w=1225&type=r
The World Battle 2025	1vs1 KIDS Breaking Battle Top 32 KnockOut	B-Boy Mike	Lilking	Lilking	1	3	0	1	1	2	Willastr8	Babyson	Xedo							-5	18	17																																											2025-08-30	and8	https://and8.dance/en/stats/reports/4842/2721/?data=1&x=775&y=565&w=1225&type=r
The World Battle 2025	1vs1 KIDS Breaking Battle Top 32 KnockOut	Vantok	Oli	Vantok	1	3	1	0	3	0	Willastr8	Babyson	Xedo							-16	-13	-19																																											2025-08-30	and8	https://and8.dance/en/stats/reports/4842/2721/?data=1&x=775&y=435&w=1225&type=r
The World Battle 2025	1vs1 KIDS Breaking Battle Top 32 KnockOut	B-Boy Spinx	Shtorm	Shtorm	1	3	0	1	1	2	Willastr8	Babyson	Xedo							9	-11	20																																											2025-08-30	and8	https://and8.dance/en/stats/reports/4842/2721/?data=1&x=775&y=310&w=1225&type=r
The World Battle 2025	1vs1 KIDS Breaking Battle Top 32 KnockOut	Thaumas	B-Boy Leo	Thaumas	1	3	1	0	3	0	Willastr8	Babyson	Xedo							-10	-13	-22																																											2025-08-30	and8	https://and8.dance/en/stats/reports/4842/2721/?data=1&x=775&y=180&w=1225&type=r
The World Battle 2025	1vs1 KIDS Breaking Battle Top 32 KnockOut	B-Boy Liam	Renrën	Renrën	1	3	0	1	0	3	Willastr8	Babyson	Xedo							9	18	20																																											2025-08-30	and8	https://and8.dance/en/stats/reports/4842/2721/?data=1&x=450&y=565&w=1225&type=r
The World Battle 2025	1vs1 KIDS Breaking Battle Top 32 KnockOut	Lynx	Koharu  Python	Koharu  Python	1	3	0	1	1	2	Willastr8	Babyson	Xedo							-11	9	14																																											2025-08-30	and8	https://and8.dance/en/stats/reports/4842/2721/?data=1&x=450&y=435&w=1225&type=r
The World Battle 2025	1vs1 KIDS Breaking Battle Top 32 KnockOut	Saturn	Wato	Saturn	1	3	1	0	2	1	Willastr8	Babyson	Xedo							3	-16	-25																																											2025-08-30	and8	https://and8.dance/en/stats/reports/4842/2721/?data=1&x=450&y=310&w=1225&type=r
The World Battle 2025	1vs1 KIDS Breaking Battle Top 32 KnockOut	Babalu	Lineage	Babalu	1	3	1	0	2	1	Willastr8	Babyson	Xedo							-13	11	-18																																											2025-08-30	and8	https://and8.dance/en/stats/reports/4842/2721/?data=1&x=450&y=180&w=1225&type=r
The World Battle 2025	1vs1 KIDS Breaking Battle Top 32 KnockOut	Kemir	Lilking	Lilking	1	3	0	1	0	3	Willastr8	Babyson	Xedo							27	21	19																																											2025-08-30	and8	https://and8.dance/en/stats/reports/4842/2721/?data=1&x=935&y=610&w=1225&type=r
The World Battle 2025	1vs1 KIDS Breaking Battle Top 32 KnockOut	B-Boy Mike	Zulu	B-Boy Mike	1	3	1	0	2	1	Willastr8	Babyson	Xedo							2	-10	-11																																											2025-08-30	and8	https://and8.dance/en/stats/reports/4842/2721/?data=1&x=935&y=540&w=1225&type=r
The World Battle 2025	1vs1 KIDS Breaking Battle Top 32 KnockOut	Beazt	Oli	Oli	1	3	0	1	0	3	Willastr8	Babyson	Xedo							7	20	22																																											2025-08-30	and8	https://and8.dance/en/stats/reports/4842/2721/?data=1&x=935&y=475&w=1225&type=r
The World Battle 2025	1vs1 KIDS Breaking Battle Top 32 KnockOut	Centurion	Vantok	Vantok	1	3	0	1	1	2	Willastr8	Babyson	Xedo							32	-6	21																																											2025-08-30	and8	https://and8.dance/en/stats/reports/4842/2721/?data=1&x=935&y=405&w=1225&type=r
The World Battle 2025	1vs1 KIDS Breaking Battle Top 32 KnockOut	Shtorm	Seigo	Shtorm	1	3	1	0	3	0	Willastr8	Babyson	Xedo							-12	-13	-17																																											2025-08-30	and8	https://and8.dance/en/stats/reports/4842/2721/?data=1&x=935&y=340&w=1225&type=r
The World Battle 2025	1vs1 KIDS Breaking Battle Top 32 KnockOut	B-Girl YoYo	B-Boy Spinx	B-Boy Spinx	1	3	0	1	0	3	Willastr8	Babyson	Xedo							2	14	24																																											2025-08-30	and8	https://and8.dance/en/stats/reports/4842/2721/?data=1&x=935&y=270&w=1225&type=r
The World Battle 2025	1vs1 KIDS Breaking Battle Top 32 KnockOut	B-Boy Leo	B-Girl Alyce	B-Boy Leo	1	3	1	0	3	0	Willastr8	Babyson	Xedo							-36	-14	-19																																											2025-08-30	and8	https://and8.dance/en/stats/reports/4842/2721/?data=1&x=935&y=200&w=1225&type=r
The World Battle 2025	1vs1 KIDS Breaking Battle Top 32 KnockOut	Angela	Thaumas	Thaumas	1	3	0	1	1	2	Willastr8	Babyson	Xedo							-2	13	16																																											2025-08-30	and8	https://and8.dance/en/stats/reports/4842/2721/?data=1&x=935&y=130&w=1225&type=r
The World Battle 2025	1vs1 KIDS Breaking Battle Top 32 KnockOut	Nabsss	Renrën	Renrën	1	3	0	1	0	3	Willastr8	Babyson	Xedo							25	18	29																																											2025-08-30	and8	https://and8.dance/en/stats/reports/4842/2721/?data=1&x=300&y=610&w=1225&type=r
The World Battle 2025	1vs1 KIDS Breaking Battle Top 32 KnockOut	Kimba	B-Boy Liam	B-Boy Liam	1	3	0	1	1	2	Willastr8	Babyson	Xedo							-4	9	17																																											2025-08-30	and8	https://and8.dance/en/stats/reports/4842/2721/?data=1&x=300&y=540&w=1225&type=r
The World Battle 2025	1vs1 KIDS Breaking Battle Top 32 KnockOut	Koharu  Python	Zixin	Koharu  Python	1	3	1	0	2	1	Willastr8	Babyson	Xedo							-24	12	-22																																											2025-08-30	and8	https://and8.dance/en/stats/reports/4842/2721/?data=1&x=300&y=475&w=1225&type=r
The World Battle 2025	1vs1 KIDS Breaking Battle Top 32 KnockOut	Gera	Lynx	Lynx	1	3	0	1	1	2	Willastr8	Babyson	Xedo							-10	12	12																																											2025-08-30	and8	https://and8.dance/en/stats/reports/4842/2721/?data=1&x=300&y=405&w=1225&type=r
The World Battle 2025	1vs1 KIDS Breaking Battle Top 32 KnockOut	Wato	David	Wato	1	3	1	0	2	1	Willastr8	Babyson	Xedo							-6	10	-19																																											2025-08-30	and8	https://and8.dance/en/stats/reports/4842/2721/?data=1&x=300&y=340&w=1225&type=r
The World Battle 2025	1vs1 KIDS Breaking Battle Top 32 KnockOut	Saturn	B-Boy Jurre	Saturn	1	3	1	0	2	1	Willastr8	Babyson	Xedo							15	-9	-21																																											2025-08-30	and8	https://and8.dance/en/stats/reports/4842/2721/?data=1&x=300&y=270&w=1225&type=r
The World Battle 2025	1vs1 KIDS Breaking Battle Top 32 KnockOut	Lineage	Danger	Lineage	1	3	1	0	2	1	Willastr8	Babyson	Xedo							-5	-30	15																																											2025-08-30	and8	https://and8.dance/en/stats/reports/4842/2721/?data=1&x=300&y=200&w=1225&type=r
The World Battle 2025	1vs1 KIDS Breaking Battle Top 32 KnockOut	C-Change	Babalu	Babalu	1	3	0	1	0	3	Willastr8	Babyson	Xedo							22	41	16																																											2025-08-30	and8	https://and8.dance/en/stats/reports/4842/2721/?data=1&x=300&y=130&w=1225&type=r
The World Battle 2025	1vs1 BGirl Top 32 KnockOut	Sya	Royal	Royal	3	5	0	3	5	10	Ronnie	Bojin	Junior	Ayumi	Amir					24	29	11	-1	67					24	-14	10	-4	31					-4	10	-8	6	37																							2025-08-30	and8	https://and8.dance/en/stats/reports/4842/2722/?data=1&x=615&y=615&w=1225&type=r
The World Battle 2025	1vs1 BGirl Top 32 KnockOut	Angela	Royal	Royal	2	5	0	2	2	8	Ronnie	Bojin	Junior	Ayumi	Amir					8	-10	17	5	25					-11	28	21	4	31																																2025-08-30	and8	https://and8.dance/en/stats/reports/4842/2722/?data=1&x=695&y=375&w=1225&type=r
The World Battle 2025	1vs1 BGirl Top 32 KnockOut	Sya	Vanessa	Sya	2	5	2	0	10	0	Ronnie	Bojin	Junior	Ayumi	Amir					-34	-23	-11	-7	-18					-26	-20	-16	-7	-24																																2025-08-30	and8	https://and8.dance/en/stats/reports/4842/2722/?data=1&x=535&y=375&w=1225&type=r
The World Battle 2025	1vs1 BGirl Top 32 KnockOut	Royal	Hio	Royal	2	3	2	0	6	0	Mix	Bojin	Ronnie							-39	-14	-19							-49	-23	-33																																		2025-08-30	and8	https://and8.dance/en/stats/reports/4842/2722/?data=1&x=740&y=500&w=1225&type=r
The World Battle 2025	1vs1 BGirl Top 32 KnockOut	Paulina	Angela	Angela	2	3	0	2	2	4	Mix	Bojin	Ronnie							49	-27	24							60	-11	13																																		2025-08-30	and8	https://and8.dance/en/stats/reports/4842/2722/?data=1&x=740&y=245&w=1225&type=r
The World Battle 2025	1vs1 BGirl Top 32 KnockOut	HIYO	Vanessa	Vanessa	3	3	1	2	3	6	Mix	Bojin	Ronnie							19	-9	-34							-18	59	10							17	28	12																									2025-08-30	and8	https://and8.dance/en/stats/reports/4842/2722/?data=1&x=490&y=500&w=1225&type=r
The World Battle 2025	1vs1 BGirl Top 32 KnockOut	Haru	Sya	Sya	2	3	0	2	0	6	Mix	Bojin	Ronnie							62	80	65							54	22	39																																		2025-08-30	and8	https://and8.dance/en/stats/reports/4842/2722/?data=1&x=490&y=245&w=1225&type=r
The World Battle 2025	1vs1 BGirl Top 32 KnockOut	Kristina	Hio	Hio	1	3	0	1	0	3	Mix	Bojin	Ronnie							58	37	33																																											2025-08-30	and8	https://and8.dance/en/stats/reports/4842/2722/?data=1&x=775&y=565&w=1225&type=r
The World Battle 2025	1vs1 BGirl Top 32 KnockOut	Emma	Royal	Royal	1	3	0	1	0	3	Mix	Bojin	Ronnie							37	21	25																																											2025-08-30	and8	https://and8.dance/en/stats/reports/4842/2722/?data=1&x=775&y=435&w=1225&type=r
The World Battle 2025	1vs1 BGirl Top 32 KnockOut	Angela	7G	Angela	1	3	1	0	2	1	Mix	Bojin	Ronnie							-37	-13	17																																											2025-08-30	and8	https://and8.dance/en/stats/reports/4842/2722/?data=1&x=775&y=310&w=1225&type=r
The World Battle 2025	1vs1 BGirl Top 32 KnockOut	Ninah	Paulina	Paulina	1	3	0	1	0	3	Mix	Bojin	Ronnie							34	29	24																																											2025-08-30	and8	https://and8.dance/en/stats/reports/4842/2722/?data=1&x=775&y=180&w=1225&type=r
The World Battle 2025	1vs1 BGirl Top 32 KnockOut	Lola	Vanessa	Vanessa	1	3	0	1	1	2	Mix	Bojin	Ronnie							-10	8	13																																											2025-08-30	and8	https://and8.dance/en/stats/reports/4842/2722/?data=1&x=450&y=565&w=1225&type=r
The World Battle 2025	1vs1 BGirl Top 32 KnockOut	Nastya Momentum	HIYO	HIYO	1	3	0	1	0	3	Mix	Bojin	Ronnie							21	11	73																																											2025-08-30	and8	https://and8.dance/en/stats/reports/4842/2722/?data=1&x=450&y=435&w=1225&type=r
The World Battle 2025	1vs1 BGirl Top 32 KnockOut	B-Girl Mini Ali	Sya	Sya	1	3	0	1	0	3	Mix	Bojin	Ronnie							37	31	32																																											2025-08-30	and8	https://and8.dance/en/stats/reports/4842/2722/?data=1&x=450&y=310&w=1225&type=r
The World Battle 2025	1vs1 BGirl Top 32 KnockOut	B-Girl YoYo	Haru	Haru	1	3	0	1	1	2	Mix	Bojin	Ronnie							-40	52	34																																											2025-08-30	and8	https://and8.dance/en/stats/reports/4842/2722/?data=1&x=450&y=180&w=1225&type=r
The World Battle 2025	1vs1 BGirl Top 32 KnockOut	Hio	Krazy	Hio	1	3	1	0	3	0	Mix	Bojin	Ronnie							-63	-13	-46																																											2025-08-30	and8	https://and8.dance/en/stats/reports/4842/2722/?data=1&x=935&y=610&w=1225&type=r
The World Battle 2025	1vs1 BGirl Top 32 KnockOut	Yuuka	Kristina	Kristina	1	3	0	1	0	3	Mix	Bojin	Ronnie							56	37	13																																											2025-08-30	and8	https://and8.dance/en/stats/reports/4842/2722/?data=1&x=935&y=540&w=1225&type=r
The World Battle 2025	1vs1 BGirl Top 32 KnockOut	Royal	Aura	Royal	1	3	1	0	3	0	Mix	Bojin	Ronnie							-62	-77	-72																																											2025-08-30	and8	https://and8.dance/en/stats/reports/4842/2722/?data=1&x=935&y=475&w=1225&type=r
The World Battle 2025	1vs1 BGirl Top 32 KnockOut	C-Change	Emma	Emma	1	3	0	1	0	3	Mix	Bojin	Ronnie							10	9	9																																											2025-08-30	and8	https://and8.dance/en/stats/reports/4842/2722/?data=1&x=935&y=405&w=1225&type=r
The World Battle 2025	1vs1 BGirl Top 32 KnockOut	Aizara	7G	7G	1	3	0	1	0	3	Mix	Bojin	Ronnie							45	50	34																																											2025-08-30	and8	https://and8.dance/en/stats/reports/4842/2722/?data=1&x=935&y=340&w=1225&type=r
The World Battle 2025	1vs1 BGirl Top 32 KnockOut	Angela	Mira	Angela	1	3	1	0	2	1	Mix	Bojin	Ronnie							-32	-27	13																																											2025-08-30	and8	https://and8.dance/en/stats/reports/4842/2722/?data=1&x=935&y=270&w=1225&type=r
The World Battle 2025	1vs1 BGirl Top 32 KnockOut	Paulina	Firebird	Paulina	1	3	1	0	2	1	Mix	Bojin	Ronnie							-61	-68	8																																											2025-08-30	and8	https://and8.dance/en/stats/reports/4842/2722/?data=1&x=935&y=200&w=1225&type=r
The World Battle 2025	1vs1 BGirl Top 32 KnockOut	Mirei	Ninah	Ninah	1	3	0	1	1	2	Mix	Bojin	Ronnie							19	9	-38																																											2025-08-30	and8	https://and8.dance/en/stats/reports/4842/2722/?data=1&x=935&y=130&w=1225&type=r
The World Battle 2025	1vs1 BGirl Top 32 KnockOut	Vanessa	Tina The Turner	Vanessa	1	3	1	0	3	0	Mix	Bojin	Ronnie							-56	-69	-62																																											2025-08-30	and8	https://and8.dance/en/stats/reports/4842/2722/?data=1&x=300&y=610&w=1225&type=r
The World Battle 2025	1vs1 BGirl Top 32 KnockOut	Fran Killa	Lola	Lola	1	3	0	1	0	3	Mix	Bojin	Ronnie							57	16	14																																											2025-08-30	and8	https://and8.dance/en/stats/reports/4842/2722/?data=1&x=300&y=540&w=1225&type=r
The World Battle 2025	1vs1 BGirl Top 32 KnockOut	Cat	HIYO	HIYO	1	3	0	1	1	2	Mix	Bojin	Ronnie							60	-14	35																																											2025-08-30	and8	https://and8.dance/en/stats/reports/4842/2722/?data=1&x=300&y=475&w=1225&type=r
The World Battle 2025	1vs1 BGirl Top 32 KnockOut	Nastya Momentum	B-Girl Alyce	Nastya Momentum	1	3	1	0	2	1	Mix	Bojin	Ronnie							-56	-18	11																																											2025-08-30	and8	https://and8.dance/en/stats/reports/4842/2722/?data=1&x=300&y=405&w=1225&type=r
The World Battle 2025	1vs1 BGirl Top 32 KnockOut	Sya	Camine	Sya	1	3	1	0	2	1	Mix	Bojin	Ronnie							-27	8	-4																																											2025-08-30	and8	https://and8.dance/en/stats/reports/4842/2722/?data=1&x=300&y=340&w=1225&type=r
The World Battle 2025	1vs1 BGirl Top 32 KnockOut	Elsa	B-Girl Mini Ali	B-Girl Mini Ali	1	3	0	1	1	2	Mix	Bojin	Ronnie							57	-11	45																																											2025-08-30	and8	https://and8.dance/en/stats/reports/4842/2722/?data=1&x=300&y=270&w=1225&type=r
The World Battle 2025	1vs1 BGirl Top 32 KnockOut	Ju	Haru	Haru	1	3	0	1	0	3	Mix	Bojin	Ronnie							54	35	46																																											2025-08-30	and8	https://and8.dance/en/stats/reports/4842/2722/?data=1&x=300&y=200&w=1225&type=r
The World Battle 2025	1vs1 BGirl Top 32 KnockOut	Masha Uragan	B-Girl YoYo	B-Girl YoYo	1	3	0	1	0	3	Mix	Bojin	Ronnie							100	29	9																																											2025-08-30	and8	https://and8.dance/en/stats/reports/4842/2722/?data=1&x=300&y=130&w=1225&type=r
The World Battle 2025	1vs1 Breaking Gala Top 8 KnockOut	Wing	Shuto	Wing	3	5	3	0	12	3	Ronnie	Ayumi	Skim	Frost	Kleju					8	-12	-12	-40	10					-20	-9	-28	-37	-12					-19	-3	-11	-29	8																							2025-08-30	and8	https://and8.dance/en/stats/reports/4842/2723/?data=1&x=615&y=615&w=1225&type=r
The World Battle 2025	1vs1 Breaking Gala Top 8 KnockOut	Shuto	Syssy	Shuto	2	5	2	0	6	4	Ronnie	Ayumi	Skim	Frost	Kleju					6	-3	11	-24	-13					-12	5	8	-23	-14																																2025-08-30	and8	https://and8.dance/en/stats/reports/4842/2723/?data=1&x=760&y=360&w=1225&type=r
The World Battle 2025	1vs1 Breaking Gala Top 8 KnockOut	X-Rain	Wing	Wing	3	5	1	2	5	10	Ronnie	Ayumi	Skim	Frost	Kleju					23	17	8	-20	10					-17	5	-7	-29	-10					41	12	38	23	16																							2025-08-30	and8	https://and8.dance/en/stats/reports/4842/2723/?data=1&x=465&y=360&w=1225&type=r
The World Battle 2025	1vs1 Breaking Gala Top 8 KnockOut	Syssy	Den	Syssy	2	5	2	0	7	3	Ronnie	Ayumi	Skim	Frost	Kleju					-17	-3	-9	-28	8					-6	7	11	-28	-5																																2025-08-30	and8	https://and8.dance/en/stats/reports/4842/2723/?data=1&x=980&y=430&w=1225&type=r
The World Battle 2025	1vs1 Breaking Gala Top 8 KnockOut	Shuto	Nicka	Shuto	2	5	2	0	7	3	Ronnie	Ayumi	Skim	Frost	Kleju					-9	-8	-18	34	-9					-6	4	-8	27	-11																																2025-08-30	and8	https://and8.dance/en/stats/reports/4842/2723/?data=1&x=980&y=160&w=1225&type=r
The World Battle 2025	1vs1 Breaking Gala Top 8 KnockOut	Willastr8	Wing	Wing	3	5	1	2	3	12	Ronnie	Ayumi	Skim	Frost	Kleju					49	8	38	37	9					24	-7	52	-24	-8					13	9	38	23	5																							2025-08-30	and8	https://and8.dance/en/stats/reports/4842/2723/?data=1&x=245&y=430&w=1225&type=r
The World Battle 2025	1vs1 Breaking Gala Top 8 KnockOut	Deeogo	X-Rain	X-Rain	3	5	1	2	8	7	Ronnie	Ayumi	Skim	Frost	Kleju					20	-45	10	41	-5					-9	-19	-44	38	-6					11	-12	-8	36	10																							2025-08-30	and8	https://and8.dance/en/stats/reports/4842/2723/?data=1&x=245&y=160&w=1225&type=r
The World Battle 2025	1vs1 BBoy Top 32 KnockOut	Deniz	Killian	Deniz	3	5	2	1	9	6	Ronnie	Bojin	Junior	Ayumi	Amir					8	9	3	-7	-42					-8	29	11	-5	-53					-2	14	-11	-3	-49																							2025-08-30	and8	https://and8.dance/en/stats/reports/4842/2724/?data=1&x=615&y=615&w=1225&type=r
The World Battle 2025	1vs1 BBoy Top 32 KnockOut	Damani	Killian	Killian	2	5	0	2	1	9	Ronnie	Bojin	Junior	Ayumi	Amir					22	75	16	5	31					16	10	18	-16	37																																2025-08-30	and8	https://and8.dance/en/stats/reports/4842/2724/?data=1&x=695&y=375&w=1225&type=r
The World Battle 2025	1vs1 BBoy Top 32 KnockOut	Deniz	Nord Diamond	Deniz	2	5	2	0	8	2	Ronnie	Bojin	Junior	Ayumi	Amir					-15	-19	-9	-5	-49					9	11	-8	-2	-44																																2025-08-30	and8	https://and8.dance/en/stats/reports/4842/2724/?data=1&x=535&y=375&w=1225&type=r
The World Battle 2025	1vs1 BBoy Top 32 KnockOut	Found kid	Killian	Killian	2	3	0	2	1	5	Junior	Ayumi	Amir							10	-2	30							14	2	23																																		2025-08-30	and8	https://and8.dance/en/stats/reports/4842/2724/?data=1&x=740&y=500&w=1225&type=r
The World Battle 2025	1vs1 BBoy Top 32 KnockOut	Ed	Damani	Damani	2	3	0	2	0	6	Junior	Ayumi	Amir							12	3	16							25	2	20																																		2025-08-30	and8	https://and8.dance/en/stats/reports/4842/2724/?data=1&x=740&y=245&w=1225&type=r
The World Battle 2025	1vs1 BBoy Top 32 KnockOut	Deeogo	Nord Diamond	Nord Diamond	2	3	0	2	2	4	Junior	Ayumi	Amir							-8	3	26							13	-5	22																																		2025-08-30	and8	https://and8.dance/en/stats/reports/4842/2724/?data=1&x=490&y=500&w=1225&type=r
The World Battle 2025	1vs1 BBoy Top 32 KnockOut	Deniz	Dope Dog	Deniz	2	3	2	0	4	2	Junior	Ayumi	Amir							10	-8	-18							18	-9	-18																																		2025-08-30	and8	https://and8.dance/en/stats/reports/4842/2724/?data=1&x=490&y=245&w=1225&type=r
The World Battle 2025	1vs1 BBoy Top 32 KnockOut	Neosan	Killian	Killian	1	3	0	1	0	3	Junior	Ayumi	Amir							14	4	28																																											2025-08-30	and8	https://and8.dance/en/stats/reports/4842/2724/?data=1&x=775&y=565&w=1225&type=r
The World Battle 2025	1vs1 BBoy Top 32 KnockOut	Found kid	Danger	Found kid	1	3	1	0	3	0	Junior	Ayumi	Amir							-7	-6	-20																																											2025-08-30	and8	https://and8.dance/en/stats/reports/4842/2724/?data=1&x=775&y=435&w=1225&type=r
The World Battle 2025	1vs1 BBoy Top 32 KnockOut	B-Boy TJR	Damani	Damani	1	3	0	1	1	2	Junior	Ayumi	Amir							-9	4	17																																											2025-08-30	and8	https://and8.dance/en/stats/reports/4842/2724/?data=1&x=775&y=310&w=1225&type=r
The World Battle 2025	1vs1 BBoy Top 32 KnockOut	Edo	Ed	Ed	1	3	0	1	0	3	Junior	Ayumi	Amir							11	3	20																																											2025-08-30	and8	https://and8.dance/en/stats/reports/4842/2724/?data=1&x=775&y=180&w=1225&type=r
The World Battle 2025	1vs1 BBoy Top 32 KnockOut	Lukas	Nord Diamond	Nord Diamond	1	3	0	1	0	3	Junior	Ayumi	Amir							9	7	10																																											2025-08-30	and8	https://and8.dance/en/stats/reports/4842/2724/?data=1&x=450&y=565&w=1225&type=r
The World Battle 2025	1vs1 BBoy Top 32 KnockOut	Deeogo	Sheka	Deeogo	1	3	1	0	2	1	Junior	Ayumi	Amir							-14	3	-7																																											2025-08-30	and8	https://and8.dance/en/stats/reports/4842/2724/?data=1&x=450&y=435&w=1225&type=r
The World Battle 2025	1vs1 BBoy Top 32 KnockOut	JWfresh	Dope Dog	Dope Dog	1	3	0	1	0	3	Junior	Ayumi	Amir							8	6	28																																											2025-08-30	and8	https://and8.dance/en/stats/reports/4842/2724/?data=1&x=450&y=310&w=1225&type=r
The World Battle 2025	1vs1 BBoy Top 32 KnockOut	Deniz	Monster	Deniz	1	3	1	0	2	1	Junior	Ayumi	Amir							5	-5	-18																																											2025-08-30	and8	https://and8.dance/en/stats/reports/4842/2724/?data=1&x=450&y=180&w=1225&type=r
The World Battle 2025	1vs1 BBoy Top 32 KnockOut	Killian	XL	Killian	1	3	1	0	3	0	Junior	Ayumi	Amir							-9	-4	-13																																											2025-08-30	and8	https://and8.dance/en/stats/reports/4842/2724/?data=1&x=935&y=610&w=1225&type=r
The World Battle 2025	1vs1 BBoy Top 32 KnockOut	Neosan	Juver	Neosan	1	3	1	0	2	1	Junior	Ayumi	Amir							5	-6	-14																																											2025-08-30	and8	https://and8.dance/en/stats/reports/4842/2724/?data=1&x=935&y=540&w=1225&type=r
The World Battle 2025	1vs1 BBoy Top 32 KnockOut	Jason	Danger	Danger	1	3	0	1	1	2	Junior	Ayumi	Amir							7	4	-16																																											2025-08-30	and8	https://and8.dance/en/stats/reports/4842/2724/?data=1&x=935&y=475&w=1225&type=r
The World Battle 2025	1vs1 BBoy Top 32 KnockOut	Wato	Found kid	Found kid	1	3	0	1	0	3	Junior	Ayumi	Amir							4	4	26																																											2025-08-30	and8	https://and8.dance/en/stats/reports/4842/2724/?data=1&x=935&y=405&w=1225&type=r
The World Battle 2025	1vs1 BBoy Top 32 KnockOut	B-Boy Nolan	Damani	Damani	1	3	0	1	0	3	Junior	Ayumi	Amir							21	13	18																																											2025-08-30	and8	https://and8.dance/en/stats/reports/4842/2724/?data=1&x=935&y=340&w=1225&type=r
The World Battle 2025	1vs1 BBoy Top 32 KnockOut	B-Boy TJR	Kid Glyde	B-Boy TJR	1	3	1	0	2	1	Junior	Ayumi	Amir							-15	-2	9																																											2025-08-30	and8	https://and8.dance/en/stats/reports/4842/2724/?data=1&x=935&y=270&w=1225&type=r
The World Battle 2025	1vs1 BBoy Top 32 KnockOut	Ed	Yamato	Ed	1	3	1	0	2	1	Junior	Ayumi	Amir							-14	12	-13																																											2025-08-30	and8	https://and8.dance/en/stats/reports/4842/2724/?data=1&x=935&y=200&w=1225&type=r
The World Battle 2025	1vs1 BBoy Top 32 KnockOut	Edo	Gin	Edo	1	3	1	0	2	1	Junior	Ayumi	Amir							-17	-3	15																																											2025-08-30	and8	https://and8.dance/en/stats/reports/4842/2724/?data=1&x=935&y=130&w=1225&type=r
The World Battle 2025	1vs1 BBoy Top 32 KnockOut	Nord Diamond	Beazt	Nord Diamond	1	3	1	0	3	0	Junior	Ayumi	Amir							-20	-11	-11																																											2025-08-30	and8	https://and8.dance/en/stats/reports/4842/2724/?data=1&x=300&y=610&w=1225&type=r
The World Battle 2025	1vs1 BBoy Top 32 KnockOut	Beat The Young Hustler	Lukas	Lukas	1	3	0	1	0	3	Junior	Ayumi	Amir							16	5	23																																											2025-08-30	and8	https://and8.dance/en/stats/reports/4842/2724/?data=1&x=300&y=540&w=1225&type=r
The World Battle 2025	1vs1 BBoy Top 32 KnockOut	Sheka	Amaro	Sheka	1	3	1	0	2	1	Junior	Ayumi	Amir							-10	-3	19																																											2025-08-30	and8	https://and8.dance/en/stats/reports/4842/2724/?data=1&x=300&y=475&w=1225&type=r
The World Battle 2025	1vs1 BBoy Top 32 KnockOut	Daf	Deeogo	Deeogo	1	3	0	1	0	3	Junior	Ayumi	Amir							9	6	24																																											2025-08-30	and8	https://and8.dance/en/stats/reports/4842/2724/?data=1&x=300&y=405&w=1225&type=r
The World Battle 2025	1vs1 BBoy Top 32 KnockOut	Dope Dog	Zina Slum	Dope Dog	1	3	1	0	3	0	Junior	Ayumi	Amir							-8	-3	-17																																											2025-08-30	and8	https://and8.dance/en/stats/reports/4842/2724/?data=1&x=300&y=340&w=1225&type=r
The World Battle 2025	1vs1 BBoy Top 32 KnockOut	JWfresh	Zon	JWfresh	1	3	1	0	3	0	Junior	Ayumi	Amir							-28	-2	-13																																											2025-08-30	and8	https://and8.dance/en/stats/reports/4842/2724/?data=1&x=300&y=270&w=1225&type=r
The World Battle 2025	1vs1 BBoy Top 32 KnockOut	Myhre	Monster	Monster	1	3	0	1	0	3	Junior	Ayumi	Amir							34	6	25																																											2025-08-30	and8	https://and8.dance/en/stats/reports/4842/2724/?data=1&x=300&y=200&w=1225&type=r
The World Battle 2025	1vs1 BBoy Top 32 KnockOut	Oli	Deniz	Deniz	1	3	0	1	0	3	Junior	Ayumi	Amir							51	11	16																																											2025-08-30	and8	https://and8.dance/en/stats/reports/4842/2724/?data=1&x=300&y=130&w=1225&type=r
Swiss Breaking Championship 2025	PRO - BGirls Top 4 KnockOut	Jade	Jin	Jin	3	5	1	2	4	11	Dr. Hill	Spin	Issue	Dora	Pesto					13	35	23	22	27					-12	43	-10	-14	-7					23	24	9	19	61																							2025-09-20	and8	https://and8.dance/en/stats/reports/5207/3618/?data=1&x=980&y=400&w=1225&type=r
Swiss Breaking Championship 2025	PRO - BGirls Top 4 KnockOut	Chili	Fabi	Fabi	3	5	0	3	1	14	Dr. Hill	Spin	Issue	Dora	Pesto					23	38	11	16	70					23	43	5	26	62					14	37	-8	18	84																							2025-09-20	and8	https://and8.dance/en/stats/reports/5207/3618/?data=1&x=570&y=400&w=1225&type=r
Swiss Breaking Championship 2025	PRO - BGirls Top 4 KnockOut	Fabi	Jin	Jin	2	5	0	2	0	10	Dr. Hill	Spin	Issue	Dora	Pesto					16	58	6	24	89					21	47	8	29	75																																2025-09-20	and8	https://and8.dance/en/stats/reports/5207/3618/?data=1&x=590&y=490&w=1225&type=r
Swiss Breaking Championship 2025	PRO - BGirls Top 4 KnockOut	Chili	Jade	Jade	2	5	0	2	0	10	Dr. Hill	Spin	Issue	Dora	Pesto					6	51	15	18	50					11	43	12	28	97																																2025-09-20	and8	https://and8.dance/en/stats/reports/5207/3618/?data=1&x=590&y=300&w=1225&type=r
Swiss Breaking Championship 2025	U13 - Kids: BBoys Top 16 KnockOut	Aidan	Tiger Venice	Aidan	3	5	3	0	13	2	Dr. Hill	Spin	Issue	Dora	Pesto					-12	-45	6	-19	7					-21	-54	-9	-16	-11					-11	-52	-27	-19	-49																							2025-09-20	and8	https://and8.dance/en/stats/reports/5207/3619/?data=1&x=615&y=175&w=1225&type=r
Swiss Breaking Championship 2025	U13 - Kids: BBoys Top 16 KnockOut	Le pomme	Popcorn	Popcorn	2	5	0	2	2	8	Dr. Hill	Spin	Issue	Dora	Pesto					-14	49	-24	14	6					15	50	21	21	21																																2025-09-20	and8	https://and8.dance/en/stats/reports/5207/3619/?data=1&x=615&y=525&w=1225&type=r
Swiss Breaking Championship 2025	U13 - Kids: BBoys Top 16 KnockOut	Tiger Venice	Popcorn	Tiger Venice	2	5	2	0	7	3	Dr. Hill	Spin	Issue	Dora	Pesto					-11	44	-11	-22	2					-15	-51	4	-6	-34																																2025-09-20	and8	https://and8.dance/en/stats/reports/5207/3619/?data=1&x=745&y=360&w=1225&type=r
Swiss Breaking Championship 2025	U13 - Kids: BBoys Top 16 KnockOut	Le pomme	Aidan	Aidan	2	5	0	2	0	10	Dr. Hill	Spin	Issue	Dora	Pesto					15	45	7	7	16					20	50	8	13	39																																2025-09-20	and8	https://and8.dance/en/stats/reports/5207/3619/?data=1&x=480&y=360&w=1225&type=r
Swiss Breaking Championship 2025	U13 - Kids: BBoys Top 16 KnockOut	Popcorn	BBoy S'Mile	Popcorn	1	5	1	0	3	2	Dr. Hill	Spin	Issue	Dora	Pesto					5	-59	11	-40	-24																																									2025-09-20	and8	https://and8.dance/en/stats/reports/5207/3619/?data=1&x=785&y=495&w=1225&type=r
Swiss Breaking Championship 2025	U13 - Kids: BBoys Top 16 KnockOut	Leano	Tiger Venice	Tiger Venice	1	5	0	1	1	4	Dr. Hill	Spin	Issue	Dora	Pesto					-12	47	10	35	6																																									2025-09-20	and8	https://and8.dance/en/stats/reports/5207/3619/?data=1&x=785&y=225&w=1225&type=r
Swiss Breaking Championship 2025	U13 - Kids: BBoys Top 16 KnockOut	Aidan	Lex	Aidan	1	5	1	0	5	0	Dr. Hill	Spin	Issue	Dora	Pesto					-14	-58	-13	-35	-80																																									2025-09-20	and8	https://and8.dance/en/stats/reports/5207/3619/?data=1&x=440&y=495&w=1225&type=r
Swiss Breaking Championship 2025	U13 - Kids: BBoys Top 16 KnockOut	Le pomme	Elie	Le pomme	1	5	1	0	4	1	Dr. Hill	Spin	Issue	Dora	Pesto					27	-53	-7	-13	-30																																									2025-09-20	and8	https://and8.dance/en/stats/reports/5207/3619/?data=1&x=440&y=225&w=1225&type=r
Swiss Breaking Championship 2025	U13 - Kids: BBoys Top 16 KnockOut	JT	BBoy S'Mile	BBoy S'Mile	1	5	0	1	0	5	Dr. Hill	Spin	Issue	Dora	Pesto					78	53	37	31	35																																									2025-09-20	and8	https://and8.dance/en/stats/reports/5207/3619/?data=1&x=1085&y=540&w=1225&type=r
Swiss Breaking Championship 2025	U13 - Kids: BBoys Top 16 KnockOut	Popcorn	Paxton	Popcorn	1	5	1	0	4	1	Dr. Hill	Spin	Issue	Dora	Pesto					-8	-37	4	-26	-4																																									2025-09-20	and8	https://and8.dance/en/stats/reports/5207/3619/?data=1&x=1085&y=405&w=1225&type=r
Swiss Breaking Championship 2025	U13 - Kids: BBoys Top 16 KnockOut	ERIC	Tiger Venice	Tiger Venice	1	5	0	1	0	5	Dr. Hill	Spin	Issue	Dora	Pesto					18	46	51	36	80																																									2025-09-20	and8	https://and8.dance/en/stats/reports/5207/3619/?data=1&x=1085&y=270&w=1225&type=r
Swiss Breaking Championship 2025	U13 - Kids: BBoys Top 16 KnockOut	Lorenzo	Leano	Leano	1	5	0	1	0	5	Dr. Hill	Spin	Issue	Dora	Pesto					17	58	41	14	5																																									2025-09-20	and8	https://and8.dance/en/stats/reports/5207/3619/?data=1&x=1085&y=135&w=1225&type=r
Swiss Breaking Championship 2025	U13 - Kids: BBoys Top 16 KnockOut	Sacha	Lex	Lex	1	5	0	1	0	5	Dr. Hill	Spin	Issue	Dora	Pesto					13	50	15	22	75																																									2025-09-20	and8	https://and8.dance/en/stats/reports/5207/3619/?data=1&x=135&y=540&w=1225&type=r
Swiss Breaking Championship 2025	U13 - Kids: BBoys Top 16 KnockOut	Lil J	Aidan	Aidan	1	5	0	1	0	5	Dr. Hill	Spin	Issue	Dora	Pesto					14	46	52	15	35																																									2025-09-20	and8	https://and8.dance/en/stats/reports/5207/3619/?data=1&x=135&y=405&w=1225&type=r
Swiss Breaking Championship 2025	U13 - Kids: BBoys Top 16 KnockOut	Rost	Elie	Elie	1	5	0	1	1	4	Dr. Hill	Spin	Issue	Dora	Pesto					-6	52	6	16	10																																									2025-09-20	and8	https://and8.dance/en/stats/reports/5207/3619/?data=1&x=135&y=270&w=1225&type=r
Swiss Breaking Championship 2025	U13 - Kids: BBoys Top 16 KnockOut	Lil‘Li	Le pomme	Le pomme	1	5	0	1	2	3	Dr. Hill	Spin	Issue	Dora	Pesto					11	-46	5	13	-15																																									2025-09-20	and8	https://and8.dance/en/stats/reports/5207/3619/?data=1&x=135&y=135&w=1225&type=r
Swiss Breaking Championship 2025	U13 - Kids: BGirls Top 4 KnockOut	Typhoon	Mielle	Mielle	3	5	0	3	4	11	Dr. Hill	Spin	Issue	Dora	Pesto					-14	39	6	20	69					16	-46	6	25	41					16	49	-6	-8	35																							2025-09-20	and8	https://and8.dance/en/stats/reports/5207/3620/?data=1&x=980&y=400&w=1225&type=r
Swiss Breaking Championship 2025	U13 - Kids: BGirls Top 4 KnockOut	Blaze	Laura	Laura	2	5	0	2	1	9	Dr. Hill	Spin	Issue	Dora	Pesto					-13	48	6	20	20					19	48	9	7	23																																2025-09-20	and8	https://and8.dance/en/stats/reports/5207/3620/?data=1&x=570&y=400&w=1225&type=r
Swiss Breaking Championship 2025	U13 - Kids: BGirls Top 4 KnockOut	Mielle	Laura	Mielle	3	5	2	1	11	4	Dr. Hill	Spin	Issue	Dora	Pesto					-8	-45	-6	-20	-13					15	-41	15	13	-30					-13	38	-9	-11	-19																							2025-09-20	and8	https://and8.dance/en/stats/reports/5207/3620/?data=1&x=590&y=490&w=1225&type=r
Swiss Breaking Championship 2025	U13 - Kids: BGirls Top 4 KnockOut	Blaze	Typhoon	Typhoon	3	5	1	2	5	10	Dr. Hill	Spin	Issue	Dora	Pesto					7	46	14	8	27					-16	55	12	-18	-8					-20	-54	16	9	6																							2025-09-20	and8	https://and8.dance/en/stats/reports/5207/3620/?data=1&x=590&y=300&w=1225&type=r
Swiss Breaking Championship 2025	U17 - Juniors: BBoys Top 8 KnockOut	Flakes	Liam	Liam	3	5	0	3	2	13	Spin	Dr. Hill	Issue	Dora	Pesto					43	8	2	13	5					48	18	-8	22	-19					10	16	7	20	1																							2025-09-20	and8	https://and8.dance/en/stats/reports/5207/3621/?data=1&x=615&y=280&w=1225&type=r
Swiss Breaking Championship 2025	U17 - Juniors: BBoys Top 8 KnockOut	Izzy Monkey	Benzo	Izzy Monkey	2	5	2	0	9	1	Spin	Dr. Hill	Issue	Dora	Pesto					-49	-10	-5	-10	14					-45	-17	-12	-27	-25																																2025-09-20	and8	https://and8.dance/en/stats/reports/5207/3621/?data=1&x=615&y=465&w=1225&type=r
Swiss Breaking Championship 2025	U17 - Juniors: BBoys Top 8 KnockOut	Benzo	Liam	Liam	2	5	0	2	0	10	Spin	Dr. Hill	Issue	Dora	Pesto					51	14	10	24	72					52	23	12	27	54																																2025-09-20	and8	https://and8.dance/en/stats/reports/5207/3621/?data=1&x=760&y=360&w=1225&type=r
Swiss Breaking Championship 2025	U17 - Juniors: BBoys Top 8 KnockOut	Flakes	Izzy Monkey	Flakes	3	5	2	1	9	6	Spin	Dr. Hill	Issue	Dora	Pesto					-46	19	8	20	-28					-39	17	-6	19	-23					-44	20	-9	-15	-82																							2025-09-20	and8	https://and8.dance/en/stats/reports/5207/3621/?data=1&x=465&y=360&w=1225&type=r
Swiss Breaking Championship 2025	U17 - Juniors: BBoys Top 8 KnockOut	On Air	Liam	Liam	1	5	0	1	0	5	Spin	Dr. Hill	Issue	Dora	Pesto					51	30	87	36	68																																									2025-09-20	and8	https://and8.dance/en/stats/reports/5207/3621/?data=1&x=980&y=430&w=1225&type=r
Swiss Breaking Championship 2025	U17 - Juniors: BBoys Top 8 KnockOut	Sasha	Benzo	Benzo	1	5	0	1	1	4	Spin	Dr. Hill	Issue	Dora	Pesto					49	43	7	28	-10																																									2025-09-20	and8	https://and8.dance/en/stats/reports/5207/3621/?data=1&x=980&y=160&w=1225&type=r
Swiss Breaking Championship 2025	U17 - Juniors: BBoys Top 8 KnockOut	Bboy La Fraise	Izzy Monkey	Izzy Monkey	1	5	0	1	0	5	Spin	Dr. Hill	Issue	Dora	Pesto					39	43	16	14	7																																									2025-09-20	and8	https://and8.dance/en/stats/reports/5207/3621/?data=1&x=245&y=430&w=1225&type=r
Swiss Breaking Championship 2025	U17 - Juniors: BBoys Top 8 KnockOut	LeLeon	Flakes	Flakes	1	5	0	1	0	5	Spin	Dr. Hill	Issue	Dora	Pesto					52	15	28	23	59																																									2025-09-20	and8	https://and8.dance/en/stats/reports/5207/3621/?data=1&x=245&y=160&w=1225&type=r
Swiss Breaking Championship 2025	PRO - BBoys Top 16 KnockOut	Moa	Lotus	Moa	3	5	3	0	14	1	Dr. Hill	Spin	Issue	Dora	Pesto					-14	-45	-16	-22	-10					-17	-54	10	-25	-9					-16	-43	-9	-23	-13																							2025-09-20	and8	https://and8.dance/en/stats/reports/5207/3624/?data=1&x=615&y=175&w=1225&type=r
Swiss Breaking Championship 2025	PRO - BBoys Top 16 KnockOut	Skyline	vnuk	Skyline	3	5	2	1	8	7	Dr. Hill	Spin	Issue	Dora	Pesto					-10	-49	-10	-17	14					-13	-49	-8	14	18					15	-17	5	8	14																							2025-09-20	and8	https://and8.dance/en/stats/reports/5207/3624/?data=1&x=615&y=525&w=1225&type=r
Swiss Breaking Championship 2025	PRO - BBoys Top 16 KnockOut	vnuk	Lotus	Lotus	2	5	0	2	0	10	Dr. Hill	Spin	Issue	Dora	Pesto					18	43	6	12	68					21	28	5	15	66																																2025-09-20	and8	https://and8.dance/en/stats/reports/5207/3624/?data=1&x=745&y=360&w=1225&type=r
Swiss Breaking Championship 2025	PRO - BBoys Top 16 KnockOut	Skyline	Moa	Moa	2	5	0	2	0	10	Dr. Hill	Spin	Issue	Dora	Pesto					11	40	9	16	100					24	39	9	21	100																																2025-09-20	and8	https://and8.dance/en/stats/reports/5207/3624/?data=1&x=480&y=360&w=1225&type=r
Swiss Breaking Championship 2025	PRO - BBoys Top 16 KnockOut	killya	Lotus	Lotus	2	5	0	2	0	10	Dr. Hill	Spin	Issue	Dora	Pesto					15	36	4	10	67					19	38	6	5	76																																2025-09-20	and8	https://and8.dance/en/stats/reports/5207/3624/?data=1&x=785&y=495&w=1225&type=r
Swiss Breaking Championship 2025	PRO - BBoys Top 16 KnockOut	vnuk	Azukai	vnuk	2	5	2	0	10	0	Dr. Hill	Spin	Issue	Dora	Pesto					-11	-38	-14	-19	-65					-8	-40	-10	-13	-46																																2025-09-20	and8	https://and8.dance/en/stats/reports/5207/3624/?data=1&x=785&y=225&w=1225&type=r
Swiss Breaking Championship 2025	PRO - BBoys Top 16 KnockOut	Teddy	Moa	Moa	2	5	0	2	0	10	Dr. Hill	Spin	Issue	Dora	Pesto					14	32	11	27	44					21	12	8	19	7																																2025-09-20	and8	https://and8.dance/en/stats/reports/5207/3624/?data=1&x=440&y=495&w=1225&type=r
Swiss Breaking Championship 2025	PRO - BBoys Top 16 KnockOut	Benjamin	Skyline	Skyline	2	5	0	2	2	8	Dr. Hill	Spin	Issue	Dora	Pesto					15	43	8	28	14					6	46	-8	17	-61																																2025-09-20	and8	https://and8.dance/en/stats/reports/5207/3624/?data=1&x=440&y=225&w=1225&type=r
Swiss Breaking Championship 2025	PRO - BBoys Top 16 KnockOut	Eddy	Lotus	Lotus	1	5	0	1	0	5	Dr. Hill	Spin	Issue	Dora	Pesto					22	39	10	23	100																																									2025-09-20	and8	https://and8.dance/en/stats/reports/5207/3624/?data=1&x=1085&y=540&w=1225&type=r
Swiss Breaking Championship 2025	PRO - BBoys Top 16 KnockOut	killya	Popster	killya	1	5	1	0	3	2	Dr. Hill	Spin	Issue	Dora	Pesto					-6	-11	3	-43	22																																									2025-09-20	and8	https://and8.dance/en/stats/reports/5207/3624/?data=1&x=1085&y=405&w=1225&type=r
Swiss Breaking Championship 2025	PRO - BBoys Top 16 KnockOut	Azukai	Bazuka	Azukai	1	5	1	0	3	2	Dr. Hill	Spin	Issue	Dora	Pesto					12	-36	-7	9	-8																																									2025-09-20	and8	https://and8.dance/en/stats/reports/5207/3624/?data=1&x=1085&y=270&w=1225&type=r
Swiss Breaking Championship 2025	PRO - BBoys Top 16 KnockOut	Mercy	vnuk	vnuk	1	5	0	1	2	3	Dr. Hill	Spin	Issue	Dora	Pesto					-18	-40	1	5	12																																									2025-09-20	and8	https://and8.dance/en/stats/reports/5207/3624/?data=1&x=1085&y=135&w=1225&type=r
Swiss Breaking Championship 2025	PRO - BBoys Top 16 KnockOut	Metya	Moa	Moa	1	5	0	1	0	5	Dr. Hill	Spin	Issue	Dora	Pesto					28	46	14	18	50																																									2025-09-20	and8	https://and8.dance/en/stats/reports/5207/3624/?data=1&x=135&y=540&w=1225&type=r
Swiss Breaking Championship 2025	PRO - BBoys Top 16 KnockOut	Teddy	Jackm8	Teddy	1	5	1	0	3	2	Dr. Hill	Spin	Issue	Dora	Pesto					-4	32	-4	12	-41																																									2025-09-20	and8	https://and8.dance/en/stats/reports/5207/3624/?data=1&x=135&y=405&w=1225&type=r
Swiss Breaking Championship 2025	PRO - BBoys Top 16 KnockOut	Jeysan	Skyline	Skyline	1	5	0	1	0	5	Dr. Hill	Spin	Issue	Dora	Pesto					44	49	13	17	100																																									2025-09-20	and8	https://and8.dance/en/stats/reports/5207/3624/?data=1&x=135&y=270&w=1225&type=r
Swiss Breaking Championship 2025	PRO - BBoys Top 16 KnockOut	Romain	Benjamin	Benjamin	1	5	0	1	2	3	Dr. Hill	Spin	Issue	Dora	Pesto					-6	35	16	13	-11																																									2025-09-20	and8	https://and8.dance/en/stats/reports/5207/3624/?data=1&x=135&y=135&w=1225&type=r
Unbreakable 2025 - 20 year anniversary	1vs1 B-Boys Top 32 KnockOut	Djibril	Killian	Killian	3	5	1	2	6	9	RoxRite	Reveal	San Andrea	Menno	Lagaet					4	13	5	-9	8					2	-56	6	-5	5					-5	-41	7	-19	4																							2025-10-05	and8	https://and8.dance/en/stats/reports/4932/3737/?data=1&x=615&y=615&w=1225&type=r
Unbreakable 2025 - 20 year anniversary	1vs1 B-Boys Top 32 KnockOut	Killian	Raptor	Killian	3	5	2	1	8	7	RoxRite	Reveal	San Andrea	Menno	Lagaet					6	56	57	20	4					-22	-55	8	3	-9					-8	-59	-8	-12	-7																							2025-10-05	and8	https://and8.dance/en/stats/reports/4932/3737/?data=1&x=695&y=375&w=1225&type=r
Unbreakable 2025 - 20 year anniversary	1vs1 B-Boys Top 32 KnockOut	Djibril	Federico	Djibril	2	5	2	0	8	2	RoxRite	Reveal	San Andrea	Menno	Lagaet					-5	-51	4	-6	11					-8	-100	-10	-14	-14																																2025-10-05	and8	https://and8.dance/en/stats/reports/4932/3737/?data=1&x=535&y=375&w=1225&type=r
Unbreakable 2025 - 20 year anniversary	1vs1 B-Boys Top 32 KnockOut	Cyz	Raptor	Raptor	2	5	0	2	0	10	RoxRite	Reveal	San Andrea	Menno	Lagaet					15	74	30	11	8					9	52	40	9	6																																2025-10-05	and8	https://and8.dance/en/stats/reports/4932/3737/?data=1&x=740&y=500&w=1225&type=r
Unbreakable 2025 - 20 year anniversary	1vs1 B-Boys Top 32 KnockOut	Killian	Mass	Killian	2	5	2	0	7	3	RoxRite	Reveal	San Andrea	Menno	Lagaet					3	-19	-13	-12	-6					3	-35	-7	23	-5																																2025-10-05	and8	https://and8.dance/en/stats/reports/4932/3737/?data=1&x=740&y=245&w=1225&type=r
Unbreakable 2025 - 20 year anniversary	1vs1 B-Boys Top 32 KnockOut	Federico	Noneski	Federico	2	5	2	0	7	3	RoxRite	Reveal	San Andrea	Menno	Lagaet					9	-12	11	-6	-10					-4	-12	9	-11	-5																																2025-10-05	and8	https://and8.dance/en/stats/reports/4932/3737/?data=1&x=490&y=500&w=1225&type=r
Unbreakable 2025 - 20 year anniversary	1vs1 B-Boys Top 32 KnockOut	Ichigo	Djibril	Djibril	2	5	0	2	1	9	RoxRite	Reveal	San Andrea	Menno	Lagaet					9	57	10	30	11					7	45	-12	12	7																																2025-10-05	and8	https://and8.dance/en/stats/reports/4932/3737/?data=1&x=490&y=245&w=1225&type=r
Unbreakable 2025 - 20 year anniversary	1vs1 B-Boys Top 32 KnockOut	Shlag	Raptor	Raptor	2	5	0	2	0	10	RoxRite	Reveal	San Andrea	Menno	Lagaet					11	90	34	16	8					15	84	47	19	12																																2025-10-05	and8	https://and8.dance/en/stats/reports/4932/3737/?data=1&x=775&y=565&w=1225&type=r
Unbreakable 2025 - 20 year anniversary	1vs1 B-Boys Top 32 KnockOut	Cyz	Sheka	Cyz	3	5	2	1	12	3	RoxRite	Reveal	San Andrea	Menno	Lagaet					9	31	-7	4	-7					-8	-24	-8	-11	-10					-9	-10	-7	-10	-10																							2025-10-05	and8	https://and8.dance/en/stats/reports/4932/3737/?data=1&x=775&y=435&w=1225&type=r
Unbreakable 2025 - 20 year anniversary	1vs1 B-Boys Top 32 KnockOut	Cis	Mass	Mass	2	5	0	2	2	8	RoxRite	Reveal	San Andrea	Menno	Lagaet					13	60	5	7	7					8	63	7	-9	-12																																2025-10-05	and8	https://and8.dance/en/stats/reports/4932/3737/?data=1&x=775&y=310&w=1225&type=r
Unbreakable 2025 - 20 year anniversary	1vs1 B-Boys Top 32 KnockOut	Aleon	Killian	Killian	2	5	0	2	1	9	RoxRite	Reveal	San Andrea	Menno	Lagaet					15	91	54	22	9					12	57	39	-14	6																																2025-10-05	and8	https://and8.dance/en/stats/reports/4932/3737/?data=1&x=775&y=180&w=1225&type=r
Unbreakable 2025 - 20 year anniversary	1vs1 B-Boys Top 32 KnockOut	Prorock	Noneski	Noneski	2	5	0	2	1	9	RoxRite	Reveal	San Andrea	Menno	Lagaet					10	13	44	9	11					6	9	25	-7	7																																2025-10-05	and8	https://and8.dance/en/stats/reports/4932/3737/?data=1&x=450&y=565&w=1225&type=r
Unbreakable 2025 - 20 year anniversary	1vs1 B-Boys Top 32 KnockOut	Stimul	Federico	Federico	3	5	1	2	6	9	RoxRite	Reveal	San Andrea	Menno	Lagaet					-7	-9	-23	7	-11					-4	34	2	5	13					3	32	-6	5	6																							2025-10-05	and8	https://and8.dance/en/stats/reports/4932/3737/?data=1&x=450&y=435&w=1225&type=r
Unbreakable 2025 - 20 year anniversary	1vs1 B-Boys Top 32 KnockOut	Flowolf	Djibril	Djibril	2	5	0	2	1	9	RoxRite	Reveal	San Andrea	Menno	Lagaet					7	29	5	-10	10					6	46	4	15	8																																2025-10-05	and8	https://and8.dance/en/stats/reports/4932/3737/?data=1&x=450&y=310&w=1225&type=r
Unbreakable 2025 - 20 year anniversary	1vs1 B-Boys Top 32 KnockOut	Anton	Ichigo	Ichigo	2	5	0	2	1	9	RoxRite	Reveal	San Andrea	Menno	Lagaet					-11	31	18	18	7					10	31	23	11	9																																2025-10-05	and8	https://and8.dance/en/stats/reports/4932/3737/?data=1&x=450&y=180&w=1225&type=r
Unbreakable 2025 - 20 year anniversary	1vs1 B-Boys Top 32 KnockOut	Stepper	Raptor	Raptor	1	5	0	1	1	4	Menno	San Andrea	Reveal	RoxRite	Lagaet					-6	12	15	4	8																																									2025-10-05	and8	https://and8.dance/en/stats/reports/4932/3737/?data=1&x=935&y=610&w=1225&type=r
Unbreakable 2025 - 20 year anniversary	1vs1 B-Boys Top 32 KnockOut	Cyga	Shlag	Shlag	1	5	0	1	1	4	Menno	San Andrea	Reveal	RoxRite	Lagaet					7	10	-11	6	5																																									2025-10-05	and8	https://and8.dance/en/stats/reports/4932/3737/?data=1&x=935&y=540&w=1225&type=r
Unbreakable 2025 - 20 year anniversary	1vs1 B-Boys Top 32 KnockOut	Mathis	Sheka	Sheka	1	5	0	1	1	4	Menno	San Andrea	Reveal	RoxRite	Lagaet					7	8	21	-3	7																																									2025-10-05	and8	https://and8.dance/en/stats/reports/4932/3737/?data=1&x=935&y=475&w=1225&type=r
Unbreakable 2025 - 20 year anniversary	1vs1 B-Boys Top 32 KnockOut	Cyz	Anthony	Cyz	1	5	1	0	4	1	Menno	San Andrea	Reveal	RoxRite	Lagaet					-9	-8	-10	-3	7																																									2025-10-05	and8	https://and8.dance/en/stats/reports/4932/3737/?data=1&x=935&y=405&w=1225&type=r
Unbreakable 2025 - 20 year anniversary	1vs1 B-Boys Top 32 KnockOut	B-Boy Philip	Mass	Mass	1	5	0	1	1	4	Menno	San Andrea	Reveal	RoxRite	Lagaet					-10	19	23	6	11																																									2025-10-05	and8	https://and8.dance/en/stats/reports/4932/3737/?data=1&x=935&y=340&w=1225&type=r
Unbreakable 2025 - 20 year anniversary	1vs1 B-Boys Top 32 KnockOut	Johnny Fox	Cis	Cis	1	5	0	1	1	4	Menno	San Andrea	Reveal	RoxRite	Lagaet					5	5	8	-3	5																																									2025-10-05	and8	https://and8.dance/en/stats/reports/4932/3737/?data=1&x=935&y=270&w=1225&type=r
Unbreakable 2025 - 20 year anniversary	1vs1 B-Boys Top 32 KnockOut	Prorock	Killian	Killian	1	5	0	1	1	4	Menno	San Andrea	Reveal	RoxRite	Lagaet					22	-12	45	8	10																																									2025-10-05	and8	https://and8.dance/en/stats/reports/4932/3737/?data=1&x=935&y=200&w=1225&type=r
Unbreakable 2025 - 20 year anniversary	1vs1 B-Boys Top 32 KnockOut	Clav	Aleon	Aleon	1	5	0	1	0	5	Menno	San Andrea	Reveal	RoxRite	Lagaet					18	19	25	6	7																																									2025-10-05	and8	https://and8.dance/en/stats/reports/4932/3737/?data=1&x=935&y=130&w=1225&type=r
Unbreakable 2025 - 20 year anniversary	1vs1 B-Boys Top 32 KnockOut	Noneski	Wess	Noneski	1	5	1	0	5	0	Menno	San Andrea	Reveal	RoxRite	Lagaet					-8	-45	-16	-5	-8																																									2025-10-05	and8	https://and8.dance/en/stats/reports/4932/3737/?data=1&x=300&y=610&w=1225&type=r
Unbreakable 2025 - 20 year anniversary	1vs1 B-Boys Top 32 KnockOut	P-nut	M17	P-nut	1	5	1	0	5	0	Menno	San Andrea	Reveal	RoxRite	Lagaet					-13	-14	-30	-3	-5																																									2025-10-05	and8	https://and8.dance/en/stats/reports/4932/3737/?data=1&x=300&y=540&w=1225&type=r
Unbreakable 2025 - 20 year anniversary	1vs1 B-Boys Top 32 KnockOut	Link le Neil	Federico	Federico	1	5	0	1	1	4	Menno	San Andrea	Reveal	RoxRite	Lagaet					6	5	23	-7	6																																									2025-10-05	and8	https://and8.dance/en/stats/reports/4932/3737/?data=1&x=300&y=475&w=1225&type=r
Unbreakable 2025 - 20 year anniversary	1vs1 B-Boys Top 32 KnockOut	Tiger5	Stimul	Stimul	1	5	0	1	1	4	Menno	San Andrea	Reveal	RoxRite	Lagaet					6	-38	23	3	6																																									2025-10-05	and8	https://and8.dance/en/stats/reports/4932/3737/?data=1&x=300&y=405&w=1225&type=r
Unbreakable 2025 - 20 year anniversary	1vs1 B-Boys Top 32 KnockOut	Djibril	Deeogo	Djibril	1	5	1	0	5	0	Menno	San Andrea	Reveal	RoxRite	Lagaet					-7	-14	-29	-2	-7																																									2025-10-05	and8	https://and8.dance/en/stats/reports/4932/3737/?data=1&x=300&y=340&w=1225&type=r
Unbreakable 2025 - 20 year anniversary	1vs1 B-Boys Top 32 KnockOut	Beat the Young Hustler	Flowolf	Flowolf	1	5	0	1	0	5	Menno	San Andrea	Reveal	RoxRite	Lagaet					11	22	23	8	5																																									2025-10-05	and8	https://and8.dance/en/stats/reports/4932/3737/?data=1&x=300&y=270&w=1225&type=r
Unbreakable 2025 - 20 year anniversary	1vs1 B-Boys Top 32 KnockOut	Ichigo	Litefoot	Ichigo	1	5	1	0	3	2	Menno	San Andrea	Reveal	RoxRite	Lagaet					-7	42	6	-4	-32																																									2025-10-05	and8	https://and8.dance/en/stats/reports/4932/3737/?data=1&x=300&y=200&w=1225&type=r
Unbreakable 2025 - 20 year anniversary	1vs1 B-Boys Top 32 KnockOut	nebulas	Anton	Anton	1	5	0	1	2	3	Menno	San Andrea	Reveal	RoxRite	Lagaet					-15	-7	13	9	21																																									2025-10-05	and8	https://and8.dance/en/stats/reports/4932/3737/?data=1&x=300&y=130&w=1225&type=r
Unbreakable 2025 - 20 year anniversary	1vs1 B-Girls Top 16 KnockOut	Royal	Kate	Royal	3	5	3	0	13	2	RoxRite	Reveal	San Andrea	Menno	Lagaet					-7	19	-9	-5	6					-6	-58	-12	-13	-10					-10	-100	-22	-13	-10																							2025-10-05	and8	https://and8.dance/en/stats/reports/4932/3738/?data=1&x=615&y=615&w=1225&type=r
Unbreakable 2025 - 20 year anniversary	1vs1 B-Girls Top 16 KnockOut	Carlota	Kate	Kate	2	5	0	2	0	10	RoxRite	Reveal	San Andrea	Menno	Lagaet					7	35	10	10	6					8	79	7	9	8																																2025-10-05	and8	https://and8.dance/en/stats/reports/4932/3738/?data=1&x=745&y=360&w=1225&type=r
Unbreakable 2025 - 20 year anniversary	1vs1 B-Girls Top 16 KnockOut	Stefani	Royal	Royal	2	5	0	2	0	10	RoxRite	Reveal	San Andrea	Menno	Lagaet					13	50	30	12	12					7	100	31	31	11																																2025-10-05	and8	https://and8.dance/en/stats/reports/4932/3738/?data=1&x=480&y=360&w=1225&type=r
Unbreakable 2025 - 20 year anniversary	1vs1 B-Girls Top 16 KnockOut	Kate	Tata	Kate	3	5	2	1	9	6	RoxRite	Reveal	San Andrea	Menno	Lagaet					-2	21	-9	7	-6					4	18	9	3	-6					-7	-20	-11	-6	-7																							2025-10-05	and8	https://and8.dance/en/stats/reports/4932/3738/?data=1&x=785&y=495&w=1225&type=r
Unbreakable 2025 - 20 year anniversary	1vs1 B-Girls Top 16 KnockOut	Carlota	Carla	Carlota	2	5	2	0	10	0	RoxRite	Reveal	San Andrea	Menno	Lagaet					-17	-42	-30	-16	-8					-19	-59	-12	-9	-10																																2025-10-05	and8	https://and8.dance/en/stats/reports/4932/3738/?data=1&x=785&y=225&w=1225&type=r
Unbreakable 2025 - 20 year anniversary	1vs1 B-Girls Top 16 KnockOut	Royal	Emma	Royal	2	5	2	0	10	0	RoxRite	Reveal	San Andrea	Menno	Lagaet					-11	-88	-32	-9	-9					-11	-93	-33	-6	-9																																2025-10-05	and8	https://and8.dance/en/stats/reports/4932/3738/?data=1&x=440&y=495&w=1225&type=r
Unbreakable 2025 - 20 year anniversary	1vs1 B-Girls Top 16 KnockOut	Stefani	B-Girl Sidi	Stefani	2	5	2	0	8	2	RoxRite	Reveal	San Andrea	Menno	Lagaet					-8	-25	8	-6	-11					-7	-27	6	-6	-8																																2025-10-05	and8	https://and8.dance/en/stats/reports/4932/3738/?data=1&x=440&y=225&w=1225&type=r
Unbreakable 2025 - 20 year anniversary	1vs1 B-Girls Top 16 KnockOut	Jin	Tata	Tata	2	5	0	2	0	10	RoxRite	Reveal	San Andrea	Menno	Lagaet					7	37	49	6	11					5	64	24	14	9																																2025-10-05	and8	https://and8.dance/en/stats/reports/4932/3738/?data=1&x=1085&y=540&w=1225&type=r
Unbreakable 2025 - 20 year anniversary	1vs1 B-Girls Top 16 KnockOut	Kate	Spidergirl	Kate	2	5	2	0	9	1	RoxRite	Reveal	San Andrea	Menno	Lagaet					-13	-14	-44	-32	-18					-3	44	-6	-9	-13																																2025-10-05	and8	https://and8.dance/en/stats/reports/4932/3738/?data=1&x=1085&y=405&w=1225&type=r
Unbreakable 2025 - 20 year anniversary	1vs1 B-Girls Top 16 KnockOut	Abril	Carla	Carla	2	5	0	2	1	9	RoxRite	Reveal	San Andrea	Menno	Lagaet					4	38	29	10	10					-2	56	8	10	9																																2025-10-05	and8	https://and8.dance/en/stats/reports/4932/3738/?data=1&x=1085&y=270&w=1225&type=r
Unbreakable 2025 - 20 year anniversary	1vs1 B-Girls Top 16 KnockOut	Vavi	Carlota	Carlota	2	5	0	2	3	7	RoxRite	Reveal	San Andrea	Menno	Lagaet					11	-10	-6	12	10					9	60	11	-14	12																																2025-10-05	and8	https://and8.dance/en/stats/reports/4932/3738/?data=1&x=1085&y=135&w=1225&type=r
Unbreakable 2025 - 20 year anniversary	1vs1 B-Girls Top 16 KnockOut	Cha-Ja	Emma	Emma	2	5	0	2	0	10	RoxRite	Reveal	San Andrea	Menno	Lagaet					14	19	16	53	9					5	21	17	17	9																																2025-10-05	and8	https://and8.dance/en/stats/reports/4932/3738/?data=1&x=135&y=540&w=1225&type=r
Unbreakable 2025 - 20 year anniversary	1vs1 B-Girls Top 16 KnockOut	Mery Berry	Royal	Royal	2	5	0	2	0	10	RoxRite	Reveal	San Andrea	Menno	Lagaet					11	24	45	14	9					11	29	46	50	11																																2025-10-05	and8	https://and8.dance/en/stats/reports/4932/3738/?data=1&x=135&y=405&w=1225&type=r
Unbreakable 2025 - 20 year anniversary	1vs1 B-Girls Top 16 KnockOut	Karla	B-Girl Sidi	B-Girl Sidi	3	5	1	2	4	11	RoxRite	Reveal	San Andrea	Menno	Lagaet					5	-41	10	-11	-3					7	-22	6	19	18					6	7	8	17	10																							2025-10-05	and8	https://and8.dance/en/stats/reports/4932/3738/?data=1&x=135&y=270&w=1225&type=r
Unbreakable 2025 - 20 year anniversary	1vs1 B-Girls Top 16 KnockOut	Stefani	Lola	Stefani	2	5	2	0	8	2	RoxRite	Reveal	San Andrea	Menno	Lagaet					-8	-9	-12	-7	-7					6	-9	-10	6	-6																																2025-10-05	and8	https://and8.dance/en/stats/reports/4932/3738/?data=1&x=135&y=135&w=1225&type=r
SPT 30 On Beat Battle & P.O.W	1vs1 Breaking Beginner (age 6-9) Top 8 KnockOut	Op Style	Whoosh	Op Style	2	3	2	0	5	1	Promo	Mass	Gabba							-100	-100	-28							-100	-60	48																																		2025-10-11	and8	https://and8.dance/en/stats/reports/5272/3769/?data=1&x=615&y=280&w=1225&type=r
SPT 30 On Beat Battle & P.O.W	1vs1 Breaking Beginner (age 6-9) Top 8 KnockOut	B-boy LudZ	Bboy Furïc	Bboy Furïc	3	3	1	2	3	6	Promo	Mass	Gabba							-100	40	-15							100	21	25							100	15	-20																									2025-10-11	and8	https://and8.dance/en/stats/reports/5272/3769/?data=1&x=615&y=465&w=1225&type=r
SPT 30 On Beat Battle & P.O.W	1vs1 Breaking Beginner (age 6-9) Top 8 KnockOut	Whoosh	Bboy Furïc	Whoosh	1	3	1	0	3	0	Promo	Mass	Gabba							-100	-100	-37																																											2025-10-11	and8	https://and8.dance/en/stats/reports/5272/3769/?data=1&x=760&y=360&w=1225&type=r
SPT 30 On Beat Battle & P.O.W	1vs1 Breaking Beginner (age 6-9) Top 8 KnockOut	Op Style	B-boy LudZ	Op Style	1	3	1	0	3	0	Promo	Mass	Gabba							-100	-100	-63																																											2025-10-11	and8	https://and8.dance/en/stats/reports/5272/3769/?data=1&x=465&y=360&w=1225&type=r
SPT 30 On Beat Battle & P.O.W	1vs1 Breaking Beginner (age 6-9) Top 8 KnockOut	Bboy Furïc	Lil’Baggy	Bboy Furïc	1	3	1	0	3	0	Promo	Mass	Gabba							-100	-22	-43																																											2025-10-11	and8	https://and8.dance/en/stats/reports/5272/3769/?data=1&x=980&y=430&w=1225&type=r
SPT 30 On Beat Battle & P.O.W	1vs1 Breaking Beginner (age 6-9) Top 8 KnockOut	Whoosh	Bboy Clarence	Whoosh	1	3	1	0	3	0	Promo	Mass	Gabba							-100	-100	-50																																											2025-10-11	and8	https://and8.dance/en/stats/reports/5272/3769/?data=1&x=980&y=160&w=1225&type=r
SPT 30 On Beat Battle & P.O.W	1vs1 Breaking Beginner (age 6-9) Top 8 KnockOut	B-Boy Alfredo	B-boy LudZ	B-boy LudZ	1	3	0	1	1	2	Promo	Mass	Gabba							100	-45	25																																											2025-10-11	and8	https://and8.dance/en/stats/reports/5272/3769/?data=1&x=245&y=430&w=1225&type=r
SPT 30 On Beat Battle & P.O.W	1vs1 Breaking Beginner (age 6-9) Top 8 KnockOut	Indy G	Op Style	Op Style	1	3	0	1	1	2	Promo	Mass	Gabba							100	100	-64																																											2025-10-11	and8	https://and8.dance/en/stats/reports/5272/3769/?data=1&x=245&y=160&w=1225&type=r
SPT 30 On Beat Battle & P.O.W	1vs1 Breaking Advanced (age 6-9) Top 8 KnockOut	FlowMase	BlondDemon	FlowMase	3	3	2	1	4	5	Promo	Mass	Gabba							-100	100	-15							100	100	24							100	-100	-17																									2025-10-11	and8	https://and8.dance/en/stats/reports/5272/3770/?data=1&x=615&y=280&w=1225&type=r
SPT 30 On Beat Battle & P.O.W	1vs1 Breaking Advanced (age 6-9) Top 8 KnockOut	Phénix	B-Boy Raphi	B-Boy Raphi	2	3	0	2	1	5	Promo	Mass	Gabba							-100	61	15							100	36	13																																		2025-10-11	and8	https://and8.dance/en/stats/reports/5272/3770/?data=1&x=615&y=465&w=1225&type=r
SPT 30 On Beat Battle & P.O.W	1vs1 Breaking Advanced (age 6-9) Top 8 KnockOut	BlondDemon	B-Boy Raphi	BlondDemon	1	3	1	0	3	0	Promo	Mass	Gabba							-100	-100	-10																																											2025-10-11	and8	https://and8.dance/en/stats/reports/5272/3770/?data=1&x=760&y=360&w=1225&type=r
SPT 30 On Beat Battle & P.O.W	1vs1 Breaking Advanced (age 6-9) Top 8 KnockOut	FlowMase	Phénix	FlowMase	1	3	1	0	3	0	Promo	Mass	Gabba							-100	-100	-20																																											2025-10-11	and8	https://and8.dance/en/stats/reports/5272/3770/?data=1&x=465&y=360&w=1225&type=r
SPT 30 On Beat Battle & P.O.W	1vs1 Breaking Advanced (age 6-9) Top 8 KnockOut	Zouzou	B-Boy Raphi	B-Boy Raphi	1	3	0	1	0	3	Promo	Mass	Gabba							100	100	18																																											2025-10-11	and8	https://and8.dance/en/stats/reports/5272/3770/?data=1&x=980&y=430&w=1225&type=r
SPT 30 On Beat Battle & P.O.W	1vs1 Breaking Advanced (age 6-9) Top 8 KnockOut	BlondDemon	Zack John John	BlondDemon	1	3	1	0	3	0	Promo	Mass	Gabba							-100	-100	-27																																											2025-10-11	and8	https://and8.dance/en/stats/reports/5272/3770/?data=1&x=980&y=160&w=1225&type=r
SPT 30 On Beat Battle & P.O.W	1vs1 Breaking Advanced (age 6-9) Top 8 KnockOut	Phénix	Checkmate	Phénix	1	3	1	0	2	1	Promo	Mass	Gabba							-100	100	-22																																											2025-10-11	and8	https://and8.dance/en/stats/reports/5272/3770/?data=1&x=245&y=430&w=1225&type=r
SPT 30 On Beat Battle & P.O.W	1vs1 Breaking Advanced (age 6-9) Top 8 KnockOut	NoaNonstop	FlowMase	FlowMase	1	3	0	1	0	3	Promo	Mass	Gabba							100	100	34																																											2025-10-11	and8	https://and8.dance/en/stats/reports/5272/3770/?data=1&x=245&y=160&w=1225&type=r
SPT 30 On Beat Battle & P.O.W	1vs1 Breaking Beginner (age 10-13) Top 16 KnockOut	Elite	Bboy Miles	Elite	2	3	2	0	5	1	Promo	Mass	Gabba							-100	-41	-25							-100	40	-23																																		2025-10-11	and8	https://and8.dance/en/stats/reports/5272/3771/?data=1&x=615&y=175&w=1225&type=r
SPT 30 On Beat Battle & P.O.W	1vs1 Breaking Beginner (age 10-13) Top 16 KnockOut	Flex	Flash	Flex	2	3	2	0	6	0	Promo	Mass	Gabba							-100	-38	-11							-100	-56	-27																																		2025-10-11	and8	https://and8.dance/en/stats/reports/5272/3771/?data=1&x=615&y=525&w=1225&type=r
SPT 30 On Beat Battle & P.O.W	1vs1 Breaking Beginner (age 10-13) Top 16 KnockOut	Bboy Miles	Flash	Bboy Miles	1	3	1	0	2	1	Promo	Mass	Gabba							100	-26	-10																																											2025-10-11	and8	https://and8.dance/en/stats/reports/5272/3771/?data=1&x=745&y=360&w=1225&type=r
SPT 30 On Beat Battle & P.O.W	1vs1 Breaking Beginner (age 10-13) Top 16 KnockOut	Elite	Flex	Elite	1	3	1	0	2	1	Promo	Mass	Gabba							-100	26	-16																																											2025-10-11	and8	https://and8.dance/en/stats/reports/5272/3771/?data=1&x=480&y=360&w=1225&type=r
SPT 30 On Beat Battle & P.O.W	1vs1 Breaking Beginner (age 10-13) Top 16 KnockOut	Flash	Lolo	Flash	1	3	1	0	3	0	Promo	Mass	Gabba							-100	-63	-6																																											2025-10-11	and8	https://and8.dance/en/stats/reports/5272/3771/?data=1&x=785&y=495&w=1225&type=r
SPT 30 On Beat Battle & P.O.W	1vs1 Breaking Beginner (age 10-13) Top 16 KnockOut	Funkyzo	Bboy Miles	Bboy Miles	1	3	0	1	1	2	Promo	Mass	Gabba							100	15	-11																																											2025-10-11	and8	https://and8.dance/en/stats/reports/5272/3771/?data=1&x=785&y=225&w=1225&type=r
SPT 30 On Beat Battle & P.O.W	1vs1 Breaking Beginner (age 10-13) Top 16 KnockOut	Flex	Goomba	Flex	1	3	1	0	3	0	Promo	Mass	Gabba							-100	-53	-13																																											2025-10-11	and8	https://and8.dance/en/stats/reports/5272/3771/?data=1&x=440&y=495&w=1225&type=r
SPT 30 On Beat Battle & P.O.W	1vs1 Breaking Beginner (age 10-13) Top 16 KnockOut	Elite	BBOY DOM	Elite	1	3	1	0	3	0	Promo	Mass	Gabba							-100	-71	-24																																											2025-10-11	and8	https://and8.dance/en/stats/reports/5272/3771/?data=1&x=440&y=225&w=1225&type=r
SPT 30 On Beat Battle & P.O.W	1vs1 Breaking Beginner (age 10-13) Top 16 KnockOut	Lolo	Jupiter	Lolo	1	3	1	0	2	1	Promo	Mass	Gabba							-100	-65	5																																											2025-10-11	and8	https://and8.dance/en/stats/reports/5272/3771/?data=1&x=1085&y=540&w=1225&type=r
SPT 30 On Beat Battle & P.O.W	1vs1 Breaking Beginner (age 10-13) Top 16 KnockOut	Flash	NC Kool	Flash	1	3	1	0	3	0	Promo	Mass	Gabba							-100	-32	-30																																											2025-10-11	and8	https://and8.dance/en/stats/reports/5272/3771/?data=1&x=1085&y=405&w=1225&type=r
SPT 30 On Beat Battle & P.O.W	1vs1 Breaking Beginner (age 10-13) Top 16 KnockOut	Bboy Miles	FBI	Bboy Miles	1	3	1	0	2	1	Promo	Mass	Gabba							-100	-28	27																																											2025-10-11	and8	https://and8.dance/en/stats/reports/5272/3771/?data=1&x=1085&y=270&w=1225&type=r
SPT 30 On Beat Battle & P.O.W	1vs1 Breaking Beginner (age 10-13) Top 16 KnockOut	Z Volt	Funkyzo	Funkyzo	1	3	0	1	1	2	Promo	Mass	Gabba							100	-8	52																																											2025-10-11	and8	https://and8.dance/en/stats/reports/5272/3771/?data=1&x=1085&y=135&w=1225&type=r
SPT 30 On Beat Battle & P.O.W	1vs1 Breaking Beginner (age 10-13) Top 16 KnockOut	Hercule	Goomba	Goomba	1	3	0	1	1	2	Promo	Mass	Gabba							100	-84	18																																											2025-10-11	and8	https://and8.dance/en/stats/reports/5272/3771/?data=1&x=135&y=540&w=1225&type=r
SPT 30 On Beat Battle & P.O.W	1vs1 Breaking Beginner (age 10-13) Top 16 KnockOut	Plaxmol	Flex	Flex	1	3	0	1	0	3	Promo	Mass	Gabba							100	100	49																																											2025-10-11	and8	https://and8.dance/en/stats/reports/5272/3771/?data=1&x=135&y=405&w=1225&type=r
SPT 30 On Beat Battle & P.O.W	1vs1 Breaking Beginner (age 10-13) Top 16 KnockOut	D’erax	BBOY DOM	BBOY DOM	1	3	0	1	0	3	Promo	Mass	Gabba							100	34	32																																											2025-10-11	and8	https://and8.dance/en/stats/reports/5272/3771/?data=1&x=135&y=270&w=1225&type=r
SPT 30 On Beat Battle & P.O.W	1vs1 Breaking Beginner (age 10-13) Top 16 KnockOut	MymyRock	Elite	Elite	1	3	0	1	0	3	Promo	Mass	Gabba							100	43	41																																											2025-10-11	and8	https://and8.dance/en/stats/reports/5272/3771/?data=1&x=135&y=135&w=1225&type=r
SPT 30 On Beat Battle & P.O.W	1vs1 Breaking Advanced (age 10-13) Top 16 KnockOut	Fierce	Chakal	Chakal	2	3	0	2	1	5	Promo	Mass	Gabba							100	28	30							100	23	-8																																		2025-10-11	and8	https://and8.dance/en/stats/reports/5272/3772/?data=1&x=615&y=175&w=1225&type=r
SPT 30 On Beat Battle & P.O.W	1vs1 Breaking Advanced (age 10-13) Top 16 KnockOut	Dragon Uzi	Hard-B	Dragon Uzi	3	3	2	1	6	3	Promo	Mass	Gabba							100	-42	24							-100	-30	28							-100	-22	-10																									2025-10-11	and8	https://and8.dance/en/stats/reports/5272/3772/?data=1&x=615&y=525&w=1225&type=r
SPT 30 On Beat Battle & P.O.W	1vs1 Breaking Advanced (age 10-13) Top 16 KnockOut	Chakal	Hard-B	Chakal	1	3	1	0	3	0	Promo	Mass	Gabba							-100	-56	-10																																											2025-10-11	and8	https://and8.dance/en/stats/reports/5272/3772/?data=1&x=745&y=360&w=1225&type=r
SPT 30 On Beat Battle & P.O.W	1vs1 Breaking Advanced (age 10-13) Top 16 KnockOut	Fierce	Dragon Uzi	Fierce	1	3	1	0	3	0	Promo	Mass	Gabba							-100	-49	-7																																											2025-10-11	and8	https://and8.dance/en/stats/reports/5272/3772/?data=1&x=480&y=360&w=1225&type=r
SPT 30 On Beat Battle & P.O.W	1vs1 Breaking Advanced (age 10-13) Top 16 KnockOut	Hard-B	Sammy Boy	Hard-B	1	3	1	0	2	1	Promo	Mass	Gabba							-100	16	-21																																											2025-10-11	and8	https://and8.dance/en/stats/reports/5272/3772/?data=1&x=785&y=495&w=1225&type=r
SPT 30 On Beat Battle & P.O.W	1vs1 Breaking Advanced (age 10-13) Top 16 KnockOut	Chakal	B-Lion	Chakal	1	3	1	0	2	1	Promo	Mass	Gabba							-100	26	-11																																											2025-10-11	and8	https://and8.dance/en/stats/reports/5272/3772/?data=1&x=785&y=225&w=1225&type=r
SPT 30 On Beat Battle & P.O.W	1vs1 Breaking Advanced (age 10-13) Top 16 KnockOut	Dragon Uzi	Mini Nic	Dragon Uzi	1	3	1	0	3	0	Promo	Mass	Gabba							-100	-45	-17																																											2025-10-11	and8	https://and8.dance/en/stats/reports/5272/3772/?data=1&x=440&y=495&w=1225&type=r
SPT 30 On Beat Battle & P.O.W	1vs1 Breaking Advanced (age 10-13) Top 16 KnockOut	Fierce	Flashback	Fierce	1	3	1	0	3	0	Promo	Mass	Gabba							-100	-33	-26																																											2025-10-11	and8	https://and8.dance/en/stats/reports/5272/3772/?data=1&x=440&y=225&w=1225&type=r
SPT 30 On Beat Battle & P.O.W	1vs1 Breaking Advanced (age 10-13) Top 16 KnockOut	Energy	Sammy Boy	Sammy Boy	1	3	0	1	1	2	Promo	Mass	Gabba							-100	62	24																																											2025-10-11	and8	https://and8.dance/en/stats/reports/5272/3772/?data=1&x=1085&y=540&w=1225&type=r
SPT 30 On Beat Battle & P.O.W	1vs1 Breaking Advanced (age 10-13) Top 16 KnockOut	B-Lo	Hard-B	Hard-B	1	3	0	1	1	2	Promo	Mass	Gabba							-100	22	12																																											2025-10-11	and8	https://and8.dance/en/stats/reports/5272/3772/?data=1&x=1085&y=405&w=1225&type=r
SPT 30 On Beat Battle & P.O.W	1vs1 Breaking Advanced (age 10-13) Top 16 KnockOut	B-Lion	Eddy	B-Lion	1	3	1	0	3	0	Promo	Mass	Gabba							-100	-100	-30																																											2025-10-11	and8	https://and8.dance/en/stats/reports/5272/3772/?data=1&x=1085&y=270&w=1225&type=r
SPT 30 On Beat Battle & P.O.W	1vs1 Breaking Advanced (age 10-13) Top 16 KnockOut	Chakal	Bootbro	Chakal	1	3	1	0	3	0	Promo	Mass	Gabba							-100	-100	-28																																											2025-10-11	and8	https://and8.dance/en/stats/reports/5272/3772/?data=1&x=1085&y=135&w=1225&type=r
SPT 30 On Beat Battle & P.O.W	1vs1 Breaking Advanced (age 10-13) Top 16 KnockOut	Mini Nic	TheRock	Mini Nic	1	3	1	0	3	0	Promo	Mass	Gabba							-100	-59	-28																																											2025-10-11	and8	https://and8.dance/en/stats/reports/5272/3772/?data=1&x=135&y=540&w=1225&type=r
SPT 30 On Beat Battle & P.O.W	1vs1 Breaking Advanced (age 10-13) Top 16 KnockOut	Ricky-M	Dragon Uzi	Dragon Uzi	1	3	0	1	1	2	Promo	Mass	Gabba							-100	34	29																																											2025-10-11	and8	https://and8.dance/en/stats/reports/5272/3772/?data=1&x=135&y=405&w=1225&type=r
SPT 30 On Beat Battle & P.O.W	1vs1 Breaking Advanced (age 10-13) Top 16 KnockOut	B-Boy Chrissto	Flashback	Flashback	1	3	0	1	0	3	Promo	Mass	Gabba							100	38	15																																											2025-10-11	and8	https://and8.dance/en/stats/reports/5272/3772/?data=1&x=135&y=270&w=1225&type=r
SPT 30 On Beat Battle & P.O.W	1vs1 Breaking Advanced (age 10-13) Top 16 KnockOut	Fierce	Ramz	Fierce	1	3	1	0	3	0	Promo	Mass	Gabba							-100	-53	-41																																											2025-10-11	and8	https://and8.dance/en/stats/reports/5272/3772/?data=1&x=135&y=135&w=1225&type=r
SPT 30 On Beat Battle & P.O.W	1vs1 Breaking Advanced (age 14-17) Top 16 KnockOut	Bboy Nightmare	Bboy Sparrow	Bboy Nightmare	3	3	3	0	9	0	Promo	Mass	Gabba							-100	-100	-100							-100	-100	-100							-100	-100	-100																									2025-10-11	and8	https://and8.dance/en/stats/reports/5272/3773/?data=1&x=615&y=175&w=1225&type=r
SPT 30 On Beat Battle & P.O.W	1vs1 Breaking Advanced (age 14-17) Top 16 KnockOut	Tittch	Philoops	Philoops	3	3	1	2	2	7	Promo	Mass	Gabba							-100	-41	11							100	57	33							99	48	19																									2025-10-11	and8	https://and8.dance/en/stats/reports/5272/3773/?data=1&x=615&y=525&w=1225&type=r
SPT 30 On Beat Battle & P.O.W	1vs1 Breaking Advanced (age 14-17) Top 16 KnockOut	Bboy Sparrow	Philoops	Bboy Sparrow	2	3	2	0	6	0	Promo	Mass	Gabba							-100	-100	-27							-100	-99	-18																																		2025-10-11	and8	https://and8.dance/en/stats/reports/5272/3773/?data=1&x=745&y=360&w=1225&type=r
SPT 30 On Beat Battle & P.O.W	1vs1 Breaking Advanced (age 14-17) Top 16 KnockOut	Tittch	Bboy Nightmare	Bboy Nightmare	3	3	1	2	2	7	Promo	Mass	Gabba							100	44	16							100	-54	-4							100	36	5																									2025-10-11	and8	https://and8.dance/en/stats/reports/5272/3773/?data=1&x=480&y=360&w=1225&type=r
SPT 30 On Beat Battle & P.O.W	1vs1 Breaking Advanced (age 14-17) Top 16 KnockOut	Philoops	Nate The Great	Philoops	1	3	1	0	3	0	Promo	Mass	Gabba							-100	-100	-22																																											2025-10-11	and8	https://and8.dance/en/stats/reports/5272/3773/?data=1&x=785&y=495&w=1225&type=r
SPT 30 On Beat Battle & P.O.W	1vs1 Breaking Advanced (age 14-17) Top 16 KnockOut	Slim	Bboy Sparrow	Bboy Sparrow	1	3	0	1	0	3	Promo	Mass	Gabba							100	53	9																																											2025-10-11	and8	https://and8.dance/en/stats/reports/5272/3773/?data=1&x=785&y=225&w=1225&type=r
SPT 30 On Beat Battle & P.O.W	1vs1 Breaking Advanced (age 14-17) Top 16 KnockOut	Bboy Nightmare	Mathioso	Bboy Nightmare	1	3	1	0	3	0	Promo	Mass	Gabba							-100	-86	-18																																											2025-10-11	and8	https://and8.dance/en/stats/reports/5272/3773/?data=1&x=440&y=495&w=1225&type=r
SPT 30 On Beat Battle & P.O.W	1vs1 Breaking Advanced (age 14-17) Top 16 KnockOut	Ace	Tittch	Tittch	1	3	0	1	0	3	Promo	Mass	Gabba							100	95	27																																											2025-10-11	and8	https://and8.dance/en/stats/reports/5272/3773/?data=1&x=440&y=225&w=1225&type=r
SPT 30 On Beat Battle & P.O.W	1vs1 Breaking Advanced (age 14-17) Top 16 KnockOut	Nate The Great	ChewyB	Nate The Great	1	3	1	0	3	0	Promo	Mass	Gabba							-100	-49	-20																																											2025-10-11	and8	https://and8.dance/en/stats/reports/5272/3773/?data=1&x=1085&y=540&w=1225&type=r
SPT 30 On Beat Battle & P.O.W	1vs1 Breaking Advanced (age 14-17) Top 16 KnockOut	BGirl Nelly	Philoops	Philoops	1	3	0	1	0	3	Promo	Mass	Gabba							100	79	28																																											2025-10-11	and8	https://and8.dance/en/stats/reports/5272/3773/?data=1&x=1085&y=405&w=1225&type=r
SPT 30 On Beat Battle & P.O.W	1vs1 Breaking Advanced (age 14-17) Top 16 KnockOut	Vinc	Bboy Sparrow	Bboy Sparrow	1	3	0	1	0	3	Promo	Mass	Gabba							100	51	18																																											2025-10-11	and8	https://and8.dance/en/stats/reports/5272/3773/?data=1&x=1085&y=270&w=1225&type=r
SPT 30 On Beat Battle & P.O.W	1vs1 Breaking Advanced (age 14-17) Top 16 KnockOut	Slim	FlowCAM	Slim	1	3	1	0	2	1	Promo	Mass	Gabba							-100	16	-42																																											2025-10-11	and8	https://and8.dance/en/stats/reports/5272/3773/?data=1&x=1085&y=135&w=1225&type=r
SPT 30 On Beat Battle & P.O.W	1vs1 Breaking Advanced (age 14-17) Top 16 KnockOut	Mathioso	Tailz	Mathioso	1	3	1	0	3	0	Promo	Mass	Gabba							-100	-78	-23																																											2025-10-11	and8	https://and8.dance/en/stats/reports/5272/3773/?data=1&x=135&y=540&w=1225&type=r
SPT 30 On Beat Battle & P.O.W	1vs1 Breaking Advanced (age 14-17) Top 16 KnockOut	Kwet	Bboy Nightmare	Bboy Nightmare	1	3	0	1	0	3	Promo	Mass	Gabba							100	100	100																																											2025-10-11	and8	https://and8.dance/en/stats/reports/5272/3773/?data=1&x=135&y=405&w=1225&type=r
SPT 30 On Beat Battle & P.O.W	1vs1 Breaking Advanced (age 14-17) Top 16 KnockOut	Tittch	Mak vally	Tittch	1	3	1	0	3	0	Promo	Mass	Gabba							-100	-31	-26																																											2025-10-11	and8	https://and8.dance/en/stats/reports/5272/3773/?data=1&x=135&y=270&w=1225&type=r
SPT 30 On Beat Battle & P.O.W	1vs1 Breaking Advanced (age 14-17) Top 16 KnockOut	Spinner	Ace	Ace	1	3	0	1	1	2	Promo	Mass	Gabba							100	44	-37																																											2025-10-11	and8	https://and8.dance/en/stats/reports/5272/3773/?data=1&x=135&y=135&w=1225&type=r
Youth Breaking Championships: 2025 Grand Finals	1vs1 Breaking Top 16 KnockOut	Seier	Holyrain	Holyrain	3	5	0	3	2	13	Junior	Anti	Menno	RoxRite	Lazylegz					26	83	11	7	3					26	40	16	11	6					23	5	-11	-2	5																							2025-11-14	and8	https://and8.dance/en/stats/reports/5311/3860/?data=1&x=615&y=615&w=1225&type=r
Youth Breaking Championships: 2025 Grand Finals	1vs1 Breaking Top 16 KnockOut	Holyrain	Jay E	Holyrain	2	5	2	0	7	3	Junior	Anti	Menno	RoxRite	Lazylegz					-18	17	-9	-10	5					-17	15	-10	-9	-13																																2025-11-14	and8	https://and8.dance/en/stats/reports/5311/3860/?data=1&x=745&y=360&w=1225&type=r
Youth Breaking Championships: 2025 Grand Finals	1vs1 Breaking Top 16 KnockOut	Seier	Lucas	Seier	2	5	2	0	8	2	Junior	Anti	Menno	RoxRite	Lazylegz					-20	-15	-6	-6	-2					12	-60	-7	-6	2																																2025-11-14	and8	https://and8.dance/en/stats/reports/5311/3860/?data=1&x=480&y=360&w=1225&type=r
Youth Breaking Championships: 2025 Grand Finals	1vs1 Breaking Top 16 KnockOut	Jay E	Flowki	Jay E	1	5	1	0	3	2	Junior	Anti	Menno	RoxRite	Lazylegz					-12	2	5	-7	-2																																									2025-11-14	and8	https://and8.dance/en/stats/reports/5311/3860/?data=1&x=785&y=495&w=1225&type=r
Youth Breaking Championships: 2025 Grand Finals	1vs1 Breaking Top 16 KnockOut	Holyrain	Savage	Holyrain	1	5	1	0	5	0	Junior	Anti	Menno	RoxRite	Lazylegz					-11	-61	-12	-6	-4																																									2025-11-14	and8	https://and8.dance/en/stats/reports/5311/3860/?data=1&x=785&y=225&w=1225&type=r
Youth Breaking Championships: 2025 Grand Finals	1vs1 Breaking Top 16 KnockOut	SPONGE	Lucas	Lucas	1	5	0	1	1	4	Junior	Anti	Menno	RoxRite	Lazylegz					11	81	-5	10	4																																									2025-11-14	and8	https://and8.dance/en/stats/reports/5311/3860/?data=1&x=440&y=495&w=1225&type=r
Youth Breaking Championships: 2025 Grand Finals	1vs1 Breaking Top 16 KnockOut	Seier	Estilo	Seier	1	5	1	0	5	0	Junior	Anti	Menno	RoxRite	Lazylegz					-12	-3	-2	-11	-6																																									2025-11-14	and8	https://and8.dance/en/stats/reports/5311/3860/?data=1&x=440&y=225&w=1225&type=r
Youth Breaking Championships: 2025 Grand Finals	1vs1 Breaking Top 16 KnockOut	Flowki	Rolo	Flowki	1	5	1	0	5	0	Junior	Anti	Menno	RoxRite	Lazylegz					-14	-83	-11	-13	-9																																									2025-11-14	and8	https://and8.dance/en/stats/reports/5311/3860/?data=1&x=1085&y=540&w=1225&type=r
Youth Breaking Championships: 2025 Grand Finals	1vs1 Breaking Top 16 KnockOut	Jay E	Junktion	Jay E	1	5	1	0	5	0	Junior	Anti	Menno	RoxRite	Lazylegz					-21	-100	-14	-7	-40																																									2025-11-14	and8	https://and8.dance/en/stats/reports/5311/3860/?data=1&x=1085&y=405&w=1225&type=r
Youth Breaking Championships: 2025 Grand Finals	1vs1 Breaking Top 16 KnockOut	Jin E	Savage	Savage	1	5	0	1	2	3	Junior	Anti	Menno	RoxRite	Lazylegz					-8	44	15	-8	3																																									2025-11-14	and8	https://and8.dance/en/stats/reports/5311/3860/?data=1&x=1085&y=270&w=1225&type=r
Youth Breaking Championships: 2025 Grand Finals	1vs1 Breaking Top 16 KnockOut	Holyrain	RiverFlow	Holyrain	1	5	1	0	5	0	Junior	Anti	Menno	RoxRite	Lazylegz					-26	-100	-42	-19	-15																																									2025-11-14	and8	https://and8.dance/en/stats/reports/5311/3860/?data=1&x=1085&y=135&w=1225&type=r
Youth Breaking Championships: 2025 Grand Finals	1vs1 Breaking Top 16 KnockOut	J-Slim	Lucas	Lucas	1	5	0	1	2	3	Junior	Anti	Menno	RoxRite	Lazylegz					20	54	-12	3	-5																																									2025-11-14	and8	https://and8.dance/en/stats/reports/5311/3860/?data=1&x=135&y=540&w=1225&type=r
Youth Breaking Championships: 2025 Grand Finals	1vs1 Breaking Top 16 KnockOut	SPONGE	Orion	SPONGE	1	5	1	0	4	1	Junior	Anti	Menno	RoxRite	Lazylegz					-8	-3	-16	3	-5																																									2025-11-14	and8	https://and8.dance/en/stats/reports/5311/3860/?data=1&x=135&y=405&w=1225&type=r
Youth Breaking Championships: 2025 Grand Finals	1vs1 Breaking Top 16 KnockOut	Kanato	Estilo	Estilo	1	5	0	1	1	4	Junior	Anti	Menno	RoxRite	Lazylegz					8	6	15	4	-7																																									2025-11-14	and8	https://and8.dance/en/stats/reports/5311/3860/?data=1&x=135&y=270&w=1225&type=r
Youth Breaking Championships: 2025 Grand Finals	1vs1 Breaking Top 16 KnockOut	Seier	Gokaito	Seier	1	5	1	0	4	1	Junior	Anti	Menno	RoxRite	Lazylegz					-11	-7	-4	4	-3																																									2025-11-14	and8	https://and8.dance/en/stats/reports/5311/3860/?data=1&x=135&y=135&w=1225&type=r
Street Disciples	1vs1 Breaking Beginner (age 6-9) Top 16 KnockOut	Bboy Zenn	Alfredo	Bboy Zenn	3	3	2	1	4	5	Scary Ari	Thing	Marie Monsta							-8	100	-100							25	100	100							18	-100	-100																									2025-11-30	and8	https://and8.dance/en/stats/reports/5294/3815/?data=1&x=745&y=360&w=1225&type=r
Street Disciples	1vs1 Breaking Beginner (age 6-9) Top 16 KnockOut	Whoosh	MikFreeze	Whoosh	2	3	2	0	5	1	Scary Ari	Thing	Marie Monsta							-23	-100	-100							7	-100	-100																																		2025-11-30	and8	https://and8.dance/en/stats/reports/5294/3815/?data=1&x=480&y=360&w=1225&type=r
Street Disciples	1vs1 Breaking Beginner (age 6-9) Top 16 KnockOut	The Beat Boy	Alfredo	Alfredo	1	3	0	1	1	2	Scary Ari	Thing	Marie Monsta							35	100	-100																																											2025-11-30	and8	https://and8.dance/en/stats/reports/5294/3815/?data=1&x=785&y=495&w=1225&type=r
Street Disciples	1vs1 Breaking Beginner (age 6-9) Top 16 KnockOut	Bboy Zenn	C-Vibe	Bboy Zenn	1	3	1	0	3	0	Scary Ari	Thing	Marie Monsta							-26	-100	-100																																											2025-11-30	and8	https://and8.dance/en/stats/reports/5294/3815/?data=1&x=785&y=225&w=1225&type=r
Street Disciples	1vs1 Breaking Beginner (age 6-9) Top 16 KnockOut	Bboy Furïc	MikFreeze	MikFreeze	1	3	0	1	1	2	Scary Ari	Thing	Marie Monsta							25	100	-100																																											2025-11-30	and8	https://and8.dance/en/stats/reports/5294/3815/?data=1&x=440&y=495&w=1225&type=r
Street Disciples	1vs1 Breaking Beginner (age 6-9) Top 16 KnockOut	Whoosh	Gaye	Whoosh	1	3	1	0	2	1	Scary Ari	Thing	Marie Monsta							22	-100	-100																																											2025-11-30	and8	https://and8.dance/en/stats/reports/5294/3815/?data=1&x=440&y=225&w=1225&type=r
Street Disciples	1vs1 Breaking Beginner (age 6-9) Top 16 KnockOut	Bboy Charly	Alfredo	Alfredo	1	3	0	1	0	3	Scary Ari	Thing	Marie Monsta							74	100	100																																											2025-11-30	and8	https://and8.dance/en/stats/reports/5294/3815/?data=1&x=1085&y=540&w=1225&type=r
Street Disciples	1vs1 Breaking Beginner (age 6-9) Top 16 KnockOut	Pipo	The Beat Boy	The Beat Boy	1	3	0	1	1	2	Scary Ari	Thing	Marie Monsta							24	-100	100																																											2025-11-30	and8	https://and8.dance/en/stats/reports/5294/3815/?data=1&x=1085&y=405&w=1225&type=r
Street Disciples	1vs1 Breaking Beginner (age 6-9) Top 16 KnockOut	Bboy Riggs	C-Vibe	C-Vibe	1	3	0	1	1	2	Scary Ari	Thing	Marie Monsta							-27	100	100																																											2025-11-30	and8	https://and8.dance/en/stats/reports/5294/3815/?data=1&x=1085&y=270&w=1225&type=r
Street Disciples	1vs1 Breaking Beginner (age 6-9) Top 16 KnockOut	OP Style	Bboy Zenn	Bboy Zenn	1	3	0	1	1	2	Scary Ari	Thing	Marie Monsta							25	-100	100																																											2025-11-30	and8	https://and8.dance/en/stats/reports/5294/3815/?data=1&x=1085&y=135&w=1225&type=r
Street Disciples	1vs1 Breaking Beginner (age 6-9) Top 16 KnockOut	Le roi des rois	MikFreeze	MikFreeze	1	3	0	1	1	2	Scary Ari	Thing	Marie Monsta							62	-93	100																																											2025-11-30	and8	https://and8.dance/en/stats/reports/5294/3815/?data=1&x=135&y=540&w=1225&type=r
Street Disciples	1vs1 Breaking Beginner (age 6-9) Top 16 KnockOut	B-boy LudZ	Bboy Furïc	Bboy Furïc	1	3	0	1	1	2	Scary Ari	Thing	Marie Monsta							19	100	-100																																											2025-11-30	and8	https://and8.dance/en/stats/reports/5294/3815/?data=1&x=135&y=405&w=1225&type=r
Street Disciples	1vs1 Breaking Beginner (age 6-9) Top 16 KnockOut	Doctor2	Gaye	Gaye	1	3	0	1	1	2	Scary Ari	Thing	Marie Monsta							50	93	-100																																											2025-11-30	and8	https://and8.dance/en/stats/reports/5294/3815/?data=1&x=135&y=270&w=1225&type=r
Street Disciples	1vs1 Breaking Beginner (age 6-9) Top 16 KnockOut	Whoosh	Memphis	Whoosh	1	3	1	0	3	0	Scary Ari	Thing	Marie Monsta							-100	-100	-100																																											2025-11-30	and8	https://and8.dance/en/stats/reports/5294/3815/?data=1&x=135&y=135&w=1225&type=r
Street Disciples	1vs1 Breaking Advanced (age 6-9) Top 8 KnockOut	FlowMase	B-Boy Raphi	B-Boy Raphi	2	3	0	2	1	5	Scary Ari	Thing	Marie Monsta							56	100	100							11	100	-100																																		2025-11-30	and8	https://and8.dance/en/stats/reports/5294/3816/?data=1&x=760&y=360&w=1225&type=r
Street Disciples	1vs1 Breaking Advanced (age 6-9) Top 8 KnockOut	BlondDemon	King	BlondDemon	2	3	2	0	6	0	Scary Ari	Thing	Marie Monsta							-26	-100	-100							-60	-100	-100																																		2025-11-30	and8	https://and8.dance/en/stats/reports/5294/3816/?data=1&x=465&y=360&w=1225&type=r
Street Disciples	1vs1 Breaking Advanced (age 6-9) Top 8 KnockOut	Golden Mario	B-Boy Raphi	B-Boy Raphi	1	3	0	1	0	3	Scary Ari	Thing	Marie Monsta							64	100	100																																											2025-11-30	and8	https://and8.dance/en/stats/reports/5294/3816/?data=1&x=980&y=430&w=1225&type=r
Street Disciples	1vs1 Breaking Advanced (age 6-9) Top 8 KnockOut	FlowMase	Mill	FlowMase	1	3	1	0	2	1	Scary Ari	Thing	Marie Monsta							28	-100	-100																																											2025-11-30	and8	https://and8.dance/en/stats/reports/5294/3816/?data=1&x=980&y=160&w=1225&type=r
Street Disciples	1vs1 Breaking Advanced (age 6-9) Top 8 KnockOut	Zack John John	King	King	1	3	0	1	0	3	Scary Ari	Thing	Marie Monsta							56	100	100																																											2025-11-30	and8	https://and8.dance/en/stats/reports/5294/3816/?data=1&x=245&y=430&w=1225&type=r
Street Disciples	1vs1 Breaking Advanced (age 6-9) Top 8 KnockOut	Checkmate	BlondDemon	BlondDemon	1	3	0	1	1	2	Scary Ari	Thing	Marie Monsta							68	-100	100																																											2025-11-30	and8	https://and8.dance/en/stats/reports/5294/3816/?data=1&x=245&y=160&w=1225&type=r
Street Disciples	1vs1 Breaking Beginner (age 10-13) Top 16 KnockOut	Funkyzo	Macak	Funkyzo	2	3	1	1	4	2	Mass	Soulstep	Laos							-26	100	100							-96	-100	-100																																		2025-11-30	and8	https://and8.dance/en/stats/reports/5294/3817/?data=1&x=615&y=525&w=1225&type=r
Street Disciples	1vs1 Breaking Beginner (age 10-13) Top 16 KnockOut	Flash	Macak	Flash	2	3	2	0	5	1	Mass	Soulstep	Laos							-42	-100	-100							-42	-100	100																																		2025-11-30	and8	https://and8.dance/en/stats/reports/5294/3817/?data=1&x=745&y=360&w=1225&type=r
Street Disciples	1vs1 Breaking Beginner (age 10-13) Top 16 KnockOut	Elite	Funkyzo	Elite	2	3	2	0	6	0	Mass	Soulstep	Laos							-100	-100	-100							-100	-100	-100																																		2025-11-30	and8	https://and8.dance/en/stats/reports/5294/3817/?data=1&x=480&y=360&w=1225&type=r
Street Disciples	1vs1 Breaking Beginner (age 10-13) Top 16 KnockOut	Macak	eagle eye	Macak	1	3	1	0	3	0	Mass	Soulstep	Laos							-25	-100	-100																																											2025-11-30	and8	https://and8.dance/en/stats/reports/5294/3817/?data=1&x=785&y=495&w=1225&type=r
Street Disciples	1vs1 Breaking Beginner (age 10-13) Top 16 KnockOut	Jupiter	Flash	Flash	1	3	0	1	0	3	Mass	Soulstep	Laos							61	100	100																																											2025-11-30	and8	https://and8.dance/en/stats/reports/5294/3817/?data=1&x=785&y=225&w=1225&type=r
Street Disciples	1vs1 Breaking Beginner (age 10-13) Top 16 KnockOut	Funkyzo	Flyo	Funkyzo	1	3	1	0	3	0	Mass	Soulstep	Laos							-86	-100	-100																																											2025-11-30	and8	https://and8.dance/en/stats/reports/5294/3817/?data=1&x=440&y=495&w=1225&type=r
Street Disciples	1vs1 Breaking Beginner (age 10-13) Top 16 KnockOut	Elite	Knuckle	Elite	1	3	1	0	3	0	Mass	Soulstep	Laos							-67	-100	-100																																											2025-11-30	and8	https://and8.dance/en/stats/reports/5294/3817/?data=1&x=440&y=225&w=1225&type=r
Street Disciples	1vs1 Breaking Beginner (age 10-13) Top 16 KnockOut	Goomba	eagle eye	eagle eye	1	3	0	1	1	2	Mass	Soulstep	Laos							-16	100	100																																											2025-11-30	and8	https://and8.dance/en/stats/reports/5294/3817/?data=1&x=1085&y=540&w=1225&type=r
Street Disciples	1vs1 Breaking Beginner (age 10-13) Top 16 KnockOut	BBOY DOM	Macak	Macak	1	3	0	1	1	2	Mass	Soulstep	Laos							-45	100	100																																											2025-11-30	and8	https://and8.dance/en/stats/reports/5294/3817/?data=1&x=1085&y=405&w=1225&type=r
Street Disciples	1vs1 Breaking Beginner (age 10-13) Top 16 KnockOut	BombVibe	Flash	Flash	1	3	0	1	0	3	Mass	Soulstep	Laos							53	100	100																																											2025-11-30	and8	https://and8.dance/en/stats/reports/5294/3817/?data=1&x=1085&y=270&w=1225&type=r
Street Disciples	1vs1 Breaking Beginner (age 10-13) Top 16 KnockOut	Flex	Jupiter	Jupiter	1	3	0	1	1	2	Mass	Soulstep	Laos							51	100	-100																																											2025-11-30	and8	https://and8.dance/en/stats/reports/5294/3817/?data=1&x=1085&y=135&w=1225&type=r
Street Disciples	1vs1 Breaking Beginner (age 10-13) Top 16 KnockOut	Flyo	MymyRock	Flyo	1	3	1	0	2	1	Mass	Soulstep	Laos							-21	100	-100																																											2025-11-30	and8	https://and8.dance/en/stats/reports/5294/3817/?data=1&x=135&y=540&w=1225&type=r
Street Disciples	1vs1 Breaking Beginner (age 10-13) Top 16 KnockOut	Funkyzo	Zackyboy	Funkyzo	1	3	1	0	3	0	Mass	Soulstep	Laos							-27	-94	-100																																											2025-11-30	and8	https://and8.dance/en/stats/reports/5294/3817/?data=1&x=135&y=405&w=1225&type=r
Street Disciples	1vs1 Breaking Beginner (age 10-13) Top 16 KnockOut	Knuckle	Bgirl Kalamity	Knuckle	1	3	1	0	2	1	Mass	Soulstep	Laos							-47	-100	100																																											2025-11-30	and8	https://and8.dance/en/stats/reports/5294/3817/?data=1&x=135&y=270&w=1225&type=r
Street Disciples	1vs1 Breaking Beginner (age 10-13) Top 16 KnockOut	Elite	D’erax	Elite	1	3	1	0	3	0	Mass	Soulstep	Laos							-100	-100	-100																																											2025-11-30	and8	https://and8.dance/en/stats/reports/5294/3817/?data=1&x=135&y=135&w=1225&type=r
Street Disciples	1vs1 Breaking Advanced (age 10-13) Top 16 KnockOut	FIERCE	Chakal	FIERCE	2	3	2	0	4	2	Mass	Soulstep	Laos							-25	100	-100							33	-100	-100																																		2025-11-30	and8	https://and8.dance/en/stats/reports/5294/3818/?data=1&x=745&y=360&w=1225&type=r
Street Disciples	1vs1 Breaking Advanced (age 10-13) Top 16 KnockOut	B-Lion	Dragon Uzi	B-Lion	2	3	2	0	5	1	Mass	Soulstep	Laos							-90	-100	-100							20	-100	-100																																		2025-11-30	and8	https://and8.dance/en/stats/reports/5294/3818/?data=1&x=480&y=360&w=1225&type=r
Street Disciples	1vs1 Breaking Advanced (age 10-13) Top 16 KnockOut	Chakal	B-Lo	Chakal	1	3	1	0	3	0	Mass	Soulstep	Laos							-100	-100	-100																																											2025-11-30	and8	https://and8.dance/en/stats/reports/5294/3818/?data=1&x=785&y=495&w=1225&type=r
Street Disciples	1vs1 Breaking Advanced (age 10-13) Top 16 KnockOut	FIERCE	Ricky-M	FIERCE	1	3	1	0	3	0	Mass	Soulstep	Laos							-73	-100	-100																																											2025-11-30	and8	https://and8.dance/en/stats/reports/5294/3818/?data=1&x=785&y=225&w=1225&type=r
Street Disciples	1vs1 Breaking Advanced (age 10-13) Top 16 KnockOut	Dragon Uzi	Sammy Boy	Dragon Uzi	1	3	1	0	3	0	Mass	Soulstep	Laos							-39	-100	-100																																											2025-11-30	and8	https://and8.dance/en/stats/reports/5294/3818/?data=1&x=440&y=495&w=1225&type=r
Street Disciples	1vs1 Breaking Advanced (age 10-13) Top 16 KnockOut	Flashback	B-Lion	B-Lion	1	3	0	1	0	3	Mass	Soulstep	Laos							11	100	100																																											2025-11-30	and8	https://and8.dance/en/stats/reports/5294/3818/?data=1&x=440&y=225&w=1225&type=r
Street Disciples	1vs1 Breaking Advanced (age 10-13) Top 16 KnockOut	White Walker	B-Lo	B-Lo	1	3	0	1	1	2	Mass	Soulstep	Laos							72	100	-100																																											2025-11-30	and8	https://and8.dance/en/stats/reports/5294/3818/?data=1&x=1085&y=540&w=1225&type=r
Street Disciples	1vs1 Breaking Advanced (age 10-13) Top 16 KnockOut	Chakal	Paul’Pire	Chakal	1	3	1	0	3	0	Mass	Soulstep	Laos							-100	-100	-100																																											2025-11-30	and8	https://and8.dance/en/stats/reports/5294/3818/?data=1&x=1085&y=405&w=1225&type=r
Street Disciples	1vs1 Breaking Advanced (age 10-13) Top 16 KnockOut	Ricky-M	Bboy Vic	Ricky-M	1	3	1	0	2	1	Mass	Soulstep	Laos							-72	100	-100																																											2025-11-30	and8	https://and8.dance/en/stats/reports/5294/3818/?data=1&x=1085&y=270&w=1225&type=r
Street Disciples	1vs1 Breaking Advanced (age 10-13) Top 16 KnockOut	Bboy Romenz	FIERCE	FIERCE	1	3	0	1	0	3	Mass	Soulstep	Laos							100	100	100																																											2025-11-30	and8	https://and8.dance/en/stats/reports/5294/3818/?data=1&x=1085&y=135&w=1225&type=r
Street Disciples	1vs1 Breaking Advanced (age 10-13) Top 16 KnockOut	B-Boy Chrissto	Sammy Boy	Sammy Boy	1	3	0	1	0	3	Mass	Soulstep	Laos							34	100	100																																											2025-11-30	and8	https://and8.dance/en/stats/reports/5294/3818/?data=1&x=135&y=540&w=1225&type=r
Street Disciples	1vs1 Breaking Advanced (age 10-13) Top 16 KnockOut	Hard-B	Dragon Uzi	Dragon Uzi	1	3	0	1	1	2	Mass	Soulstep	Laos							-13	100	100																																											2025-11-30	and8	https://and8.dance/en/stats/reports/5294/3818/?data=1&x=135&y=405&w=1225&type=r
Street Disciples	1vs1 Breaking Advanced (age 10-13) Top 16 KnockOut	Raul	B-Lion	B-Lion	1	3	0	1	0	3	Mass	Soulstep	Laos							100	100	100																																											2025-11-30	and8	https://and8.dance/en/stats/reports/5294/3818/?data=1&x=135&y=270&w=1225&type=r
Street Disciples	1vs1 Breaking Advanced (age 10-13) Top 16 KnockOut	Bootbro	Flashback	Flashback	1	3	0	1	0	3	Mass	Soulstep	Laos							100	100	100																																											2025-11-30	and8	https://and8.dance/en/stats/reports/5294/3818/?data=1&x=135&y=135&w=1225&type=r
Street Disciples	1vs1 Breaking Advanced (age 14-17) Top 16 KnockOut	Bboy Jules	Ninjah	Ninjah	1	3	0	1	0	3	Mass	Soulstep	Laos							64	100	100																																											2025-11-30	and8	https://and8.dance/en/stats/reports/5294/3819/?data=1&x=1085&y=540&w=1225&type=r
Street Disciples	1vs1 Breaking Advanced (age 14-17) Top 16 KnockOut	Mak vally	ACE	ACE	1	3	0	1	0	3	Mass	Soulstep	Laos							77	100	100																																											2025-11-30	and8	https://and8.dance/en/stats/reports/5294/3819/?data=1&x=1085&y=405&w=1225&type=r
Street Disciples	1vs1 Breaking Advanced (age 14-17) Top 16 KnockOut	FunkyJay	Philoops	Philoops	1	3	0	1	1	2	Mass	Soulstep	Laos							50	-100	100																																											2025-11-30	and8	https://and8.dance/en/stats/reports/5294/3819/?data=1&x=1085&y=270&w=1225&type=r
Street Disciples	1vs1 Breaking Advanced (age 14-17) Top 16 KnockOut	Mathioso	Slim	Slim	1	3	0	1	0	3	Mass	Soulstep	Laos							93	100	100																																											2025-11-30	and8	https://and8.dance/en/stats/reports/5294/3819/?data=1&x=1085&y=135&w=1225&type=r
Street Disciples	1vs1 Breaking Advanced (age 14-17) Top 16 KnockOut	Tag	Vinc	Vinc	1	3	0	1	0	3	Mass	Soulstep	Laos							82	100	100																																											2025-11-30	and8	https://and8.dance/en/stats/reports/5294/3819/?data=1&x=135&y=540&w=1225&type=r
Street Disciples	1vs1 Breaking Advanced (age 14-17) Top 16 KnockOut	Kyrant	Bboy Sparrow	Bboy Sparrow	1	3	0	1	0	3	Mass	Soulstep	Laos							84	100	100																																											2025-11-30	and8	https://and8.dance/en/stats/reports/5294/3819/?data=1&x=135&y=405&w=1225&type=r
Street Disciples	1vs1 Breaking Advanced (age 14-17) Top 16 KnockOut	Spinner	ChewyB	Spinner	1	3	1	0	3	0	Mass	Soulstep	Laos							-35	-100	-100																																											2025-11-30	and8	https://and8.dance/en/stats/reports/5294/3819/?data=1&x=135&y=270&w=1225&type=r
Street Disciples	1vs1 Breaking Advanced (age 14-17) Top 16 KnockOut	Bboy Nightmare	FlowCAM	Bboy Nightmare	1	3	1	0	3	0	Mass	Soulstep	Laos							-16	-100	-100																																											2025-11-30	and8	https://and8.dance/en/stats/reports/5294/3819/?data=1&x=135&y=135&w=1225&type=r
Battle BBoy & BGirl France 2025	1vs1 Juniors - QUALIFIER Top 4 KnockOut	KIKKO	COCO	COCO	1	5	0	1	0	5	Dom-K	Babyson	RoxRite	San Andrea	Phil Wizard					51	19	12	11	43																																									2025-12-13	and8	https://and8.dance/en/stats/reports/5351/3909/?data=1&x=590&y=490&w=1225&type=r
Battle BBoy & BGirl France 2025	1vs1 Juniors - QUALIFIER Top 4 KnockOut	TAKI	PAUL	TAKI	1	5	1	0	5	0	Dom-K	Babyson	RoxRite	San Andrea	Phil Wizard					-57	-23	-17	-30	-56																																									2025-12-13	and8	https://and8.dance/en/stats/reports/5351/3909/?data=1&x=590&y=300&w=1225&type=r
Battle BBoy & BGirl France 2025	1vs1 BGirls - QUALIFIER Top 4 KnockOut	LU'	LILI	LILI	1	5	0	1	0	5	Dom-K	Babyson	RoxRite	San Andrea	Phil Wizard					60	31	8	12	35																																									2025-12-13	and8	https://and8.dance/en/stats/reports/5351/3911/?data=1&x=980&y=400&w=1225&type=r
Battle BBoy & BGirl France 2025	1vs1 BGirls - QUALIFIER Top 4 KnockOut	ANGELIQUE	LILI	LILI	1	5	0	1	1	4	Dom-K	Babyson	RoxRite	San Andrea	Phil Wizard					-52	13	5	11	37																																									2025-12-13	and8	https://and8.dance/en/stats/reports/5351/3911/?data=1&x=590&y=490&w=1225&type=r
Battle BBoy & BGirl France 2025	1vs1 BGirls - QUALIFIER Top 4 KnockOut	ROKSY	LU'	LU'	1	5	0	1	2	3	Dom-K	Babyson	RoxRite	San Andrea	Phil Wizard					-62	10	5	-12	6																																									2025-12-13	and8	https://and8.dance/en/stats/reports/5351/3911/?data=1&x=590&y=300&w=1225&type=r
Battle BBoy & BGirl France 2025	1vs1 BBoys (Top16) Top 16 KnockOut	Lucky	Ramy	Lucky	3	5	2	1	8	7	Dom-K	Babyson	RoxRite	San Andrea	Phil Wizard					-54	13	-15	-18	7					-66	11	-5	12	-6					-71	-15	9	12	4																							2025-12-13	and8	https://and8.dance/en/stats/reports/5351/3913/?data=1&x=615&y=615&w=1225&type=r
Battle BBoy & BGirl France 2025	1vs1 BBoys (Top16) Top 16 KnockOut	Ceebri	Ramy	Ramy	3	5	1	2	7	8	Dom-K	Babyson	RoxRite	San Andrea	Phil Wizard					-66	-19	3	8	-7					63	20	-3	-12	27					-48	11	-8	6	2																							2025-12-13	and8	https://and8.dance/en/stats/reports/5351/3913/?data=1&x=745&y=360&w=1225&type=r
Battle BBoy & BGirl France 2025	1vs1 BBoys (Top16) Top 16 KnockOut	Lucky	Deelan	Lucky	2	5	2	0	8	2	Dom-K	Babyson	RoxRite	San Andrea	Phil Wizard					-71	-15	-9	9	-51					-65	-18	-3	8	-9																																2025-12-13	and8	https://and8.dance/en/stats/reports/5351/3913/?data=1&x=480&y=360&w=1225&type=r
Battle BBoy & BGirl France 2025	1vs1 BBoys (Top16) Top 16 KnockOut	Ramy	Tom	Ramy	2	5	2	0	10	0	Dom-K	Babyson	RoxRite	San Andrea	Phil Wizard					-56	-22	-11	-28	-12					-66	-20	-12	-33	-25																																2025-12-13	and8	https://and8.dance/en/stats/reports/5351/3913/?data=1&x=785&y=495&w=1225&type=r
Battle BBoy & BGirl France 2025	1vs1 BBoys (Top16) Top 16 KnockOut	Ceebri	Remy	Ceebri	2	5	2	0	10	0	Dom-K	Babyson	RoxRite	San Andrea	Phil Wizard					-60	-18	-11	-32	-9					-52	-19	-13	-14	-20																																2025-12-13	and8	https://and8.dance/en/stats/reports/5351/3913/?data=1&x=785&y=225&w=1225&type=r
Battle BBoy & BGirl France 2025	1vs1 BBoys (Top16) Top 16 KnockOut	Deelan	Enzobloo	Deelan	2	5	2	0	10	0	Dom-K	Babyson	RoxRite	San Andrea	Phil Wizard					-55	-14	-5	-52	-18					-56	-15	-7	-53	-26																																2025-12-13	and8	https://and8.dance/en/stats/reports/5351/3913/?data=1&x=440&y=495&w=1225&type=r
Battle BBoy & BGirl France 2025	1vs1 BBoys (Top16) Top 16 KnockOut	Lucky	Louis	Lucky	2	5	2	0	10	0	Dom-K	Babyson	RoxRite	San Andrea	Phil Wizard					-63	-18	-14	-20	-24					-58	-16	-5	-24	-24																																2025-12-13	and8	https://and8.dance/en/stats/reports/5351/3913/?data=1&x=440&y=225&w=1225&type=r
Battle BBoy & BGirl France 2025	1vs1 BBoys (Top16) Top 16 KnockOut	Tom	Steel Tom	Tom	3	5	2	1	8	7	Dom-K	Babyson	RoxRite	San Andrea	Phil Wizard					73	16	11	25	8					-55	-7	2	12	-20					-50	-12	-4	-16	-16																							2025-12-13	and8	https://and8.dance/en/stats/reports/5351/3913/?data=1&x=1085&y=540&w=1225&type=r
Battle BBoy & BGirl France 2025	1vs1 BBoys (Top16) Top 16 KnockOut	Ramy	Mathis	Ramy	2	5	2	0	8	2	Dom-K	Babyson	RoxRite	San Andrea	Phil Wizard					-49	-21	-4	13	-9					-56	-18	5	-11	-13																																2025-12-13	and8	https://and8.dance/en/stats/reports/5351/3913/?data=1&x=1085&y=405&w=1225&type=r
Battle BBoy & BGirl France 2025	1vs1 BBoys (Top16) Top 16 KnockOut	Ankiff	Remy	Remy	2	5	0	2	1	9	Dom-K	Babyson	RoxRite	San Andrea	Phil Wizard					61	4	10	-9	5					61	12	15	36	14																																2025-12-13	and8	https://and8.dance/en/stats/reports/5351/3913/?data=1&x=1085&y=270&w=1225&type=r
Battle BBoy & BGirl France 2025	1vs1 BBoys (Top16) Top 16 KnockOut	Ceebri	Arsène	Ceebri	2	5	2	0	10	0	Dom-K	Babyson	RoxRite	San Andrea	Phil Wizard					-57	-21	-7	-11	-24					-61	-22	-9	-43	-8																																2025-12-13	and8	https://and8.dance/en/stats/reports/5351/3913/?data=1&x=1085&y=135&w=1225&type=r
Battle BBoy & BGirl France 2025	1vs1 BBoys (Top16) Top 16 KnockOut	Goten	Enzobloo	Enzobloo	2	5	0	2	3	7	Dom-K	Babyson	RoxRite	San Andrea	Phil Wizard					56	-22	10	9	4					58	8	2	-16	-16																																2025-12-13	and8	https://and8.dance/en/stats/reports/5351/3913/?data=1&x=135&y=540&w=1225&type=r
Battle BBoy & BGirl France 2025	1vs1 BBoys (Top16) Top 16 KnockOut	Deelan	Lil Sam	Deelan	2	5	2	0	9	1	Dom-K	Babyson	RoxRite	San Andrea	Phil Wizard					-56	-21	-6	-9	29					-49	-7	-6	-8	-23																																2025-12-13	and8	https://and8.dance/en/stats/reports/5351/3913/?data=1&x=135&y=405&w=1225&type=r
Battle BBoy & BGirl France 2025	1vs1 BBoys (Top16) Top 16 KnockOut	Louis	Bastos	Louis	2	5	2	0	9	1	Dom-K	Babyson	RoxRite	San Andrea	Phil Wizard					-70	-11	-100	-31	-5					-37	16	-6	-23	-8																																2025-12-13	and8	https://and8.dance/en/stats/reports/5351/3913/?data=1&x=135&y=270&w=1225&type=r
Battle BBoy & BGirl France 2025	1vs1 BBoys (Top16) Top 16 KnockOut	Lucky	Jude	Lucky	2	5	2	0	10	0	Dom-K	Babyson	RoxRite	San Andrea	Phil Wizard					-49	-30	-9	-16	-21					-52	-23	-2	-42	-12																																2025-12-13	and8	https://and8.dance/en/stats/reports/5351/3913/?data=1&x=135&y=135&w=1225&type=r
Battle BBoy & BGirl France 2025	1vs1 BGirls (Top 8) Top 8 KnockOut	Ninah	Loul's	Loul's	3	5	0	3	1	14	Dom-K	Babyson	RoxRite	San Andrea	Phil Wizard					55	19	12	-14	20					62	24	5	9	6					62	20	5	12	6																							2025-12-13	and8	https://and8.dance/en/stats/reports/5351/3914/?data=1&x=615&y=615&w=1225&type=r
Battle BBoy & BGirl France 2025	1vs1 BGirls (Top 8) Top 8 KnockOut	Loul's	Pita	Loul's	2	5	2	0	9	1	Dom-K	Babyson	RoxRite	San Andrea	Phil Wizard					42	-19	-7	-11	-4					-61	-19	-6	-44	-14																																2025-12-13	and8	https://and8.dance/en/stats/reports/5351/3914/?data=1&x=760&y=360&w=1225&type=r
Battle BBoy & BGirl France 2025	1vs1 BGirls (Top 8) Top 8 KnockOut	Clea	Ninah	Ninah	2	5	0	2	1	9	Dom-K	Babyson	RoxRite	San Andrea	Phil Wizard					48	6	8	-10	1					60	9	6	28	12																																2025-12-13	and8	https://and8.dance/en/stats/reports/5351/3914/?data=1&x=465&y=360&w=1225&type=r
Battle BBoy & BGirl France 2025	1vs1 BGirls (Top 8) Top 8 KnockOut	Mathilde	Pita	Pita	2	5	0	2	1	9	Dom-K	Babyson	RoxRite	San Andrea	Phil Wizard					78	6	8	-11	12					68	14	6	15	5																																2025-12-13	and8	https://and8.dance/en/stats/reports/5351/3914/?data=1&x=980&y=430&w=1225&type=r
Battle BBoy & BGirl France 2025	1vs1 BGirls (Top 8) Top 8 KnockOut	Loul's	Lili	Loul's	2	5	2	0	10	0	Dom-K	Babyson	RoxRite	San Andrea	Phil Wizard					-66	-18	-9	-17	-8					-61	-17	-11	-11	-7																																2025-12-13	and8	https://and8.dance/en/stats/reports/5351/3914/?data=1&x=980&y=160&w=1225&type=r
Battle BBoy & BGirl France 2025	1vs1 BGirls (Top 8) Top 8 KnockOut	Timouna	Ninah	Ninah	3	5	1	2	7	8	Dom-K	Babyson	RoxRite	San Andrea	Phil Wizard					55	-15	-7	-13	-5					52	8	6	-17	-8					58	14	-1	9	5																							2025-12-13	and8	https://and8.dance/en/stats/reports/5351/3914/?data=1&x=245&y=430&w=1225&type=r
Battle BBoy & BGirl France 2025	1vs1 BGirls (Top 8) Top 8 KnockOut	Lorelie	Clea	Clea	2	5	0	2	1	9	Dom-K	Babyson	RoxRite	San Andrea	Phil Wizard					55	16	5	10	-9					61	11	7	30	20																																2025-12-13	and8	https://and8.dance/en/stats/reports/5351/3914/?data=1&x=245&y=160&w=1225&type=r
Battle BBoy & BGirl France 2025	1vs1 Juniors (Top 8) Top 8 KnockOut	Bilel	El Phenomeno	Bilel	3	5	3	0	12	3	Dom-K	Babyson	RoxRite	San Andrea	Phil Wizard					-69	-15	-7	18	8					-42	-16	-12	-10	-4					-55	-11	-17	7	-11																							2025-12-13	and8	https://and8.dance/en/stats/reports/5351/3915/?data=1&x=615&y=615&w=1225&type=r
Battle BBoy & BGirl France 2025	1vs1 Juniors (Top 8) Top 8 KnockOut	Jiin	El Phenomeno	El Phenomeno	2	5	0	2	2	8	Dom-K	Babyson	RoxRite	San Andrea	Phil Wizard					70	21	-100	39	24					52	14	11	14	-11																																2025-12-13	and8	https://and8.dance/en/stats/reports/5351/3915/?data=1&x=760&y=360&w=1225&type=r
Battle BBoy & BGirl France 2025	1vs1 Juniors (Top 8) Top 8 KnockOut	Dario	Bilel	Bilel	2	5	0	2	1	9	Dom-K	Babyson	RoxRite	San Andrea	Phil Wizard					60	26	7	49	26					48	20	-8	46	31																																2025-12-13	and8	https://and8.dance/en/stats/reports/5351/3915/?data=1&x=465&y=360&w=1225&type=r
Battle BBoy & BGirl France 2025	1vs1 Juniors (Top 8) Top 8 KnockOut	El Phenomeno	Coco	El Phenomeno	3	5	2	1	9	6	Dom-K	Babyson	RoxRite	San Andrea	Phil Wizard					-53	15	8	-10	-19					-60	13	4	-11	4					-58	-18	-6	-16	6																							2025-12-13	and8	https://and8.dance/en/stats/reports/5351/3915/?data=1&x=980&y=430&w=1225&type=r
Battle BBoy & BGirl France 2025	1vs1 Juniors (Top 8) Top 8 KnockOut	Jiin	Driss	Jiin	3	5	2	1	11	4	Dom-K	Babyson	RoxRite	San Andrea	Phil Wizard					-33	15	-8	-13	-5					37	4	-1	-15	11					-45	-19	-8	-9	-8																							2025-12-13	and8	https://and8.dance/en/stats/reports/5351/3915/?data=1&x=980&y=160&w=1225&type=r
Battle BBoy & BGirl France 2025	1vs1 Juniors (Top 8) Top 8 KnockOut	Ruben	Bilel	Bilel	2	5	0	2	2	8	Dom-K	Babyson	RoxRite	San Andrea	Phil Wizard					54	19	14	-12	12					64	16	16	-18	9																																2025-12-13	and8	https://and8.dance/en/stats/reports/5351/3915/?data=1&x=245&y=430&w=1225&type=r
Battle BBoy & BGirl France 2025	1vs1 Juniors (Top 8) Top 8 KnockOut	Taki	Dario	Dario	2	5	0	2	0	10	Dom-K	Babyson	RoxRite	San Andrea	Phil Wizard					62	15	10	9	7					47	15	11	13	5																																2025-12-13	and8	https://and8.dance/en/stats/reports/5351/3915/?data=1&x=245&y=160&w=1225&type=r
The World Battle Fukuoka - Kurume City - Japan	1vs1 Kids (6-12) Top 4 KnockOut	KJ-one	Angela	KJ-one	3	3	2	1	6	3	Roberto	Toshiki	Shonosuke							15	18	-98							33	-12	-100							-22	-9	-100																									2025-12-14	and8	https://and8.dance/en/stats/reports/5248/3746/?data=1&x=980&y=400&w=1225&type=r
The World Battle Fukuoka - Kurume City - Japan	1vs1 Kids (6-12) Top 4 KnockOut	Shuji	Angela	Angela	3	3	1	2	3	6	Roberto	Toshiki	Shonosuke							13	-35	93							-11	-21	100							74	36	100																									2025-12-14	and8	https://and8.dance/en/stats/reports/5248/3746/?data=1&x=590&y=490&w=1225&type=r
The World Battle Fukuoka - Kurume City - Japan	1vs1 Kids (6-12) Top 4 KnockOut	Ryugo	KJ-one	KJ-one	2	3	0	2	0	6	Roberto	Toshiki	Shonosuke							59	90	90							19	37	97																																		2025-12-14	and8	https://and8.dance/en/stats/reports/5248/3746/?data=1&x=590&y=300&w=1225&type=r
The World Battle Fukuoka - Kurume City - Japan	1vs1 Kids (13-15) Top 4 KnockOut	Saturn	rei	Saturn	3	3	3	0	7	2	Roberto	Shonosuke	Toshiki							18	-89	-8							-14	-89	-7							16	-95	-15																									2025-12-14	and8	https://and8.dance/en/stats/reports/5248/3747/?data=1&x=980&y=400&w=1225&type=r
The World Battle Fukuoka - Kurume City - Japan	1vs1 Kids (13-15) Top 4 KnockOut	rei	WATO	rei	3	3	2	1	4	5	Roberto	Shonosuke	Toshiki							-13	100	-16							37	89	21							-18	64	-12																									2025-12-14	and8	https://and8.dance/en/stats/reports/5248/3747/?data=1&x=590&y=490&w=1225&type=r
The World Battle Fukuoka - Kurume City - Japan	1vs1 Kids (13-15) Top 4 KnockOut	Saturn	Akemi	Saturn	3	3	2	1	5	4	Roberto	Shonosuke	Toshiki							24	98	-27							-26	100	-20							-49	99	-17																									2025-12-14	and8	https://and8.dance/en/stats/reports/5248/3747/?data=1&x=590&y=300&w=1225&type=r
The World Battle Fukuoka - Kurume City - Japan	Breaking Solo Top 4 KnockOut	Pluto	Qiru	Pluto	3	3	2	1	5	4	Ramona	Perninha	Shuvan							-10	7	-100							-7	-19	100							-7	11	100																									2025-12-14	and8	https://and8.dance/en/stats/reports/5248/3848/?data=1&x=980&y=400&w=1225&type=r
The World Battle Fukuoka - Kurume City - Japan	Breaking Solo Top 4 KnockOut	Qiru	Poter	Qiru	2	3	2	0	4	2	Ramona	Perninha	Shuvan							5	-16	-100							-16	-12	100																																		2025-12-14	and8	https://and8.dance/en/stats/reports/5248/3848/?data=1&x=590&y=490&w=1225&type=r
The World Battle Fukuoka - Kurume City - Japan	Breaking Solo Top 4 KnockOut	Pluto	blaze	Pluto	2	3	2	0	4	2	Ramona	Perninha	Shuvan							3	-15	-100							-10	-15	100																																		2025-12-14	and8	https://and8.dance/en/stats/reports/5248/3848/?data=1&x=590&y=300&w=1225&type=r
The World Battle Fukuoka - Kurume City - Japan	1vs1 Breaking Gala Top 8 KnockOut	Tsukki	Jeffro	Jeffro	3	5	1	2	4	11	Ami	Poe One	Lagaet	Dias	Bojin					-12	-8	8	6	-11					32	38	10	17	20					-15	7	9	19	18																							2025-12-14	and8	https://and8.dance/en/stats/reports/5248/3939/?data=1&x=615&y=615&w=1225&type=r
The World Battle Fukuoka - Kurume City - Japan	1vs1 Breaking Gala Top 8 KnockOut	Jeffro	Marlone	Jeffro	2	5	2	0	9	1	Ami	Poe One	Lagaet	Dias	Bojin					-38	-21	-29	-3	-17					-14	-7	-12	-5	17																																2025-12-14	and8	https://and8.dance/en/stats/reports/5248/3939/?data=1&x=760&y=360&w=1225&type=r
The World Battle Fukuoka - Kurume City - Japan	1vs1 Breaking Gala Top 8 KnockOut	Djibril	Tsukki	Tsukki	2	5	0	2	3	7	Ami	Poe One	Lagaet	Dias	Bojin					14	33	9	-13	20					13	41	7	-13	-12																																2025-12-14	and8	https://and8.dance/en/stats/reports/5248/3939/?data=1&x=465&y=360&w=1225&type=r
The World Battle Fukuoka - Kurume City - Japan	1vs1 Breaking Gala Top 8 KnockOut	Found Kid	Marlone	Marlone	2	5	0	2	2	8	Ami	Poe One	Lagaet	Dias	Bojin					11	18	17	11	29					15	14	-6	-21	16																																2025-12-14	and8	https://and8.dance/en/stats/reports/5248/3939/?data=1&x=980&y=430&w=1225&type=r
The World Battle Fukuoka - Kurume City - Japan	1vs1 Breaking Gala Top 8 KnockOut	Jeffro	Royal	Jeffro	2	5	2	0	6	4	Ami	Poe One	Lagaet	Dias	Bojin					-21	17	-9	17	-20					-19	-26	12	-55	23																																2025-12-14	and8	https://and8.dance/en/stats/reports/5248/3939/?data=1&x=980&y=160&w=1225&type=r
The World Battle Fukuoka - Kurume City - Japan	1vs1 Breaking Gala Top 8 KnockOut	Riko	Tsukki	Tsukki	3	5	1	2	5	10	Ami	Poe One	Lagaet	Dias	Bojin					25	9	7	-15	24					-13	25	-5	-7	-14					56	25	13	15	32																							2025-12-14	and8	https://and8.dance/en/stats/reports/5248/3939/?data=1&x=245&y=430&w=1225&type=r
The World Battle Fukuoka - Kurume City - Japan	1vs1 Breaking Gala Top 8 KnockOut	Djibril	Benmx	Djibril	2	5	2	0	10	0	Ami	Poe One	Lagaet	Dias	Bojin					-19	-25	-13	-100	-27					-28	-13	-23	-100	-42																																2025-12-14	and8	https://and8.dance/en/stats/reports/5248/3939/?data=1&x=245&y=160&w=1225&type=r
NBB – National Breaking Battle 2025 (El Salvador)	1vs1 Kids Top 8 KnockOut	CONEJO BLANCO	EITHAN	EITHAN	3	5	0	3	6	9	Ztimpy	Moon	Pipe	Samurai	Talbott					5	-6	1	-3	6					8	-7	2	-1	7					10	7	-1	-1	7																							2025-12-27	and8	https://and8.dance/en/stats/reports/5366/3985/?data=1&x=615&y=465&w=1225&type=r
NBB – National Breaking Battle 2025 (El Salvador)	1vs1 Kids Top 8 KnockOut	EITHAN	ARDILLITA	ARDILLITA	2	5	0	2	0	10	Ztimpy	Moon	Pipe	Samurai	Talbott					9	12	3	5	5					5	11	3	4	5																																2025-12-27	and8	https://and8.dance/en/stats/reports/5366/3985/?data=1&x=760&y=360&w=1225&type=r
NBB – National Breaking Battle 2025 (El Salvador)	1vs1 Kids Top 8 KnockOut	BUNNY GIRL	CONEJO BLANCO	BUNNY GIRL	2	5	2	0	7	3	Ztimpy	Moon	Pipe	Samurai	Talbott					5	8	-2	-1	-6					3	-7	-2	-4	-3																																2025-12-27	and8	https://and8.dance/en/stats/reports/5366/3985/?data=1&x=465&y=360&w=1225&type=r
NBB – National Breaking Battle 2025 (El Salvador)	1vs1 Kids Top 8 KnockOut	ALEXIS	ARDILLITA	ARDILLITA	2	5	0	2	0	10	Ztimpy	Moon	Pipe	Samurai	Talbott					10	14	5	5	8					5	8	1	6	6																																2025-12-27	and8	https://and8.dance/en/stats/reports/5366/3985/?data=1&x=980&y=430&w=1225&type=r
NBB – National Breaking Battle 2025 (El Salvador)	1vs1 Kids Top 8 KnockOut	SARITA	EITHAN	EITHAN	2	5	0	2	0	10	Ztimpy	Moon	Pipe	Samurai	Talbott					5	7	2	4	5					4	8	2	4	3																																2025-12-27	and8	https://and8.dance/en/stats/reports/5366/3985/?data=1&x=980&y=160&w=1225&type=r
NBB – National Breaking Battle 2025 (El Salvador)	1vs1 Kids Top 8 KnockOut	SNAKE	CONEJO BLANCO	CONEJO BLANCO	2	5	0	2	1	9	Ztimpy	Moon	Pipe	Samurai	Talbott					10	10	3	-1	5					6	11	4	5	5																																2025-12-27	and8	https://and8.dance/en/stats/reports/5366/3985/?data=1&x=245&y=430&w=1225&type=r
NBB – National Breaking Battle 2025 (El Salvador)	1vs1 Kids Top 8 KnockOut	GABRIEL	BUNNY GIRL	BUNNY GIRL	2	5	0	2	0	10	Ztimpy	Moon	Pipe	Samurai	Talbott					9	9	3	5	4					8	10	4	6	6																																2025-12-27	and8	https://and8.dance/en/stats/reports/5366/3985/?data=1&x=245&y=160&w=1225&type=r
NBB – National Breaking Battle 2025 (El Salvador)	1vs1 B-Boys Top 16 KnockOut	STARLYN	FROG	FROG	3	5	1	2	6	9	Ztimpy	Moon	Pipe	Samurai	Talbott					-11	9	1	2	6					-8	-10	2	-3	6					6	-8	-1	4	3																							2025-12-27	and8	https://and8.dance/en/stats/reports/5366/3986/?data=1&x=615&y=525&w=1225&type=r
NBB – National Breaking Battle 2025 (El Salvador)	1vs1 B-Boys Top 16 KnockOut	FROG	BULLUCK	BULLUCK	2	5	0	2	4	6	Ztimpy	Moon	Pipe	Samurai	Talbott					6	9	-1	3	-6					5	-8	1	3	-5																																2025-12-27	and8	https://and8.dance/en/stats/reports/5366/3986/?data=1&x=745&y=360&w=1225&type=r
NBB – National Breaking Battle 2025 (El Salvador)	1vs1 B-Boys Top 16 KnockOut	STARLYN	EDISON	EDISON	3	5	1	2	6	9	Ztimpy	Moon	Pipe	Samurai	Talbott					-13	5	2	-3	-5					-9	6	2	1	7					-6	-4	1	1	4																							2025-12-27	and8	https://and8.dance/en/stats/reports/5366/3986/?data=1&x=480&y=360&w=1225&type=r
NBB – National Breaking Battle 2025 (El Salvador)	1vs1 B-Boys Top 16 KnockOut	ARES	BULLUCK	BULLUCK	2	5	0	2	3	7	Ztimpy	Moon	Pipe	Samurai	Talbott					-8	12	1	3	-5					17	9	-2	3	5																																2025-12-27	and8	https://and8.dance/en/stats/reports/5366/3986/?data=1&x=785&y=495&w=1225&type=r
NBB – National Breaking Battle 2025 (El Salvador)	1vs1 B-Boys Top 16 KnockOut	FROG	XOLET	FROG	2	5	2	0	7	3	Ztimpy	Moon	Pipe	Samurai	Talbott					-10	-10	-2	5	4					-8	-13	-2	2	-4																																2025-12-27	and8	https://and8.dance/en/stats/reports/5366/3986/?data=1&x=785&y=225&w=1225&type=r
NBB – National Breaking Battle 2025 (El Salvador)	1vs1 B-Boys Top 16 KnockOut	EDISON	KELNICE	EDISON	2	5	2	0	8	2	Ztimpy	Moon	Pipe	Samurai	Talbott					-7	-9	-1	-1	-4					-9	8	-1	4	-3																																2025-12-27	and8	https://and8.dance/en/stats/reports/5366/3986/?data=1&x=440&y=495&w=1225&type=r
NBB – National Breaking Battle 2025 (El Salvador)	1vs1 B-Boys Top 16 KnockOut	STARLYN	PRISION	STARLYN	2	5	2	0	8	2	Ztimpy	Moon	Pipe	Samurai	Talbott					-10	-9	1	1	-5					-11	-9	-3	-5	-4																																2025-12-27	and8	https://and8.dance/en/stats/reports/5366/3986/?data=1&x=440&y=225&w=1225&type=r
NBB – National Breaking Battle 2025 (El Salvador)	1vs1 B-Boys Top 16 KnockOut	CYBORGS	BULLUCK	BULLUCK	2	5	0	2	0	10	Ztimpy	Moon	Pipe	Samurai	Talbott					12	12	3	5	6					8	10	4	5	4																																2025-12-27	and8	https://and8.dance/en/stats/reports/5366/3986/?data=1&x=1085&y=540&w=1225&type=r
NBB – National Breaking Battle 2025 (El Salvador)	1vs1 B-Boys Top 16 KnockOut	SPINA FLOW	ARES	ARES	2	5	0	2	2	8	Ztimpy	Moon	Pipe	Samurai	Talbott					8	15	-1	5	-3					7	16	3	4	7																																2025-12-27	and8	https://and8.dance/en/stats/reports/5366/3986/?data=1&x=1085&y=405&w=1225&type=r
NBB – National Breaking Battle 2025 (El Salvador)	1vs1 B-Boys Top 16 KnockOut	MOSH	XOLET	XOLET	2	5	0	2	1	9	Ztimpy	Moon	Pipe	Samurai	Talbott					11	12	-2	4	4					8	15	1	4	4																																2025-12-27	and8	https://and8.dance/en/stats/reports/5366/3986/?data=1&x=1085&y=270&w=1225&type=r
NBB – National Breaking Battle 2025 (El Salvador)	1vs1 B-Boys Top 16 KnockOut	FROG	ENOC	FROG	2	5	2	0	8	2	Ztimpy	Moon	Pipe	Samurai	Talbott					-11	-14	-2	3	-6					-12	-8	-1	3	-5																																2025-12-27	and8	https://and8.dance/en/stats/reports/5366/3986/?data=1&x=1085&y=135&w=1225&type=r
NBB – National Breaking Battle 2025 (El Salvador)	1vs1 B-Boys Top 16 KnockOut	KELNICE	EDU	KELNICE	3	5	2	1	10	5	Ztimpy	Moon	Pipe	Samurai	Talbott					9	-11	-3	5	6					6	-13	-1	-4	-3					10	-11	-1	-3	-5																							2025-12-27	and8	https://and8.dance/en/stats/reports/5366/3986/?data=1&x=135&y=540&w=1225&type=r
NBB – National Breaking Battle 2025 (El Salvador)	1vs1 B-Boys Top 16 KnockOut	TATER	EDISON	EDISON	2	5	0	2	0	10	Ztimpy	Moon	Pipe	Samurai	Talbott					11	9	3	2	8					10	7	4	1	8																																2025-12-27	and8	https://and8.dance/en/stats/reports/5366/3986/?data=1&x=135&y=405&w=1225&type=r
NBB – National Breaking Battle 2025 (El Salvador)	1vs1 B-Boys Top 16 KnockOut	PRISION	Firo	PRISION	3	5	2	1	7	8	Ztimpy	Moon	Pipe	Samurai	Talbott					-100	12	-1	-4	7					-100	12	2	3	4					-100	16	-1	-2	3																							2025-12-27	and8	https://and8.dance/en/stats/reports/5366/3986/?data=1&x=135&y=270&w=1225&type=r
NBB – National Breaking Battle 2025 (El Salvador)	1vs1 B-Boys Top 16 KnockOut	STARLYN	YOUNG FRESH	STARLYN	2	5	2	0	8	2	Ztimpy	Moon	Pipe	Samurai	Talbott					-7	-15	-3	2	-7					-100	8	-1	-1	-3																																2025-12-27	and8	https://and8.dance/en/stats/reports/5366/3986/?data=1&x=135&y=135&w=1225&type=r
NBB – National Breaking Battle 2025 (El Salvador)	1vs1 B-Girls Top 8 KnockOut	MANGANDI	LISA	LISA	3	5	0	3	0	15	Ztimpy	Talbott	Samurai	Pipe	Moon					7	6	3	1	5					5	5	3	2	5					5	5	3	1	8																							2025-12-27	and8	https://and8.dance/en/stats/reports/5366/3987/?data=1&x=615&y=465&w=1225&type=r
NBB – National Breaking Battle 2025 (El Salvador)	1vs1 B-Girls Top 8 KnockOut	LISA	RESH RESH	RESH RESH	2	5	0	2	2	8	Ztimpy	Talbott	Samurai	Pipe	Moon					9	7	4	3	-10					4	6	3	3	-8																																2025-12-27	and8	https://and8.dance/en/stats/reports/5366/3987/?data=1&x=760&y=360&w=1225&type=r
NBB – National Breaking Battle 2025 (El Salvador)	1vs1 B-Girls Top 8 KnockOut	grace	MANGANDI	grace	3	5	2	1	8	7	Ztimpy	Talbott	Samurai	Pipe	Moon					-9	6	5	1	-6					-11	3	4	-1	-7					-18	4	-1	2	-6																							2025-12-27	and8	https://and8.dance/en/stats/reports/5366/3987/?data=1&x=465&y=360&w=1225&type=r
NBB – National Breaking Battle 2025 (El Salvador)	1vs1 B-Girls Top 8 KnockOut	GREEN	RESH RESH	RESH RESH	2	5	0	2	0	10	Ztimpy	Talbott	Samurai	Pipe	Moon					5	4	2	2	6					4	3	2	1	8																																2025-12-27	and8	https://and8.dance/en/stats/reports/5366/3987/?data=1&x=980&y=430&w=1225&type=r
NBB – National Breaking Battle 2025 (El Salvador)	1vs1 B-Girls Top 8 KnockOut	WENDY	LISA	LISA	3	5	1	2	4	11	Ztimpy	Talbott	Samurai	Pipe	Moon					7	3	-4	-2	-8					6	3	-1	1	10					8	4	2	2	11																							2025-12-27	and8	https://and8.dance/en/stats/reports/5366/3987/?data=1&x=980&y=160&w=1225&type=r
NBB – National Breaking Battle 2025 (El Salvador)	1vs1 B-Girls Top 8 KnockOut	ABI	MANGANDI	MANGANDI	2	5	0	2	2	8	Ztimpy	Talbott	Samurai	Pipe	Moon					13	3	4	6	-10					8	3	4	-1	14																																2025-12-27	and8	https://and8.dance/en/stats/reports/5366/3987/?data=1&x=245&y=430&w=1225&type=r
NBB – National Breaking Battle 2025 (El Salvador)	1vs1 B-Girls Top 8 KnockOut	ELA	grace	grace	3	5	1	2	4	11	Ztimpy	Talbott	Samurai	Pipe	Moon					9	-3	-5	4	-10					8	2	-3	3	11					11	6	4	5	14																							2025-12-27	and8	https://and8.dance/en/stats/reports/5366/3987/?data=1&x=245&y=160&w=1225&type=r
PowerMadness	1vs1 Breaking Beginner (6-9 years old) Top 16 KnockOut	Whoosh	Gab-B	Whoosh	2	3	2	0	5	1	Cleopatra	Hit	Gabba							-33	-100	33							-53	-100	-22																																		2026-02-28	and8	https://and8.dance/en/stats/reports/5416/4052/?data=1&x=615&y=175&w=1225&type=r
PowerMadness	1vs1 Breaking Beginner (6-9 years old) Top 16 KnockOut	Pipo	OP STYLE	OP STYLE	2	3	0	2	2	4	Cleopatra	Hit	Gabba							-32	100	20							23	-100	10																																		2026-02-28	and8	https://and8.dance/en/stats/reports/5416/4052/?data=1&x=615&y=525&w=1225&type=r
PowerMadness	1vs1 Breaking Beginner (6-9 years old) Top 16 KnockOut	Gab-B	OP STYLE	Gab-B	2	3	2	0	5	1	Cleopatra	Hit	Gabba							-23	-100	-16							42	-100	-10																																		2026-02-28	and8	https://and8.dance/en/stats/reports/5416/4052/?data=1&x=745&y=360&w=1225&type=r
PowerMadness	1vs1 Breaking Beginner (6-9 years old) Top 16 KnockOut	Whoosh	Pipo	Whoosh	2	3	2	0	6	0	Cleopatra	Hit	Gabba							-74	-100	-11							-84	-100	-10																																		2026-02-28	and8	https://and8.dance/en/stats/reports/5416/4052/?data=1&x=480&y=360&w=1225&type=r
PowerMadness	1vs1 Breaking Beginner (6-9 years old) Top 16 KnockOut	B-boy LudZ	OP STYLE	OP STYLE	1	3	0	1	1	2	Cleopatra	Hit	Gabba							27	-100	26																																											2026-02-28	and8	https://and8.dance/en/stats/reports/5416/4052/?data=1&x=785&y=495&w=1225&type=r
PowerMadness	1vs1 Breaking Beginner (6-9 years old) Top 16 KnockOut	Alfredo	Gab-B	Gab-B	1	3	0	1	0	3	Cleopatra	Hit	Gabba							29	100	24																																											2026-02-28	and8	https://and8.dance/en/stats/reports/5416/4052/?data=1&x=785&y=225&w=1225&type=r
PowerMadness	1vs1 Breaking Beginner (6-9 years old) Top 16 KnockOut	Pipo	MikFreeze	Pipo	1	3	1	0	2	1	Cleopatra	Hit	Gabba							-64	-100	33																																											2026-02-28	and8	https://and8.dance/en/stats/reports/5416/4052/?data=1&x=440&y=495&w=1225&type=r
PowerMadness	1vs1 Breaking Beginner (6-9 years old) Top 16 KnockOut	Whoosh	Bboy Smiley Mad	Whoosh	1	3	1	0	3	0	Cleopatra	Hit	Gabba							-73	-100	-29																																											2026-02-28	and8	https://and8.dance/en/stats/reports/5416/4052/?data=1&x=440&y=225&w=1225&type=r
PowerMadness	1vs1 Breaking Beginner (6-9 years old) Top 16 KnockOut	OP STYLE	B-boy Freeze	OP STYLE	1	3	1	0	3	0	Cleopatra	Hit	Gabba							-81	-100	-29																																											2026-02-28	and8	https://and8.dance/en/stats/reports/5416/4052/?data=1&x=1085&y=540&w=1225&type=r
PowerMadness	1vs1 Breaking Beginner (6-9 years old) Top 16 KnockOut	B-boy LudZ	YoungLion	B-boy LudZ	1	3	1	0	3	0	Cleopatra	Hit	Gabba							-61	-100	-20																																											2026-02-28	and8	https://and8.dance/en/stats/reports/5416/4052/?data=1&x=1085&y=405&w=1225&type=r
PowerMadness	1vs1 Breaking Beginner (6-9 years old) Top 16 KnockOut	Gab-B	E.Z	Gab-B	1	3	1	0	3	0	Cleopatra	Hit	Gabba							-46	-100	-29																																											2026-02-28	and8	https://and8.dance/en/stats/reports/5416/4052/?data=1&x=1085&y=270&w=1225&type=r
PowerMadness	1vs1 Breaking Beginner (6-9 years old) Top 16 KnockOut	Alfredo	Bgirl gaye	Alfredo	1	3	1	0	3	0	Cleopatra	Hit	Gabba							-87	-100	-20																																											2026-02-28	and8	https://and8.dance/en/stats/reports/5416/4052/?data=1&x=1085&y=135&w=1225&type=r
PowerMadness	1vs1 Breaking Beginner (6-9 years old) Top 16 KnockOut	The Beat Boy	MikFreeze	MikFreeze	1	3	0	1	1	2	Cleopatra	Hit	Gabba							88	100	-15																																											2026-02-28	and8	https://and8.dance/en/stats/reports/5416/4052/?data=1&x=135&y=540&w=1225&type=r
PowerMadness	1vs1 Breaking Beginner (6-9 years old) Top 16 KnockOut	Pipo	Le Mage	Pipo	1	3	1	0	3	0	Cleopatra	Hit	Gabba							-100	-100	-94																																											2026-02-28	and8	https://and8.dance/en/stats/reports/5416/4052/?data=1&x=135&y=405&w=1225&type=r
PowerMadness	1vs1 Breaking Beginner (6-9 years old) Top 16 KnockOut	Bboy Smiley Mad	Félix Campion	Bboy Smiley Mad	1	3	1	0	3	0	Cleopatra	Hit	Gabba							-100	-100	-100																																											2026-02-28	and8	https://and8.dance/en/stats/reports/5416/4052/?data=1&x=135&y=270&w=1225&type=r
PowerMadness	1vs1 Breaking Beginner (6-9 years old) Top 16 KnockOut	Whoosh	BBoyBiz	Whoosh	1	3	1	0	3	0	Cleopatra	Hit	Gabba							-99	-100	-88																																											2026-02-28	and8	https://and8.dance/en/stats/reports/5416/4052/?data=1&x=135&y=135&w=1225&type=r
PowerMadness	1vs1 Breaking Beginner (10-13 years old) Top 16 KnockOut	Elite	Funkyzo	Elite	2	3	2	0	6	0	Cleopatra	Hit	Gabba							-67	-52	-41							-67	-68	-32																																		2026-02-28	and8	https://and8.dance/en/stats/reports/5416/4053/?data=1&x=615&y=175&w=1225&type=r
PowerMadness	1vs1 Breaking Beginner (10-13 years old) Top 16 KnockOut	Flex	Marz	Marz	3	3	1	2	4	5	Cleopatra	Hit	Gabba							-65	-69	-29							-67	82	42							40	88	37																									2026-02-28	and8	https://and8.dance/en/stats/reports/5416/4053/?data=1&x=615&y=525&w=1225&type=r
PowerMadness	1vs1 Breaking Beginner (10-13 years old) Top 16 KnockOut	Funkyzo	Marz	Funkyzo	3	3	2	1	6	3	Cleopatra	Hit	Gabba							-66	-100	-41							35	-100	21							-74	-100	50																									2026-02-28	and8	https://and8.dance/en/stats/reports/5416/4053/?data=1&x=745&y=360&w=1225&type=r
PowerMadness	1vs1 Breaking Beginner (10-13 years old) Top 16 KnockOut	Elite	Flex	Elite	2	3	2	0	5	1	Cleopatra	Hit	Gabba							-66	89	-47							-61	-100	-56																																		2026-02-28	and8	https://and8.dance/en/stats/reports/5416/4053/?data=1&x=480&y=360&w=1225&type=r
PowerMadness	1vs1 Breaking Beginner (10-13 years old) Top 16 KnockOut	Marz	Bboy Miles	Marz	1	3	1	0	2	1	Cleopatra	Hit	Gabba							-59	100	-24																																											2026-02-28	and8	https://and8.dance/en/stats/reports/5416/4053/?data=1&x=785&y=495&w=1225&type=r
PowerMadness	1vs1 Breaking Beginner (10-13 years old) Top 16 KnockOut	Funkyzo	Flash	Funkyzo	1	3	1	0	3	0	Cleopatra	Hit	Gabba							-65	-93	-13																																											2026-02-28	and8	https://and8.dance/en/stats/reports/5416/4053/?data=1&x=785&y=225&w=1225&type=r
PowerMadness	1vs1 Breaking Beginner (10-13 years old) Top 16 KnockOut	Flex	Jupiter	Flex	1	3	1	0	3	0	Cleopatra	Hit	Gabba							-77	-100	-70																																											2026-02-28	and8	https://and8.dance/en/stats/reports/5416/4053/?data=1&x=440&y=495&w=1225&type=r
PowerMadness	1vs1 Breaking Beginner (10-13 years old) Top 16 KnockOut	Elite	NC Kool	Elite	1	3	1	0	3	0	Cleopatra	Hit	Gabba							-68	-100	-100																																											2026-02-28	and8	https://and8.dance/en/stats/reports/5416/4053/?data=1&x=440&y=225&w=1225&type=r
PowerMadness	1vs1 Breaking Beginner (10-13 years old) Top 16 KnockOut	Plaxmol	Bboy Miles	Bboy Miles	1	3	0	1	1	2	Cleopatra	Hit	Gabba							52	-100	25																																											2026-02-28	and8	https://and8.dance/en/stats/reports/5416/4053/?data=1&x=1085&y=540&w=1225&type=r
PowerMadness	1vs1 Breaking Beginner (10-13 years old) Top 16 KnockOut	B-Mat	Marz	Marz	1	3	0	1	1	2	Cleopatra	Hit	Gabba							33	-100	45																																											2026-02-28	and8	https://and8.dance/en/stats/reports/5416/4053/?data=1&x=1085&y=405&w=1225&type=r
PowerMadness	1vs1 Breaking Beginner (10-13 years old) Top 16 KnockOut	Flash	Grank	Flash	1	3	1	0	2	1	Cleopatra	Hit	Gabba							-40	52	-24																																											2026-02-28	and8	https://and8.dance/en/stats/reports/5416/4053/?data=1&x=1085&y=270&w=1225&type=r
PowerMadness	1vs1 Breaking Beginner (10-13 years old) Top 16 KnockOut	Funkyzo	Kade	Funkyzo	1	3	1	0	3	0	Cleopatra	Hit	Gabba							-67	-70	-30																																											2026-02-28	and8	https://and8.dance/en/stats/reports/5416/4053/?data=1&x=1085&y=135&w=1225&type=r
PowerMadness	1vs1 Breaking Beginner (10-13 years old) Top 16 KnockOut	Jupiter	Zackyboy	Jupiter	1	3	1	0	3	0	Cleopatra	Hit	Gabba							-62	-100	-30																																											2026-02-28	and8	https://and8.dance/en/stats/reports/5416/4053/?data=1&x=135&y=540&w=1225&type=r
PowerMadness	1vs1 Breaking Beginner (10-13 years old) Top 16 KnockOut	Derax	Flex	Flex	1	3	0	1	0	3	Cleopatra	Hit	Gabba							20	100	46																																											2026-02-28	and8	https://and8.dance/en/stats/reports/5416/4053/?data=1&x=135&y=405&w=1225&type=r
PowerMadness	1vs1 Breaking Beginner (10-13 years old) Top 16 KnockOut	NC Kool	BombVibe	NC Kool	1	3	1	0	3	0	Cleopatra	Hit	Gabba							-58	-100	-31																																											2026-02-28	and8	https://and8.dance/en/stats/reports/5416/4053/?data=1&x=135&y=270&w=1225&type=r
PowerMadness	1vs1 Breaking Beginner (10-13 years old) Top 16 KnockOut	Goomba	Elite	Elite	1	3	0	1	0	3	Cleopatra	Hit	Gabba							43	100	75																																											2026-02-28	and8	https://and8.dance/en/stats/reports/5416/4053/?data=1&x=135&y=135&w=1225&type=r
PowerMadness	1vs1 Breaking Advanced (10-13 years old) Top 16 KnockOut	FIERCE	Chakal	Chakal	2	3	0	2	2	4	Cleopatra	Hit	Gabba							-68	64	21							-38	62	26																																		2026-02-28	and8	https://and8.dance/en/stats/reports/5416/4054/?data=1&x=615&y=175&w=1225&type=r
PowerMadness	1vs1 Breaking Advanced (10-13 years old) Top 16 KnockOut	Flashback	B-Lion	Flashback	2	3	2	0	6	0	Cleopatra	Hit	Gabba							-56	-75	-26							-45	-65	-26																																		2026-02-28	and8	https://and8.dance/en/stats/reports/5416/4054/?data=1&x=615&y=525&w=1225&type=r
PowerMadness	1vs1 Breaking Advanced (10-13 years old) Top 16 KnockOut	Chakal	B-Lion	Chakal	2	3	2	0	6	0	Cleopatra	Hit	Gabba							-61	-100	-23							-71	-100	-17																																		2026-02-28	and8	https://and8.dance/en/stats/reports/5416/4054/?data=1&x=745&y=360&w=1225&type=r
PowerMadness	1vs1 Breaking Advanced (10-13 years old) Top 16 KnockOut	FIERCE	Flashback	FIERCE	2	3	2	0	6	0	Cleopatra	Hit	Gabba							-68	-100	-36							-60	-100	-68																																		2026-02-28	and8	https://and8.dance/en/stats/reports/5416/4054/?data=1&x=480&y=360&w=1225&type=r
PowerMadness	1vs1 Breaking Advanced (10-13 years old) Top 16 KnockOut	B-Lion	B-Boy Chrissto	B-Lion	1	3	1	0	3	0	Cleopatra	Hit	Gabba							-61	-100	-100																																											2026-02-28	and8	https://and8.dance/en/stats/reports/5416/4054/?data=1&x=785&y=495&w=1225&type=r
PowerMadness	1vs1 Breaking Advanced (10-13 years old) Top 16 KnockOut	Chakal	White Walker	Chakal	1	3	1	0	3	0	Cleopatra	Hit	Gabba							-49	-100	-100																																											2026-02-28	and8	https://and8.dance/en/stats/reports/5416/4054/?data=1&x=785&y=225&w=1225&type=r
PowerMadness	1vs1 Breaking Advanced (10-13 years old) Top 16 KnockOut	Flashback	Laur-D	Flashback	1	3	1	0	3	0	Cleopatra	Hit	Gabba							-41	-100	-100																																											2026-02-28	and8	https://and8.dance/en/stats/reports/5416/4054/?data=1&x=440&y=495&w=1225&type=r
PowerMadness	1vs1 Breaking Advanced (10-13 years old) Top 16 KnockOut	FIERCE	Hard-B	FIERCE	1	3	1	0	3	0	Cleopatra	Hit	Gabba							-37	-100	-100																																											2026-02-28	and8	https://and8.dance/en/stats/reports/5416/4054/?data=1&x=440&y=225&w=1225&type=r
PowerMadness	1vs1 Breaking Advanced (10-13 years old) Top 16 KnockOut	Mini Nic	B-Boy Chrissto	B-Boy Chrissto	1	3	0	1	1	2	Cleopatra	Hit	Gabba							-49	78	22																																											2026-02-28	and8	https://and8.dance/en/stats/reports/5416/4054/?data=1&x=1085&y=540&w=1225&type=r
PowerMadness	1vs1 Breaking Advanced (10-13 years old) Top 16 KnockOut	Eddy	B-Lion	B-Lion	1	3	0	1	0	3	Cleopatra	Hit	Gabba							37	85	19																																											2026-02-28	and8	https://and8.dance/en/stats/reports/5416/4054/?data=1&x=1085&y=405&w=1225&type=r
PowerMadness	1vs1 Breaking Advanced (10-13 years old) Top 16 KnockOut	White Walker	Energy	White Walker	1	3	1	0	3	0	Cleopatra	Hit	Gabba							-34	-100	-17																																											2026-02-28	and8	https://and8.dance/en/stats/reports/5416/4054/?data=1&x=1085&y=270&w=1225&type=r
PowerMadness	1vs1 Breaking Advanced (10-13 years old) Top 16 KnockOut	Chakal	Sammy Boy	Chakal	1	3	1	0	3	0	Cleopatra	Hit	Gabba							-66	-72	-14																																											2026-02-28	and8	https://and8.dance/en/stats/reports/5416/4054/?data=1&x=1085&y=135&w=1225&type=r
PowerMadness	1vs1 Breaking Advanced (10-13 years old) Top 16 KnockOut	Bootbro	Laur-D	Laur-D	1	3	0	1	1	2	Cleopatra	Hit	Gabba							-40	100	38																																											2026-02-28	and8	https://and8.dance/en/stats/reports/5416/4054/?data=1&x=135&y=540&w=1225&type=r
PowerMadness	1vs1 Breaking Advanced (10-13 years old) Top 16 KnockOut	Flashback	B-Lo	Flashback	1	3	1	0	3	0	Cleopatra	Hit	Gabba							-52	-100	-22																																											2026-02-28	and8	https://and8.dance/en/stats/reports/5416/4054/?data=1&x=135&y=405&w=1225&type=r
PowerMadness	1vs1 Breaking Advanced (10-13 years old) Top 16 KnockOut	Paul’Pire	Hard-B	Hard-B	1	3	0	1	0	3	Cleopatra	Hit	Gabba							28	90	21																																											2026-02-28	and8	https://and8.dance/en/stats/reports/5416/4054/?data=1&x=135&y=270&w=1225&type=r
PowerMadness	1vs1 Breaking Advanced (10-13 years old) Top 16 KnockOut	FIERCE	Ricky-M	FIERCE	1	3	1	0	3	0	Cleopatra	Hit	Gabba							-67	-100	-23																																											2026-02-28	and8	https://and8.dance/en/stats/reports/5416/4054/?data=1&x=135&y=135&w=1225&type=r
PowerMadness	1vs1 Breaking (14-17 years old) Top 16 KnockOut	ChewyB	Lol-D	ChewyB	1	3	1	0	3	0	Cleopatra	Hit	Gabba							-48	-100	-70																																											2026-02-28	and8	https://and8.dance/en/stats/reports/5416/4055/?data=1&x=1085&y=540&w=1225&type=r
PowerMadness	1vs1 Breaking (14-17 years old) Top 16 KnockOut	Philoops	Mascheck	Philoops	1	3	1	0	3	0	Cleopatra	Hit	Gabba							-59	-100	-76																																											2026-02-28	and8	https://and8.dance/en/stats/reports/5416/4055/?data=1&x=1085&y=405&w=1225&type=r
PowerMadness	1vs1 Breaking (14-17 years old) Top 16 KnockOut	Nate The Great	ACE	ACE	1	3	0	1	0	3	Cleopatra	Hit	Gabba							37	100	28																																											2026-02-28	and8	https://and8.dance/en/stats/reports/5416/4055/?data=1&x=1085&y=270&w=1225&type=r
PowerMadness	1vs1 Breaking (14-17 years old) Top 16 KnockOut	Mathioso	Sparrow	Sparrow	1	3	0	1	0	3	Cleopatra	Hit	Gabba							37	100	26																																											2026-02-28	and8	https://and8.dance/en/stats/reports/5416/4055/?data=1&x=1085&y=135&w=1225&type=r
PowerMadness	1vs1 Breaking (14-17 years old) Top 16 KnockOut	Kyrant	Spinner	Spinner	1	3	0	1	0	3	Cleopatra	Hit	Gabba							37	100	100																																											2026-02-28	and8	https://and8.dance/en/stats/reports/5416/4055/?data=1&x=135&y=540&w=1225&type=r
PowerMadness	1vs1 Breaking (14-17 years old) Top 16 KnockOut	Vinc	Kwet	Vinc	1	3	1	0	2	1	Cleopatra	Hit	Gabba							-55	-100	11																																											2026-02-28	and8	https://and8.dance/en/stats/reports/5416/4055/?data=1&x=135&y=405&w=1225&type=r
PowerMadness	1vs1 Breaking (14-17 years old) Top 16 KnockOut	Lil Time	Slim	Slim	1	3	0	1	0	3	Cleopatra	Hit	Gabba							36	100	39																																											2026-02-28	and8	https://and8.dance/en/stats/reports/5416/4055/?data=1&x=135&y=270&w=1225&type=r
PowerMadness	1vs1 Breaking (14-17 years old) Top 16 KnockOut	Tittch	Nightmare	Nightmare	1	3	0	1	0	3	Cleopatra	Hit	Gabba							55	92	25																																											2026-02-28	and8	https://and8.dance/en/stats/reports/5416/4055/?data=1&x=135&y=135&w=1225&type=r
PowerMadness	1vs1 Breaking Advanced (6-9 years old) Top 8 KnockOut	Mill	FlowMase	FlowMase	2	3	0	2	1	5	Cleopatra	Hit	Gabba							-69	100	13							34	100	24																																		2026-02-28	and8	https://and8.dance/en/stats/reports/5416/4056/?data=1&x=615&y=280&w=1225&type=r
PowerMadness	1vs1 Breaking Advanced (6-9 years old) Top 8 KnockOut	BlondDemon	Checkmate	BlondDemon	3	3	2	1	5	4	Cleopatra	Hit	Gabba							13	-99	100							42	-100	-6							-42	-100	25																									2026-02-28	and8	https://and8.dance/en/stats/reports/5416/4056/?data=1&x=615&y=465&w=1225&type=r
PowerMadness	1vs1 Breaking Advanced (6-9 years old) Top 8 KnockOut	FlowMase	Checkmate	FlowMase	2	3	2	0	4	2	Cleopatra	Hit	Gabba							-56	100	-29							-57	100	-25																																		2026-02-28	and8	https://and8.dance/en/stats/reports/5416/4056/?data=1&x=760&y=360&w=1225&type=r
PowerMadness	1vs1 Breaking Advanced (6-9 years old) Top 8 KnockOut	BlondDemon	Mill	Mill	2	3	0	2	1	5	Cleopatra	Hit	Gabba							40	100	25							24	100	-29																																		2026-02-28	and8	https://and8.dance/en/stats/reports/5416/4056/?data=1&x=465&y=360&w=1225&type=r
PowerMadness	1vs1 Breaking Advanced (6-9 years old) Top 8 KnockOut	Checkmate	Golden Mario	Checkmate	1	3	1	0	2	1	Cleopatra	Hit	Gabba							42	-100	-11																																											2026-02-28	and8	https://and8.dance/en/stats/reports/5416/4056/?data=1&x=980&y=430&w=1225&type=r
PowerMadness	1vs1 Breaking Advanced (6-9 years old) Top 8 KnockOut	FlowMase	B-Boy Raphi	FlowMase	1	3	1	0	3	0	Cleopatra	Hit	Gabba							-53	-100	-34																																											2026-02-28	and8	https://and8.dance/en/stats/reports/5416/4056/?data=1&x=980&y=160&w=1225&type=r
PowerMadness	1vs1 Breaking Advanced (6-9 years old) Top 8 KnockOut	Mill	Red Panda	Mill	1	3	1	0	3	0	Cleopatra	Hit	Gabba							-67	-100	-25																																											2026-02-28	and8	https://and8.dance/en/stats/reports/5416/4056/?data=1&x=245&y=430&w=1225&type=r
PowerMadness	1vs1 Breaking Advanced (6-9 years old) Top 8 KnockOut	BlondDemon	Phénix	BlondDemon	1	3	1	0	3	0	Cleopatra	Hit	Gabba							-67	-100	-28																																											2026-02-28	and8	https://and8.dance/en/stats/reports/5416/4056/?data=1&x=245&y=160&w=1225&type=r
HSPS Croatian National Breaking Championship 2026	1vs1 PRH B-boys Predskolci (Preschool) Top 4 KnockOut	Maks Petrinić	Smile Jr	Smile Jr	1	5	0	1	2	3	Active	Dora	Mylo	Xedo	Lagaet					-100	-19	17	19	15																																									2026-03-07	and8	https://and8.dance/en/stats/reports/5479/4197/?data=1&x=980&y=400&w=1225&type=r
HSPS Croatian National Breaking Championship 2026	1vs1 PRH B-boys Predskolci (Preschool) Top 4 KnockOut	Mislav Šoštarić	Tei Tei	Tei Tei	1	5	0	1	1	4	Active	Dora	Mylo	Xedo	Lagaet					-3	22	24	11	7																																									2026-03-07	and8	https://and8.dance/en/stats/reports/5479/4197/?data=1&x=570&y=400&w=1225&type=r
HSPS Croatian National Breaking Championship 2026	1vs1 PRH B-boys Predskolci (Preschool) Top 4 KnockOut	Tei Tei	Smile Jr	Smile Jr	1	5	0	1	0	5	Active	Dora	Mylo	Xedo	Lagaet					20	15	18	15	14																																									2026-03-07	and8	https://and8.dance/en/stats/reports/5479/4197/?data=1&x=590&y=490&w=1225&type=r
HSPS Croatian National Breaking Championship 2026	1vs1 PRH B-boys Predskolci (Preschool) Top 4 KnockOut	Mislav Šoštarić	Maks Petrinić	Maks Petrinić	1	5	0	1	0	5	Active	Dora	Mylo	Xedo	Lagaet					20	33	28	10	17																																									2026-03-07	and8	https://and8.dance/en/stats/reports/5479/4197/?data=1&x=590&y=300&w=1225&type=r
HSPS Croatian National Breaking Championship 2026	1vs1 PRH B-boys Ml.osnovci (Juvenile I) Top 8 KnockOut	Andro Žagar	Luka Klarić	Andro Žagar	1	5	1	0	3	2	Active	Dora	Mylo	Xedo	Lagaet					9	19	-8	-15	-5																																									2026-03-07	and8	https://and8.dance/en/stats/reports/5479/4199/?data=1&x=615&y=280&w=1225&type=r
HSPS Croatian National Breaking Championship 2026	1vs1 PRH B-boys Ml.osnovci (Juvenile I) Top 8 KnockOut	Lenchy	Victor	Lenchy	1	5	1	0	4	1	Active	Dora	Mylo	Xedo	Lagaet					-12	-24	-16	-13	10																																									2026-03-07	and8	https://and8.dance/en/stats/reports/5479/4199/?data=1&x=615&y=465&w=1225&type=r
HSPS Croatian National Breaking Championship 2026	1vs1 PRH B-boys Ml.osnovci (Juvenile I) Top 8 KnockOut	Victor	Luka Klarić	Luka Klarić	1	5	0	1	0	5	Active	Dora	Mylo	Xedo	Lagaet					15	16	27	12	16																																									2026-03-07	and8	https://and8.dance/en/stats/reports/5479/4199/?data=1&x=760&y=360&w=1225&type=r
HSPS Croatian National Breaking Championship 2026	1vs1 PRH B-boys Ml.osnovci (Juvenile I) Top 8 KnockOut	Lenchy	Andro Žagar	Andro Žagar	1	5	0	1	0	5	Active	Dora	Mylo	Xedo	Lagaet					3	22	32	6	4																																									2026-03-07	and8	https://and8.dance/en/stats/reports/5479/4199/?data=1&x=465&y=360&w=1225&type=r
HSPS Croatian National Breaking Championship 2026	1vs1 PRH B-boys Ml.osnovci (Juvenile I) Top 8 KnockOut	Mateo Rogošić	Luka Klarić	Luka Klarić	1	5	0	1	0	5	Active	Dora	Mylo	Xedo	Lagaet					16	23	24	8	15																																									2026-03-07	and8	https://and8.dance/en/stats/reports/5479/4199/?data=1&x=980&y=430&w=1225&type=r
HSPS Croatian National Breaking Championship 2026	1vs1 PRH B-boys Ml.osnovci (Juvenile I) Top 8 KnockOut	Tei Tei	Victor	Victor	1	5	0	1	1	4	Active	Dora	Mylo	Xedo	Lagaet					10	29	-16	13	8																																									2026-03-07	and8	https://and8.dance/en/stats/reports/5479/4199/?data=1&x=980&y=160&w=1225&type=r
HSPS Croatian National Breaking Championship 2026	1vs1 PRH B-boys Ml.osnovci (Juvenile I) Top 8 KnockOut	Bruno Sindik	Andro Žagar	Andro Žagar	1	5	0	1	0	5	Active	Dora	Mylo	Xedo	Lagaet					11	23	16	20	16																																									2026-03-07	and8	https://and8.dance/en/stats/reports/5479/4199/?data=1&x=245&y=430&w=1225&type=r
HSPS Croatian National Breaking Championship 2026	1vs1 PRH B-boys Ml.osnovci (Juvenile I) Top 8 KnockOut	Luka Radanović	Lenchy	Lenchy	1	5	0	1	0	5	Active	Dora	Mylo	Xedo	Lagaet					10	33	12	17	16																																									2026-03-07	and8	https://and8.dance/en/stats/reports/5479/4199/?data=1&x=245&y=160&w=1225&type=r
HSPS Croatian National Breaking Championship 2026	1vs1 PRH B-boys Osnovci (Juvenile II) Top 16 KnockOut	Mateo Mlinarić	Le Rock	Le Rock	2	5	0	2	0	10	Active	Dora	Mylo	Xedo	Lagaet					14	32	36	13	17					8	32	30	9	17																																2026-03-07	and8	https://and8.dance/en/stats/reports/5479/4201/?data=1&x=615&y=175&w=1225&type=r
HSPS Croatian National Breaking Championship 2026	1vs1 PRH B-boys Osnovci (Juvenile II) Top 16 KnockOut	David Pikula	Slime	David Pikula	3	5	2	1	7	8	Active	Dora	Mylo	Xedo	Lagaet					-11	-8	-6	17	19					9	13	9	17	-8					-5	9	12	-13	-7																							2026-03-07	and8	https://and8.dance/en/stats/reports/5479/4201/?data=1&x=615&y=525&w=1225&type=r
HSPS Croatian National Breaking Championship 2026	1vs1 PRH B-boys Osnovci (Juvenile II) Top 16 KnockOut	Slime	Le Rock	Le Rock	2	5	0	2	0	10	Active	Dora	Mylo	Xedo	Lagaet					24	23	23	9	14					16	31	20	12	16																																2026-03-07	and8	https://and8.dance/en/stats/reports/5479/4201/?data=1&x=745&y=360&w=1225&type=r
HSPS Croatian National Breaking Championship 2026	1vs1 PRH B-boys Osnovci (Juvenile II) Top 16 KnockOut	David Pikula	Mateo Mlinarić	Mateo Mlinarić	2	5	0	2	3	7	Active	Dora	Mylo	Xedo	Lagaet					-2	-14	10	7	19					10	25	13	-10	16																																2026-03-07	and8	https://and8.dance/en/stats/reports/5479/4201/?data=1&x=480&y=360&w=1225&type=r
HSPS Croatian National Breaking Championship 2026	1vs1 PRH B-boys Osnovci (Juvenile II) Top 16 KnockOut	Joker	Le Rock	Le Rock	2	5	0	2	0	10	Active	Dora	Mylo	Xedo	Lagaet					17	60	19	14	10					18	65	15	17	16																																2026-03-07	and8	https://and8.dance/en/stats/reports/5479/4201/?data=1&x=785&y=495&w=1225&type=r
HSPS Croatian National Breaking Championship 2026	1vs1 PRH B-boys Osnovci (Juvenile II) Top 16 KnockOut	Flex	Slime	Slime	2	5	0	2	0	10	Active	Dora	Mylo	Xedo	Lagaet					3	9	12	11	18					3	17	11	15	9																																2026-03-07	and8	https://and8.dance/en/stats/reports/5479/4201/?data=1&x=785&y=225&w=1225&type=r
HSPS Croatian National Breaking Championship 2026	1vs1 PRH B-boys Osnovci (Juvenile II) Top 16 KnockOut	Vix	Mateo Mlinarić	Mateo Mlinarić	2	5	0	2	0	10	Active	Dora	Mylo	Xedo	Lagaet					9	22	12	10	10					10	28	11	19	17																																2026-03-07	and8	https://and8.dance/en/stats/reports/5479/4201/?data=1&x=440&y=495&w=1225&type=r
HSPS Croatian National Breaking Championship 2026	1vs1 PRH B-boys Osnovci (Juvenile II) Top 16 KnockOut	Mariolla	David Pikula	David Pikula	2	5	0	2	0	10	Active	Dora	Mylo	Xedo	Lagaet					5	20	10	14	13					7	14	16	14	9																																2026-03-07	and8	https://and8.dance/en/stats/reports/5479/4201/?data=1&x=440&y=225&w=1225&type=r
HSPS Croatian National Breaking Championship 2026	1vs1 PRH B-boys Osnovci (Juvenile II) Top 16 KnockOut	Bruno Ermacora Roić	Le Rock	Le Rock	2	5	0	2	0	10	Active	Dora	Mylo	Xedo	Lagaet					15	14	67	18	23					12	23	50	11	17																																2026-03-07	and8	https://and8.dance/en/stats/reports/5479/4201/?data=1&x=1085&y=540&w=1225&type=r
HSPS Croatian National Breaking Championship 2026	1vs1 PRH B-boys Osnovci (Juvenile II) Top 16 KnockOut	Big Deal	Joker	Joker	2	5	0	2	2	8	Active	Dora	Mylo	Xedo	Lagaet					7	11	13	7	10					1	-15	11	-5	7																																2026-03-07	and8	https://and8.dance/en/stats/reports/5479/4201/?data=1&x=1085&y=405&w=1225&type=r
HSPS Croatian National Breaking Championship 2026	1vs1 PRH B-boys Osnovci (Juvenile II) Top 16 KnockOut	Imposter	Slime	Slime	2	5	0	2	1	9	Active	Dora	Mylo	Xedo	Lagaet					6	25	-7	8	14					7	18	18	15	13																																2026-03-07	and8	https://and8.dance/en/stats/reports/5479/4201/?data=1&x=1085&y=270&w=1225&type=r
HSPS Croatian National Breaking Championship 2026	1vs1 PRH B-boys Osnovci (Juvenile II) Top 16 KnockOut	Španja	Flex	Flex	2	5	0	2	4	6	Active	Dora	Mylo	Xedo	Lagaet					5	-16	-11	11	19					1	-11	9	-6	12																																2026-03-07	and8	https://and8.dance/en/stats/reports/5479/4201/?data=1&x=1085&y=135&w=1225&type=r
HSPS Croatian National Breaking Championship 2026	1vs1 PRH B-boys Osnovci (Juvenile II) Top 16 KnockOut	Son Of Sammy	Mateo Mlinarić	Mateo Mlinarić	2	5	0	2	0	10	Active	Dora	Mylo	Xedo	Lagaet					10	16	16	13	14					10	10	26	12	17																																2026-03-07	and8	https://and8.dance/en/stats/reports/5479/4201/?data=1&x=135&y=540&w=1225&type=r
HSPS Croatian National Breaking Championship 2026	1vs1 PRH B-boys Osnovci (Juvenile II) Top 16 KnockOut	Duje Budrovčan	Vix	Vix	2	5	0	2	1	9	Active	Dora	Mylo	Xedo	Lagaet					3	-11	11	14	14					5	13	31	8	11																																2026-03-07	and8	https://and8.dance/en/stats/reports/5479/4201/?data=1&x=135&y=405&w=1225&type=r
HSPS Croatian National Breaking Championship 2026	1vs1 PRH B-boys Osnovci (Juvenile II) Top 16 KnockOut	Borna Materljan	David Pikula	David Pikula	2	5	0	2	0	10	Active	Dora	Mylo	Xedo	Lagaet					16	20	26	9	16					10	13	44	13	17																																2026-03-07	and8	https://and8.dance/en/stats/reports/5479/4201/?data=1&x=135&y=270&w=1225&type=r
HSPS Croatian National Breaking Championship 2026	1vs1 PRH B-boys Osnovci (Juvenile II) Top 16 KnockOut	Matt In The Middle	Mariolla	Mariolla	2	5	0	2	0	10	Active	Dora	Mylo	Xedo	Lagaet					9	19	26	12	18					6	18	11	10	21																																2026-03-07	and8	https://and8.dance/en/stats/reports/5479/4201/?data=1&x=135&y=135&w=1225&type=r
HSPS Croatian National Breaking Championship 2026	1vs1 PRH B-girls Mladez (Junior II) Top 4 KnockOut	Starlight	Lil T	Lil T	2	5	0	2	2	8	Active	Dora	Mylo	Xedo	Lagaet					6	28	28	10	12					4	23	19	-11	-18																																2026-03-07	and8	https://and8.dance/en/stats/reports/5479/4202/?data=1&x=980&y=400&w=1225&type=r
HSPS Croatian National Breaking Championship 2026	1vs1 PRH B-girls Mladez (Junior II) Top 4 KnockOut	Petra Primorac	Lil T	Lil T	2	5	0	2	0	10	Active	Dora	Mylo	Xedo	Lagaet					27	22	21	13	19					20	17	60	11	10																																2026-03-07	and8	https://and8.dance/en/stats/reports/5479/4202/?data=1&x=590&y=490&w=1225&type=r
HSPS Croatian National Breaking Championship 2026	1vs1 PRH B-girls Mladez (Junior II) Top 4 KnockOut	Mila Buzov	Starlight	Starlight	2	5	0	2	0	10	Active	Dora	Mylo	Xedo	Lagaet					23	24	22	9	16					21	31	22	15	22																																2026-03-07	and8	https://and8.dance/en/stats/reports/5479/4202/?data=1&x=590&y=300&w=1225&type=r
HSPS Croatian National Breaking Championship 2026	1vs1 PRH B-boys Mladez (Junior II) Top 16 KnockOut	Delvito	Stay Low	Stay Low	2	5	0	2	0	10	Active	Dora	Mylo	Xedo	Lagaet					14	14	27	12	10					6	24	21	12	20																																2026-03-07	and8	https://and8.dance/en/stats/reports/5479/4203/?data=1&x=615&y=175&w=1225&type=r
HSPS Croatian National Breaking Championship 2026	1vs1 PRH B-boys Mladez (Junior II) Top 16 KnockOut	Toni T-bone	Le Rock	Le Rock	2	5	0	2	1	9	Active	Dora	Mylo	Xedo	Lagaet					-4	9	25	13	12					19	20	25	17	11																																2026-03-07	and8	https://and8.dance/en/stats/reports/5479/4203/?data=1&x=615&y=525&w=1225&type=r
HSPS Croatian National Breaking Championship 2026	1vs1 PRH B-boys Mladez (Junior II) Top 16 KnockOut	Le Rock	Stay Low	Stay Low	2	5	0	2	2	8	Active	Dora	Mylo	Xedo	Lagaet					12	14	14	-8	13					10	12	-4	8	17																																2026-03-07	and8	https://and8.dance/en/stats/reports/5479/4203/?data=1&x=745&y=360&w=1225&type=r
HSPS Croatian National Breaking Championship 2026	1vs1 PRH B-boys Mladez (Junior II) Top 16 KnockOut	Toni T-bone	Delvito	Delvito	2	5	0	2	4	6	Active	Dora	Mylo	Xedo	Lagaet					8	-30	21	-13	8					19	-7	9	-12	8																																2026-03-07	and8	https://and8.dance/en/stats/reports/5479/4203/?data=1&x=480&y=360&w=1225&type=r
HSPS Croatian National Breaking Championship 2026	1vs1 PRH B-boys Mladez (Junior II) Top 16 KnockOut	Limun	Stay Low	Stay Low	2	5	0	2	0	10	Active	Dora	Mylo	Xedo	Lagaet					18	24	15	13	17					41	23	12	13	16																																2026-03-07	and8	https://and8.dance/en/stats/reports/5479/4203/?data=1&x=785&y=495&w=1225&type=r
HSPS Croatian National Breaking Championship 2026	1vs1 PRH B-boys Mladez (Junior II) Top 16 KnockOut	Karlito JR	Le Rock	Le Rock	2	5	0	2	1	9	Active	Dora	Mylo	Xedo	Lagaet					14	20	19	7	17					-8	8	12	12	14																																2026-03-07	and8	https://and8.dance/en/stats/reports/5479/4203/?data=1&x=785&y=225&w=1225&type=r
HSPS Croatian National Breaking Championship 2026	1vs1 PRH B-boys Mladez (Junior II) Top 16 KnockOut	MM	Delvito	Delvito	2	5	0	2	1	9	Active	Dora	Mylo	Xedo	Lagaet					13	-15	10	9	13					18	20	11	10	17																																2026-03-07	and8	https://and8.dance/en/stats/reports/5479/4203/?data=1&x=440&y=495&w=1225&type=r
HSPS Croatian National Breaking Championship 2026	1vs1 PRH B-boys Mladez (Junior II) Top 16 KnockOut	Benni Pranjić	Toni T-bone	Toni T-bone	2	5	0	2	0	10	Active	Dora	Mylo	Xedo	Lagaet					2	33	15	17	12					11	20	18	12	15																																2026-03-07	and8	https://and8.dance/en/stats/reports/5479/4203/?data=1&x=440&y=225&w=1225&type=r
HSPS Croatian National Breaking Championship 2026	1vs1 PRH B-boys Mladez (Junior II) Top 16 KnockOut	M-Dragon	Stay Low	Stay Low	2	5	0	2	0	10	Active	Dora	Mylo	Xedo	Lagaet					37	22	22	13	8					35	29	75	7	11																																2026-03-07	and8	https://and8.dance/en/stats/reports/5479/4203/?data=1&x=1085&y=540&w=1225&type=r
HSPS Croatian National Breaking Championship 2026	1vs1 PRH B-boys Mladez (Junior II) Top 16 KnockOut	Lovrito	Limun	Limun	2	5	0	2	4	6	Active	Dora	Mylo	Xedo	Lagaet					-4	9	-15	11	9					-5	13	-18	12	4																																2026-03-07	and8	https://and8.dance/en/stats/reports/5479/4203/?data=1&x=1085&y=405&w=1225&type=r
HSPS Croatian National Breaking Championship 2026	1vs1 PRH B-boys Mladez (Junior II) Top 16 KnockOut	Neo Marković	Le Rock	Le Rock	2	5	0	2	0	10	Active	Dora	Mylo	Xedo	Lagaet					33	21	28	11	17					30	33	38	11	14																																2026-03-07	and8	https://and8.dance/en/stats/reports/5479/4203/?data=1&x=1085&y=270&w=1225&type=r
HSPS Croatian National Breaking Championship 2026	1vs1 PRH B-boys Mladez (Junior II) Top 16 KnockOut	Jurassica 007	Karlito JR	Karlito JR	2	5	0	2	0	10	Active	Dora	Mylo	Xedo	Lagaet					27	29	14	13	18					26	14	17	12	9																																2026-03-07	and8	https://and8.dance/en/stats/reports/5479/4203/?data=1&x=1085&y=135&w=1225&type=r
HSPS Croatian National Breaking Championship 2026	1vs1 PRH B-boys Mladez (Junior II) Top 16 KnockOut	Luksy	Delvito	Delvito	2	5	0	2	0	10	Active	Dora	Mylo	Xedo	Lagaet					33	30	17	12	17					31	21	15	11	11																																2026-03-07	and8	https://and8.dance/en/stats/reports/5479/4203/?data=1&x=135&y=540&w=1225&type=r
HSPS Croatian National Breaking Championship 2026	1vs1 PRH B-boys Mladez (Junior II) Top 16 KnockOut	Mr. G	MM	MM	2	5	0	2	0	10	Active	Dora	Mylo	Xedo	Lagaet					15	22	18	11	11					30	24	25	14	12																																2026-03-07	and8	https://and8.dance/en/stats/reports/5479/4203/?data=1&x=135&y=405&w=1225&type=r
HSPS Croatian National Breaking Championship 2026	1vs1 PRH B-boys Mladez (Junior II) Top 16 KnockOut	Roko Pogorelić	Toni T-bone	Toni T-bone	2	5	0	2	0	10	Active	Dora	Mylo	Xedo	Lagaet					18	24	20	12	11					16	32	17	13	9																																2026-03-07	and8	https://and8.dance/en/stats/reports/5479/4203/?data=1&x=135&y=270&w=1225&type=r
HSPS Croatian National Breaking Championship 2026	1vs1 PRH B-boys Mladez (Junior II) Top 16 KnockOut	Rocky	Benni Pranjić	Benni Pranjić	2	5	0	2	0	10	Active	Dora	Mylo	Xedo	Lagaet					5	18	22	16	8					18	20	14	11	8																																2026-03-07	and8	https://and8.dance/en/stats/reports/5479/4203/?data=1&x=135&y=135&w=1225&type=r
HSPS Croatian National Breaking Championship 2026	1vs1 PRH B-boys St.mladez (Youth) Top 8 KnockOut	Lucky Lux	Sinai	Lucky Lux	3	5	2	1	11	4	Active	Dora	Mylo	Xedo	Lagaet					-6	-19	-13	-18	6					12	-28	6	-9	12					-5	-26	-9	-10	-9																							2026-03-07	and8	https://and8.dance/en/stats/reports/5479/4205/?data=1&x=615&y=280&w=1225&type=r
HSPS Croatian National Breaking Championship 2026	1vs1 PRH B-boys St.mladez (Youth) Top 8 KnockOut	Župa	Gvyx	Gvyx	3	5	1	2	7	8	Active	Dora	Mylo	Xedo	Lagaet					-3	-24	11	-5	12					-2	-7	4	18	15					10	-21	-30	13	9																							2026-03-07	and8	https://and8.dance/en/stats/reports/5479/4205/?data=1&x=615&y=465&w=1225&type=r
HSPS Croatian National Breaking Championship 2026	1vs1 PRH B-boys St.mladez (Youth) Top 8 KnockOut	Gvyx	Sinai	Sinai	2	5	0	2	1	9	Active	Dora	Mylo	Xedo	Lagaet					13	9	19	10	26					8	25	21	8	-6																																2026-03-07	and8	https://and8.dance/en/stats/reports/5479/4205/?data=1&x=760&y=360&w=1225&type=r
HSPS Croatian National Breaking Championship 2026	1vs1 PRH B-boys St.mladez (Youth) Top 8 KnockOut	Župa	Lucky Lux	Lucky Lux	2	5	0	2	0	10	Active	Dora	Mylo	Xedo	Lagaet					33	25	12	17	20					27	26	11	12	31																																2026-03-07	and8	https://and8.dance/en/stats/reports/5479/4205/?data=1&x=465&y=360&w=1225&type=r
HSPS Croatian National Breaking Championship 2026	1vs1 PRH B-boys St.mladez (Youth) Top 8 KnockOut	Fich the beast	Sinai	Sinai	2	5	0	2	0	10	Active	Dora	Mylo	Xedo	Lagaet					24	18	19	10	15					26	28	22	13	9																																2026-03-07	and8	https://and8.dance/en/stats/reports/5479/4205/?data=1&x=980&y=430&w=1225&type=r
HSPS Croatian National Breaking Championship 2026	1vs1 PRH B-boys St.mladez (Youth) Top 8 KnockOut	T.M.Z	Gvyx	Gvyx	2	5	0	2	0	10	Active	Dora	Mylo	Xedo	Lagaet					4	17	8	10	8					23	27	16	12	11																																2026-03-07	and8	https://and8.dance/en/stats/reports/5479/4205/?data=1&x=980&y=160&w=1225&type=r
HSPS Croatian National Breaking Championship 2026	1vs1 PRH B-boys St.mladez (Youth) Top 8 KnockOut	Vex	Lucky Lux	Lucky Lux	2	5	0	2	0	10	Active	Dora	Mylo	Xedo	Lagaet					18	33	27	16	13					28	23	12	14	11																																2026-03-07	and8	https://and8.dance/en/stats/reports/5479/4205/?data=1&x=245&y=430&w=1225&type=r
HSPS Croatian National Breaking Championship 2026	1vs1 PRH B-boys St.mladez (Youth) Top 8 KnockOut	Arth	Župa	Župa	2	5	0	2	0	10	Active	Dora	Mylo	Xedo	Lagaet					19	8	25	9	8					8	21	20	9	8																																2026-03-07	and8	https://and8.dance/en/stats/reports/5479/4205/?data=1&x=245&y=160&w=1225&type=r
HSPS Croatian National Breaking Championship 2026	1vs1 PRH B-girls Odrasli (Adult) Top 8 KnockOut	FM	Bela	Bela	2	5	0	2	0	10	Active	Dora	Mylo	Xedo	Lagaet					8	17	17	16	15					5	25	23	14	9																																2026-03-07	and8	https://and8.dance/en/stats/reports/5479/4206/?data=1&x=615&y=280&w=1225&type=r
HSPS Croatian National Breaking Championship 2026	1vs1 PRH B-girls Odrasli (Adult) Top 8 KnockOut	Lucky	Annet	Annet	2	5	0	2	3	7	Active	Dora	Mylo	Xedo	Lagaet					6	14	18	-12	6					7	-11	31	-14	8																																2026-03-07	and8	https://and8.dance/en/stats/reports/5479/4206/?data=1&x=615&y=465&w=1225&type=r
HSPS Croatian National Breaking Championship 2026	1vs1 PRH B-girls Odrasli (Adult) Top 8 KnockOut	Annet	Bela	Bela	2	5	0	2	0	10	Active	Dora	Mylo	Xedo	Lagaet					5	28	15	13	10					20	20	18	16	16																																2026-03-07	and8	https://and8.dance/en/stats/reports/5479/4206/?data=1&x=760&y=360&w=1225&type=r
HSPS Croatian National Breaking Championship 2026	1vs1 PRH B-girls Odrasli (Adult) Top 8 KnockOut	Lucky	FM	FM	2	5	0	2	0	10	Active	Dora	Mylo	Xedo	Lagaet					11	25	19	15	9					5	19	15	16	15																																2026-03-07	and8	https://and8.dance/en/stats/reports/5479/4206/?data=1&x=465&y=360&w=1225&type=r
HSPS Croatian National Breaking Championship 2026	1vs1 PRH B-girls Odrasli (Adult) Top 8 KnockOut	Marta	Bela	Bela	2	5	0	2	0	10	Active	Dora	Mylo	Xedo	Lagaet					23	31	38	8	17					16	15	9	12	25																																2026-03-07	and8	https://and8.dance/en/stats/reports/5479/4206/?data=1&x=980&y=430&w=1225&type=r
HSPS Croatian National Breaking Championship 2026	1vs1 PRH B-girls Odrasli (Adult) Top 8 KnockOut	Paola Franjić	Annet	Annet	2	5	0	2	3	7	Active	Dora	Mylo	Xedo	Lagaet					9	16	-27	-9	14					15	10	-14	14	13																																2026-03-07	and8	https://and8.dance/en/stats/reports/5479/4206/?data=1&x=980&y=160&w=1225&type=r
HSPS Croatian National Breaking Championship 2026	1vs1 PRH B-girls Odrasli (Adult) Top 8 KnockOut	Ana Pejak	FM	FM	2	5	0	2	0	10	Active	Dora	Mylo	Xedo	Lagaet					15	16	16	15	21					26	20	28	13	15																																2026-03-07	and8	https://and8.dance/en/stats/reports/5479/4206/?data=1&x=245&y=430&w=1225&type=r
HSPS Croatian National Breaking Championship 2026	1vs1 PRH B-girls Odrasli (Adult) Top 8 KnockOut	Jelena Mihajlović	Lucky	Lucky	2	5	0	2	2	8	Active	Dora	Mylo	Xedo	Lagaet					10	14	-15	9	16					1	22	-26	11	18																																2026-03-07	and8	https://and8.dance/en/stats/reports/5479/4206/?data=1&x=245&y=160&w=1225&type=r
HSPS Croatian National Breaking Championship 2026	1vs1 PRH B-boys Odrasli (Adult) Top 8 KnockOut	Djus	Jomi	Djus	2	5	2	0	7	3	Active	Dora	Mylo	Xedo	Lagaet					-3	12	-11	-16	-17					17	16	-10	-6	-11																																2026-03-07	and8	https://and8.dance/en/stats/reports/5479/4207/?data=1&x=615&y=280&w=1225&type=r
HSPS Croatian National Breaking Championship 2026	1vs1 PRH B-boys Odrasli (Adult) Top 8 KnockOut	Kelava	Sinai	Kelava	2	5	2	0	8	2	Active	Dora	Mylo	Xedo	Lagaet					-3	-16	-13	-13	-10					-4	-20	10	4	-15																																2026-03-07	and8	https://and8.dance/en/stats/reports/5479/4207/?data=1&x=615&y=465&w=1225&type=r
HSPS Croatian National Breaking Championship 2026	1vs1 PRH B-boys Odrasli (Adult) Top 8 KnockOut	Sinai	Jomi	Jomi	2	5	0	2	0	10	Active	Dora	Mylo	Xedo	Lagaet					11	38	18	16	9					12	43	9	15	14																																2026-03-07	and8	https://and8.dance/en/stats/reports/5479/4207/?data=1&x=760&y=360&w=1225&type=r
HSPS Croatian National Breaking Championship 2026	1vs1 PRH B-boys Odrasli (Adult) Top 8 KnockOut	Djus	Kelava	Djus	2	5	2	0	7	3	Active	Dora	Mylo	Xedo	Lagaet					-3	-15	19	-7	-12					-5	-15	15	5	-13																																2026-03-07	and8	https://and8.dance/en/stats/reports/5479/4207/?data=1&x=465&y=360&w=1225&type=r
HSPS Croatian National Breaking Championship 2026	1vs1 PRH B-boys Odrasli (Adult) Top 8 KnockOut	Ivor Benko	Jomi	Jomi	2	5	0	2	0	10	Active	Dora	Mylo	Xedo	Lagaet					16	77	14	13	22					43	59	18	23	8																																2026-03-07	and8	https://and8.dance/en/stats/reports/5479/4207/?data=1&x=980&y=430&w=1225&type=r
HSPS Croatian National Breaking Championship 2026	1vs1 PRH B-boys Odrasli (Adult) Top 8 KnockOut	Sinai	Smile	Sinai	2	5	2	0	8	2	Active	Dora	Mylo	Xedo	Lagaet					6	-14	-12	-10	-19					3	-8	-9	-13	-17																																2026-03-07	and8	https://and8.dance/en/stats/reports/5479/4207/?data=1&x=980&y=160&w=1225&type=r
HSPS Croatian National Breaking Championship 2026	1vs1 PRH B-boys Odrasli (Adult) Top 8 KnockOut	Bboy Zenza	Kelava	Kelava	2	5	0	2	0	10	Active	Dora	Mylo	Xedo	Lagaet					14	12	31	26	18					8	14	14	14	20																																2026-03-07	and8	https://and8.dance/en/stats/reports/5479/4207/?data=1&x=245&y=430&w=1225&type=r
HSPS Croatian National Breaking Championship 2026	1vs1 PRH B-boys Odrasli (Adult) Top 8 KnockOut	Max	Djus	Djus	2	5	0	2	2	8	Active	Dora	Mylo	Xedo	Lagaet					15	18	-9	11	19					20	23	-6	9	16																																2026-03-07	and8	https://and8.dance/en/stats/reports/5479/4207/?data=1&x=245&y=160&w=1225&type=r
Break2Future 2026	1vs1 Breaking Kids Top 32 KnockOut	Lucky Lux	D-Wolf	D-Wolf	3	3	1	2	3	6	Intact	Sam	Vision							-10	-20	-41							11	31	32							29	34	38																									2026-03-15	and8	https://and8.dance/en/stats/reports/5439/4100/?data=1&x=615&y=200&w=1225&type=r
Break2Future 2026	1vs1 Breaking Kids Top 32 KnockOut	Alex	Hercules	Alex	3	3	2	1	7	2	Intact	Sam	Vision							-16	-19	-100							-29	-23	-100							8	31	-45																									2026-03-15	and8	https://and8.dance/en/stats/reports/5439/4100/?data=1&x=615&y=545&w=1225&type=r
Break2Future 2026	1vs1 Breaking Kids Top 32 KnockOut	Hercules	D-Wolf	D-Wolf	2	3	0	2	1	5	Intact	Sam	Vision							31	23	82							8	-29	48																																		2026-03-15	and8	https://and8.dance/en/stats/reports/5439/4100/?data=1&x=695&y=375&w=1225&type=r
Break2Future 2026	1vs1 Breaking Kids Top 32 KnockOut	Alex	Lucky Lux	Lucky Lux	2	3	0	2	2	4	Intact	Sam	Vision							11	36	-35							24	29	-23																																		2026-03-15	and8	https://and8.dance/en/stats/reports/5439/4100/?data=1&x=535&y=375&w=1225&type=r
Break2Future 2026	1vs1 Breaking Kids Top 32 KnockOut	Del Vito	D-Wolf	D-Wolf	1	3	0	1	1	2	Intact	Sam	Vision							-8	17	100																																											2026-03-15	and8	https://and8.dance/en/stats/reports/5439/4100/?data=1&x=740&y=500&w=1225&type=r
Break2Future 2026	1vs1 Breaking Kids Top 32 KnockOut	Hercules	Benni	Hercules	1	3	1	0	2	1	Intact	Sam	Vision							14	-43	-100																																											2026-03-15	and8	https://and8.dance/en/stats/reports/5439/4100/?data=1&x=740&y=245&w=1225&type=r
Break2Future 2026	1vs1 Breaking Kids Top 32 KnockOut	Sinai	Lucky Lux	Lucky Lux	1	3	0	1	0	3	Intact	Sam	Vision							47	52	48																																											2026-03-15	and8	https://and8.dance/en/stats/reports/5439/4100/?data=1&x=490&y=500&w=1225&type=r
Break2Future 2026	1vs1 Breaking Kids Top 32 KnockOut	Alex	Gvyx	Alex	1	3	1	0	2	1	Intact	Sam	Vision							-24	-21	41																																											2026-03-15	and8	https://and8.dance/en/stats/reports/5439/4100/?data=1&x=490&y=245&w=1225&type=r
Break2Future 2026	1vs1 Breaking Kids Top 32 KnockOut	Vexx	D-Wolf	D-Wolf	1	3	0	1	0	3	Intact	Sam	Vision							32	60	54																																											2026-03-15	and8	https://and8.dance/en/stats/reports/5439/4100/?data=1&x=775&y=565&w=1225&type=r
Break2Future 2026	1vs1 Breaking Kids Top 32 KnockOut	Don Mateo	Del Vito	Del Vito	1	3	0	1	0	3	Intact	Sam	Vision							39	59	100																																											2026-03-15	and8	https://and8.dance/en/stats/reports/5439/4100/?data=1&x=775&y=435&w=1225&type=r
Break2Future 2026	1vs1 Breaking Kids Top 32 KnockOut	Starlight	Benni	Benni	1	3	0	1	1	2	Intact	Sam	Vision							13	80	-20																																											2026-03-15	and8	https://and8.dance/en/stats/reports/5439/4100/?data=1&x=775&y=310&w=1225&type=r
Break2Future 2026	1vs1 Breaking Kids Top 32 KnockOut	Tony T-Bone	Hercules	Hercules	1	3	0	1	0	3	Intact	Sam	Vision							18	56	100																																											2026-03-15	and8	https://and8.dance/en/stats/reports/5439/4100/?data=1&x=775&y=180&w=1225&type=r
Break2Future 2026	1vs1 Breaking Kids Top 32 KnockOut	Fich The Beast	Lucky Lux	Lucky Lux	1	3	0	1	0	3	Intact	Sam	Vision							62	61	100																																											2026-03-15	and8	https://and8.dance/en/stats/reports/5439/4100/?data=1&x=450&y=565&w=1225&type=r
Break2Future 2026	1vs1 Breaking Kids Top 32 KnockOut	Le Rock	Sinai	Sinai	1	3	0	1	0	3	Intact	Sam	Vision							12	27	57																																											2026-03-15	and8	https://and8.dance/en/stats/reports/5439/4100/?data=1&x=450&y=435&w=1225&type=r
Break2Future 2026	1vs1 Breaking Kids Top 32 KnockOut	Slyme	Gvyx	Gvyx	1	3	0	1	0	3	Intact	Sam	Vision							33	80	100																																											2026-03-15	and8	https://and8.dance/en/stats/reports/5439/4100/?data=1&x=450&y=310&w=1225&type=r
Break2Future 2026	1vs1 Breaking Kids Top 32 KnockOut	Alex	Stay-Low	Alex	1	3	1	0	3	0	Intact	Sam	Vision							-22	-24	-100																																											2026-03-15	and8	https://and8.dance/en/stats/reports/5439/4100/?data=1&x=450&y=180&w=1225&type=r
Break2Future 2026	1vs1 Breaking Kids Top 32 KnockOut	Smile Jr	D-Wolf	D-Wolf	1	3	0	1	0	3	Intact	Sam	Vision							91	84	100																																											2026-03-15	and8	https://and8.dance/en/stats/reports/5439/4100/?data=1&x=935&y=610&w=1225&type=r
Break2Future 2026	1vs1 Breaking Kids Top 32 KnockOut	Bojko B	Vexx	Vexx	1	3	0	1	1	2	Intact	Sam	Vision							6	39	-100																																											2026-03-15	and8	https://and8.dance/en/stats/reports/5439/4100/?data=1&x=935&y=540&w=1225&type=r
Break2Future 2026	1vs1 Breaking Kids Top 32 KnockOut	MM	Del Vito	Del Vito	1	3	0	1	0	3	Intact	Sam	Vision							76	59	100																																											2026-03-15	and8	https://and8.dance/en/stats/reports/5439/4100/?data=1&x=935&y=475&w=1225&type=r
Break2Future 2026	1vs1 Breaking Kids Top 32 KnockOut	Don Mateo	Pera	Don Mateo	1	3	1	0	2	1	Intact	Sam	Vision							-18	-46	26																																											2026-03-15	and8	https://and8.dance/en/stats/reports/5439/4100/?data=1&x=935&y=405&w=1225&type=r
Break2Future 2026	1vs1 Breaking Kids Top 32 KnockOut	Twist	Benni	Benni	1	3	0	1	0	3	Intact	Sam	Vision							33	66	100																																											2026-03-15	and8	https://and8.dance/en/stats/reports/5439/4100/?data=1&x=935&y=340&w=1225&type=r
Break2Future 2026	1vs1 Breaking Kids Top 32 KnockOut	Origami	Starlight	Starlight	1	3	0	1	1	2	Intact	Sam	Vision							-10	36	87																																											2026-03-15	and8	https://and8.dance/en/stats/reports/5439/4100/?data=1&x=935&y=270&w=1225&type=r
Break2Future 2026	1vs1 Breaking Kids Top 32 KnockOut	BIG DEAL	Hercules	Hercules	1	3	0	1	1	2	Intact	Sam	Vision							68	-15	100																																											2026-03-15	and8	https://and8.dance/en/stats/reports/5439/4100/?data=1&x=935&y=200&w=1225&type=r
Break2Future 2026	1vs1 Breaking Kids Top 32 KnockOut	Tony T-Bone	Bunnyz	Tony T-Bone	1	3	1	0	3	0	Intact	Sam	Vision							-64	-36	-100																																											2026-03-15	and8	https://and8.dance/en/stats/reports/5439/4100/?data=1&x=935&y=130&w=1225&type=r
Break2Future 2026	1vs1 Breaking Kids Top 32 KnockOut	Kiara	Lucky Lux	Lucky Lux	1	3	0	1	0	3	Intact	Sam	Vision							92	71	100																																											2026-03-15	and8	https://and8.dance/en/stats/reports/5439/4100/?data=1&x=300&y=610&w=1225&type=r
Break2Future 2026	1vs1 Breaking Kids Top 32 KnockOut	Karlito	Fich The Beast	Fich The Beast	1	3	0	1	0	3	Intact	Sam	Vision							9	20	100																																											2026-03-15	and8	https://and8.dance/en/stats/reports/5439/4100/?data=1&x=300&y=540&w=1225&type=r
Break2Future 2026	1vs1 Breaking Kids Top 32 KnockOut	Marble	Sinai	Sinai	1	3	0	1	0	3	Intact	Sam	Vision							55	50	100																																											2026-03-15	and8	https://and8.dance/en/stats/reports/5439/4100/?data=1&x=300&y=475&w=1225&type=r
Break2Future 2026	1vs1 Breaking Kids Top 32 KnockOut	Le Rock	Borni	Le Rock	1	3	1	0	3	0	Intact	Sam	Vision							-76	-56	-100																																											2026-03-15	and8	https://and8.dance/en/stats/reports/5439/4100/?data=1&x=300&y=405&w=1225&type=r
Break2Future 2026	1vs1 Breaking Kids Top 32 KnockOut	Gvyx	X-Step	Gvyx	1	3	1	0	3	0	Intact	Sam	Vision							-61	-69	-100																																											2026-03-15	and8	https://and8.dance/en/stats/reports/5439/4100/?data=1&x=300&y=340&w=1225&type=r
Break2Future 2026	1vs1 Breaking Kids Top 32 KnockOut	Artur	Slyme	Slyme	1	3	0	1	0	3	Intact	Sam	Vision							36	19	100																																											2026-03-15	and8	https://and8.dance/en/stats/reports/5439/4100/?data=1&x=300&y=270&w=1225&type=r
Break2Future 2026	1vs1 Breaking Kids Top 32 KnockOut	Stay-Low	Mapi	Stay-Low	1	3	1	0	3	0	Intact	Sam	Vision							-40	-57	-100																																											2026-03-15	and8	https://and8.dance/en/stats/reports/5439/4100/?data=1&x=300&y=200&w=1225&type=r
Break2Future 2026	1vs1 Breaking Kids Top 32 KnockOut	Jere	Alex	Alex	1	3	0	1	0	3	Intact	Sam	Vision							45	55	100																																											2026-03-15	and8	https://and8.dance/en/stats/reports/5439/4100/?data=1&x=300&y=130&w=1225&type=r
ROCK HARDER	1vs1 B-Girl Top 4 KnockOut	Luma	Mia	Mia	5	5	2	3	8	17	Keimar	Sunny	Piecez	Profo Won	Roxy					38	46	22	19	7					16	26	-9	-3	-16					16	23	15	20	8					23	-35	11	25	-12					-10	20	-11	37	-11					2026-03-22	and8	https://and8.dance/en/stats/reports/5350/4174/?data=1&x=980&y=400&w=1225&type=r
ROCK HARDER	1vs1 B-Girl Top 4 KnockOut	Mia	Tiff	Mia	5	5	3	2	16	9	Keimar	Sunny	Piecez	Profo Won	Roxy					21	-21	-13	-16	-29					-24	7	-17	-9	-11					-14	-47	-12	-12	6					13	-25	16	5	-14					11	-13	10	-6	10					2026-03-22	and8	https://and8.dance/en/stats/reports/5350/4174/?data=1&x=590&y=490&w=1225&type=r
ROCK HARDER	1vs1 B-Girl Top 4 KnockOut	Janada	Luma	Luma	5	5	0	5	4	21	Keimar	Sunny	Piecez	Profo Won	Roxy					30	20	16	36	22					-37	14	12	7	-14					9	-23	13	-2	28					19	24	15	35	25					27	54	11	26	27					2026-03-22	and8	https://and8.dance/en/stats/reports/5350/4174/?data=1&x=590&y=300&w=1225&type=r
ROCK HARDER	1vs1 B-Boy Top 4 KnockOut	Hijack	Edo	Hijack	5	5	3	2	16	9	Keimar	Sunny	Piecez	Profo Won	Roxy					-42	-37	16	-26	-15					14	19	-3	24	-12					-14	-11	13	-41	-10					-20	23	16	23	18					-30	-45	-11	-44	-20					2026-03-22	and8	https://and8.dance/en/stats/reports/5350/4175/?data=1&x=980&y=400&w=1225&type=r
ROCK HARDER	1vs1 B-Boy Top 4 KnockOut	Edo	Machphive	Edo	5	5	5	0	21	4	Keimar	Sunny	Piecez	Profo Won	Roxy					-18	-20	-16	10	15					-10	-29	-12	3	10					-31	-37	-22	-14	-30					-41	-32	-24	-7	-16					-48	-44	-24	-13	-10					2026-03-22	and8	https://and8.dance/en/stats/reports/5350/4175/?data=1&x=590&y=490&w=1225&type=r
ROCK HARDER	1vs1 B-Boy Top 4 KnockOut	Curt Rage	Hijack	Hijack	5	5	1	4	7	18	Keimar	Sunny	Piecez	Profo Won	Roxy					27	40	-10	-28	18					-21	-16	-13	-19	-8					13	45	22	33	18					13	42	16	32	13					10	48	16	26	8					2026-03-22	and8	https://and8.dance/en/stats/reports/5350/4175/?data=1&x=590&y=300&w=1225&type=r
Streetdance Battle Series 2026 - Vol. 1	1vs1 B-Girl Kids Top 8 KnockOut	Viki	Foka	Foka	2	3	0	2	0	6	Ibot	Dora	Freaky Phil							35	27	43							15	20	100																																		2026-04-11	and8	https://and8.dance/en/stats/reports/5413/4034/?data=1&x=615&y=280&w=1225&type=r
Streetdance Battle Series 2026 - Vol. 1	1vs1 B-Girl Kids Top 8 KnockOut	Alicja z krainy barów	Chicoreva	Alicja z krainy barów	2	3	1	1	4	2	Ibot	Dora	Freaky Phil							-11	-31	-16							9	25	-5																																		2026-04-11	and8	https://and8.dance/en/stats/reports/5413/4034/?data=1&x=615&y=465&w=1225&type=r
Streetdance Battle Series 2026 - Vol. 1	1vs1 B-Girl Kids Top 8 KnockOut	Chicoreva	Foka	Foka	1	3	0	1	0	3	Ibot	Dora	Freaky Phil							40	39	100																																											2026-04-11	and8	https://and8.dance/en/stats/reports/5413/4034/?data=1&x=760&y=360&w=1225&type=r
Streetdance Battle Series 2026 - Vol. 1	1vs1 B-Girl Kids Top 8 KnockOut	Viki	Alicja z krainy barów	Viki	1	3	1	0	3	0	Ibot	Dora	Freaky Phil							-13	-30	-22																																											2026-04-11	and8	https://and8.dance/en/stats/reports/5413/4034/?data=1&x=465&y=360&w=1225&type=r
Streetdance Battle Series 2026 - Vol. 1	1vs1 B-Girl Kids Top 8 KnockOut	Foka	Vaninja	Foka	1	3	1	0	3	0	Ibot	Dora	Freaky Phil							-40	-34	-64																																											2026-04-11	and8	https://and8.dance/en/stats/reports/5413/4034/?data=1&x=980&y=430&w=1225&type=r
Streetdance Battle Series 2026 - Vol. 1	1vs1 B-Girl Kids Top 8 KnockOut	Chicoreva	KejZee	Chicoreva	1	3	1	0	2	1	Ibot	Dora	Freaky Phil							4	-36	-23																																											2026-04-11	and8	https://and8.dance/en/stats/reports/5413/4034/?data=1&x=980&y=160&w=1225&type=r
Streetdance Battle Series 2026 - Vol. 1	1vs1 B-Girl Kids Top 8 KnockOut	Alicja z krainy barów	Tessa	Alicja z krainy barów	1	3	1	0	3	0	Ibot	Dora	Freaky Phil							-8	-33	-13																																											2026-04-11	and8	https://and8.dance/en/stats/reports/5413/4034/?data=1&x=245&y=430&w=1225&type=r
Streetdance Battle Series 2026 - Vol. 1	1vs1 B-Girl Kids Top 8 KnockOut	Olka	Viki	Viki	1	3	0	1	0	3	Ibot	Dora	Freaky Phil							7	19	30																																											2026-04-11	and8	https://and8.dance/en/stats/reports/5413/4034/?data=1&x=245&y=160&w=1225&type=r
Streetdance Battle Series 2026 - Vol. 1	1vs1 B-Boy Kids Top 16 KnockOut	T-Rex	Mykyta	Mykyta	2	3	0	2	0	6	Ibot	Dora	Freaky Phil							23	19	64							9	12	45																																		2026-04-11	and8	https://and8.dance/en/stats/reports/5413/4035/?data=1&x=615&y=175&w=1225&type=r
Streetdance Battle Series 2026 - Vol. 1	1vs1 B-Boy Kids Top 16 KnockOut	Madmax	KapseL	Madmax	2	3	2	0	5	1	Ibot	Dora	Freaky Phil							-16	-23	-22							-10	17	-57																																		2026-04-11	and8	https://and8.dance/en/stats/reports/5413/4035/?data=1&x=615&y=525&w=1225&type=r
Streetdance Battle Series 2026 - Vol. 1	1vs1 B-Boy Kids Top 16 KnockOut	KapseL	Mykyta	Mykyta	1	3	0	1	0	3	Ibot	Dora	Freaky Phil							35	17	100																																											2026-04-11	and8	https://and8.dance/en/stats/reports/5413/4035/?data=1&x=745&y=360&w=1225&type=r
Streetdance Battle Series 2026 - Vol. 1	1vs1 B-Boy Kids Top 16 KnockOut	Madmax	T-Rex	T-Rex	1	3	0	1	1	2	Ibot	Dora	Freaky Phil							6	21	-11																																											2026-04-11	and8	https://and8.dance/en/stats/reports/5413/4035/?data=1&x=480&y=360&w=1225&type=r
Streetdance Battle Series 2026 - Vol. 1	1vs1 B-Boy Kids Top 16 KnockOut	Leonidas	Mykyta	Mykyta	1	3	0	1	0	3	Ibot	Dora	Freaky Phil							35	20	100																																											2026-04-11	and8	https://and8.dance/en/stats/reports/5413/4035/?data=1&x=785&y=495&w=1225&type=r
Streetdance Battle Series 2026 - Vol. 1	1vs1 B-Boy Kids Top 16 KnockOut	KapseL	B-boy Phoenix	KapseL	1	3	1	0	2	1	Ibot	Dora	Freaky Phil							-13	22	-50																																											2026-04-11	and8	https://and8.dance/en/stats/reports/5413/4035/?data=1&x=785&y=225&w=1225&type=r
Streetdance Battle Series 2026 - Vol. 1	1vs1 B-Boy Kids Top 16 KnockOut	MJ	T-Rex	T-Rex	1	3	0	1	1	2	Ibot	Dora	Freaky Phil							24	18	-8																																											2026-04-11	and8	https://and8.dance/en/stats/reports/5413/4035/?data=1&x=440&y=495&w=1225&type=r
Streetdance Battle Series 2026 - Vol. 1	1vs1 B-Boy Kids Top 16 KnockOut	Marcelko	Madmax	Madmax	1	3	0	1	1	2	Ibot	Dora	Freaky Phil							24	-15	100																																											2026-04-11	and8	https://and8.dance/en/stats/reports/5413/4035/?data=1&x=440&y=225&w=1225&type=r
Streetdance Battle Series 2026 - Vol. 1	1vs1 B-Boy Kids Top 16 KnockOut	Mykyta	Rob	Mykyta	1	3	1	0	3	0	Ibot	Dora	Freaky Phil							-53	-47	-100																																											2026-04-11	and8	https://and8.dance/en/stats/reports/5413/4035/?data=1&x=1085&y=540&w=1225&type=r
Streetdance Battle Series 2026 - Vol. 1	1vs1 B-Boy Kids Top 16 KnockOut	Leonidas	SpeedBeat	Leonidas	1	3	1	0	3	0	Ibot	Dora	Freaky Phil							-14	-40	-32																																											2026-04-11	and8	https://and8.dance/en/stats/reports/5413/4035/?data=1&x=1085&y=405&w=1225&type=r
Streetdance Battle Series 2026 - Vol. 1	1vs1 B-Boy Kids Top 16 KnockOut	B-boy Phoenix	Olaf	B-boy Phoenix	1	3	1	0	3	0	Ibot	Dora	Freaky Phil							-11	-54	-65																																											2026-04-11	and8	https://and8.dance/en/stats/reports/5413/4035/?data=1&x=1085&y=270&w=1225&type=r
Streetdance Battle Series 2026 - Vol. 1	1vs1 B-Boy Kids Top 16 KnockOut	KapseL	RuffAttack	KapseL	1	3	1	0	2	1	Ibot	Dora	Freaky Phil							13	-35	-14																																											2026-04-11	and8	https://and8.dance/en/stats/reports/5413/4035/?data=1&x=1085&y=135&w=1225&type=r
Streetdance Battle Series 2026 - Vol. 1	1vs1 B-Boy Kids Top 16 KnockOut	T-Rex	Jenergy	T-Rex	1	3	1	0	3	0	Ibot	Dora	Freaky Phil							-38	-47	-39																																											2026-04-11	and8	https://and8.dance/en/stats/reports/5413/4035/?data=1&x=135&y=540&w=1225&type=r
Streetdance Battle Series 2026 - Vol. 1	1vs1 B-Boy Kids Top 16 KnockOut	Bboy Lionel	MJ	MJ	1	3	0	1	1	2	Ibot	Dora	Freaky Phil							-12	18	25																																											2026-04-11	and8	https://and8.dance/en/stats/reports/5413/4035/?data=1&x=135&y=405&w=1225&type=r
Streetdance Battle Series 2026 - Vol. 1	1vs1 B-Boy Kids Top 16 KnockOut	Bboy Navin	Madmax	Madmax	1	3	0	1	0	3	Ibot	Dora	Freaky Phil							32	28	77																																											2026-04-11	and8	https://and8.dance/en/stats/reports/5413/4035/?data=1&x=135&y=270&w=1225&type=r
Streetdance Battle Series 2026 - Vol. 1	1vs1 B-Boy Kids Top 16 KnockOut	Marcelko	Airlex	Marcelko	1	3	1	0	3	0	Ibot	Dora	Freaky Phil							-22	-47	-100																																											2026-04-11	and8	https://and8.dance/en/stats/reports/5413/4035/?data=1&x=135&y=135&w=1225&type=r
Streetdance Battle Series 2026 - Vol. 1	1vs1 B-Girl Youth Top 8 KnockOut	Emi	Jojo	Emi	2	3	1	1	4	2	Ibot	Dora	Freaky Phil							-13	19	18							-8	-18	-24																																		2026-04-11	and8	https://and8.dance/en/stats/reports/5413/4036/?data=1&x=615&y=280&w=1225&type=r
Streetdance Battle Series 2026 - Vol. 1	1vs1 B-Girl Youth Top 8 KnockOut	Nora	Waga	Nora	2	3	2	0	6	0	Ibot	Dora	Freaky Phil							-8	-25	-32							-5	-17	-2																																		2026-04-11	and8	https://and8.dance/en/stats/reports/5413/4036/?data=1&x=615&y=465&w=1225&type=r
Streetdance Battle Series 2026 - Vol. 1	1vs1 B-Girl Youth Top 8 KnockOut	Waga	Jojo	Jojo	1	3	0	1	0	3	Ibot	Dora	Freaky Phil							13	26	50																																											2026-04-11	and8	https://and8.dance/en/stats/reports/5413/4036/?data=1&x=760&y=360&w=1225&type=r
Streetdance Battle Series 2026 - Vol. 1	1vs1 B-Girl Youth Top 8 KnockOut	Nora	Emi	Emi	1	3	0	1	1	2	Ibot	Dora	Freaky Phil							9	17	-10																																											2026-04-11	and8	https://and8.dance/en/stats/reports/5413/4036/?data=1&x=465&y=360&w=1225&type=r
Streetdance Battle Series 2026 - Vol. 1	1vs1 B-Girl Youth Top 8 KnockOut	lidzia	Jojo	Jojo	1	3	0	1	0	3	Ibot	Dora	Freaky Phil							8	24	77																																											2026-04-11	and8	https://and8.dance/en/stats/reports/5413/4036/?data=1&x=980&y=430&w=1225&type=r
Streetdance Battle Series 2026 - Vol. 1	1vs1 B-Girl Youth Top 8 KnockOut	Wiksa	Waga	Waga	1	3	0	1	1	2	Ibot	Dora	Freaky Phil							4	21	-26																																											2026-04-11	and8	https://and8.dance/en/stats/reports/5413/4036/?data=1&x=980&y=160&w=1225&type=r
Streetdance Battle Series 2026 - Vol. 1	1vs1 B-Girl Youth Top 8 KnockOut	Li	Emi	Emi	1	3	0	1	0	3	Ibot	Dora	Freaky Phil							8	22	29																																											2026-04-11	and8	https://and8.dance/en/stats/reports/5413/4036/?data=1&x=245&y=430&w=1225&type=r
Streetdance Battle Series 2026 - Vol. 1	1vs1 B-Girl Youth Top 8 KnockOut	Emi Lii	Nora	Nora	1	3	0	1	0	3	Ibot	Dora	Freaky Phil							4	20	3																																											2026-04-11	and8	https://and8.dance/en/stats/reports/5413/4036/?data=1&x=245&y=160&w=1225&type=r
Streetdance Battle Series 2026 - Vol. 1	1vs1 B-Boy Youth Top 8 KnockOut	Lawal	Jerom	Lawal	2	3	2	0	6	0	Ibot	Dora	Freaky Phil							-15	-30	-65							-11	-42	-68																																		2026-04-11	and8	https://and8.dance/en/stats/reports/5413/4037/?data=1&x=615&y=280&w=1225&type=r
Streetdance Battle Series 2026 - Vol. 1	1vs1 B-Boy Youth Top 8 KnockOut	LiL Dan	Athletix	LiL Dan	2	3	2	0	6	0	Ibot	Dora	Freaky Phil							-12	-37	-51							-15	-19	-5																																		2026-04-11	and8	https://and8.dance/en/stats/reports/5413/4037/?data=1&x=615&y=465&w=1225&type=r
Streetdance Battle Series 2026 - Vol. 1	1vs1 B-Boy Youth Top 8 KnockOut	Athletix	Jerom	Jerom	1	3	0	1	1	2	Ibot	Dora	Freaky Phil							4	-13	58																																											2026-04-11	and8	https://and8.dance/en/stats/reports/5413/4037/?data=1&x=760&y=360&w=1225&type=r
Streetdance Battle Series 2026 - Vol. 1	1vs1 B-Boy Youth Top 8 KnockOut	LiL Dan	Lawal	Lawal	1	3	0	1	0	3	Ibot	Dora	Freaky Phil							6	20	27																																											2026-04-11	and8	https://and8.dance/en/stats/reports/5413/4037/?data=1&x=465&y=360&w=1225&type=r
Streetdance Battle Series 2026 - Vol. 1	1vs1 B-Boy Youth Top 8 KnockOut	Akro	Jerom	Jerom	1	3	0	1	1	2	Ibot	Dora	Freaky Phil							-6	29	5																																											2026-04-11	and8	https://and8.dance/en/stats/reports/5413/4037/?data=1&x=980&y=430&w=1225&type=r
Streetdance Battle Series 2026 - Vol. 1	1vs1 B-Boy Youth Top 8 KnockOut	SebStep	Athletix	Athletix	1	3	0	1	1	2	Ibot	Dora	Freaky Phil							-6	16	54																																											2026-04-11	and8	https://and8.dance/en/stats/reports/5413/4037/?data=1&x=980&y=160&w=1225&type=r
Streetdance Battle Series 2026 - Vol. 1	1vs1 B-Boy Youth Top 8 KnockOut	Lawal	Mojo	Lawal	1	3	1	0	3	0	Ibot	Dora	Freaky Phil							-12	-46	-100																																											2026-04-11	and8	https://and8.dance/en/stats/reports/5413/4037/?data=1&x=245&y=430&w=1225&type=r
Streetdance Battle Series 2026 - Vol. 1	1vs1 B-Boy Youth Top 8 KnockOut	LiL Dan	Ado	LiL Dan	1	3	1	0	3	0	Ibot	Dora	Freaky Phil							-44	-42	-77																																											2026-04-11	and8	https://and8.dance/en/stats/reports/5413/4037/?data=1&x=245&y=160&w=1225&type=r
Streetdance Battle Series 2026 - Vol. 1	1vs1 B-Girl Pro Top 8 KnockOut	Blanca	Denice	Blanca	2	3	2	0	5	1	Ibot	Dora	Freaky Phil							-3	-24	-14							9	-12	-1																																		2026-04-11	and8	https://and8.dance/en/stats/reports/5413/4038/?data=1&x=615&y=280&w=1225&type=r
Streetdance Battle Series 2026 - Vol. 1	1vs1 B-Girl Pro Top 8 KnockOut	Anna	Frida	Anna	2	3	2	0	6	0	Ibot	Dora	Freaky Phil							-8	-17	-19							-10	-32	-13																																		2026-04-11	and8	https://and8.dance/en/stats/reports/5413/4038/?data=1&x=615&y=465&w=1225&type=r
Streetdance Battle Series 2026 - Vol. 1	1vs1 B-Girl Pro Top 8 KnockOut	Denice	Frida	Denice	1	3	1	0	2	1	Ibot	Dora	Freaky Phil							-2	-24	52																																											2026-04-11	and8	https://and8.dance/en/stats/reports/5413/4038/?data=1&x=760&y=360&w=1225&type=r
Streetdance Battle Series 2026 - Vol. 1	1vs1 B-Girl Pro Top 8 KnockOut	Anna	Blanca	Blanca	1	3	0	1	1	2	Ibot	Dora	Freaky Phil							7	17	-100																																											2026-04-11	and8	https://and8.dance/en/stats/reports/5413/4038/?data=1&x=465&y=360&w=1225&type=r
Streetdance Battle Series 2026 - Vol. 1	1vs1 B-Girl Pro Top 8 KnockOut	Waga	Frida	Frida	1	3	0	1	0	3	Ibot	Dora	Freaky Phil							12	18	64																																											2026-04-11	and8	https://and8.dance/en/stats/reports/5413/4038/?data=1&x=980&y=430&w=1225&type=r
Streetdance Battle Series 2026 - Vol. 1	1vs1 B-Girl Pro Top 8 KnockOut	Denice	SoFly	Denice	1	3	1	0	2	1	Ibot	Dora	Freaky Phil							-3	-20	2																																											2026-04-11	and8	https://and8.dance/en/stats/reports/5413/4038/?data=1&x=980&y=160&w=1225&type=r
Streetdance Battle Series 2026 - Vol. 1	1vs1 B-Girl Pro Top 8 KnockOut	Princess	Blanca	Blanca	1	3	0	1	0	3	Ibot	Dora	Freaky Phil							18	23	16																																											2026-04-11	and8	https://and8.dance/en/stats/reports/5413/4038/?data=1&x=245&y=430&w=1225&type=r
Streetdance Battle Series 2026 - Vol. 1	1vs1 B-Girl Pro Top 8 KnockOut	Anna	Emi	Anna	1	3	1	0	2	1	Ibot	Dora	Freaky Phil							6	-30	-28																																											2026-04-11	and8	https://and8.dance/en/stats/reports/5413/4038/?data=1&x=245&y=160&w=1225&type=r
Streetdance Battle Series 2026 - Vol. 1	1vs1 B-Boy Pro Top 8 KnockOut	Felipe	BANBI	Felipe	2	3	2	0	5	1	Ibot	Dora	Freaky Phil							-20	-34	-8							-46	-9	62																																		2026-04-11	and8	https://and8.dance/en/stats/reports/5413/4039/?data=1&x=615&y=280&w=1225&type=r
Streetdance Battle Series 2026 - Vol. 1	1vs1 B-Boy Pro Top 8 KnockOut	FloyDthe47	Akro	FloyDthe47	2	3	2	0	6	0	Ibot	Dora	Freaky Phil							-10	-15	-11							-31	-66	-51																																		2026-04-11	and8	https://and8.dance/en/stats/reports/5413/4039/?data=1&x=615&y=465&w=1225&type=r
Streetdance Battle Series 2026 - Vol. 1	1vs1 B-Boy Pro Top 8 KnockOut	Akro	BANBI	BANBI	1	3	0	1	0	3	Ibot	Dora	Freaky Phil							13	25	64																																											2026-04-11	and8	https://and8.dance/en/stats/reports/5413/4039/?data=1&x=760&y=360&w=1225&type=r
Streetdance Battle Series 2026 - Vol. 1	1vs1 B-Boy Pro Top 8 KnockOut	FloyDthe47	Felipe	Felipe	1	3	0	1	1	2	Ibot	Dora	Freaky Phil							2	18	-16																																											2026-04-11	and8	https://and8.dance/en/stats/reports/5413/4039/?data=1&x=465&y=360&w=1225&type=r
Streetdance Battle Series 2026 - Vol. 1	1vs1 B-Boy Pro Top 8 KnockOut	Krypto	BANBI	BANBI	1	3	0	1	0	3	Ibot	Dora	Freaky Phil							12	21	100																																											2026-04-11	and8	https://and8.dance/en/stats/reports/5413/4039/?data=1&x=980&y=430&w=1225&type=r
Streetdance Battle Series 2026 - Vol. 1	1vs1 B-Boy Pro Top 8 KnockOut	Akro	Budzik	Akro	1	3	1	0	2	1	Ibot	Dora	Freaky Phil							-28	21	-14																																											2026-04-11	and8	https://and8.dance/en/stats/reports/5413/4039/?data=1&x=980&y=160&w=1225&type=r
Streetdance Battle Series 2026 - Vol. 1	1vs1 B-Boy Pro Top 8 KnockOut	gulliver	Felipe	Felipe	1	3	0	1	0	3	Ibot	Dora	Freaky Phil							15	34	54																																											2026-04-11	and8	https://and8.dance/en/stats/reports/5413/4039/?data=1&x=245&y=430&w=1225&type=r
Streetdance Battle Series 2026 - Vol. 1	1vs1 B-Boy Pro Top 8 KnockOut	FloyDthe47	cubo	FloyDthe47	1	3	1	0	3	0	Ibot	Dora	Freaky Phil							-11	-32	-24																																											2026-04-11	and8	https://and8.dance/en/stats/reports/5413/4039/?data=1&x=245&y=160&w=1225&type=r
Red Bull BC One Cypher Austria 2026	1vs1 B-Boy Qualifier TOP30 - Knock-Out	Killua	Kelt	Kelt	2	3	0	2	1	5	RoxRite	Roxy	Jey							8	8	16							10	-9	13																																		2026-04-18	and8	https://and8.dance/en/stats/reports/5437/4317/?data=1&x=300&y=610&w=1225&type=r
Red Bull BC One Cypher Austria 2026	1vs1 B-Boy Qualifier TOP30 - Knock-Out	Grex	Flowmon	Grex	2	3	2	0	6	0	RoxRite	Roxy	Jey							-24	-19	-27							-10	-23	-9																																		2026-04-18	and8	https://and8.dance/en/stats/reports/5437/4317/?data=1&x=300&y=540&w=1225&type=r
Red Bull BC One Cypher Austria 2026	1vs1 B-Boy Qualifier TOP30 - Knock-Out	Thiago	Ninjo	Ninjo	2	3	0	2	0	6	RoxRite	Roxy	Jey							25	34	28							9	19	17																																		2026-04-18	and8	https://and8.dance/en/stats/reports/5437/4317/?data=1&x=300&y=475&w=1225&type=r
Red Bull BC One Cypher Austria 2026	1vs1 B-Boy Qualifier TOP30 - Knock-Out	Lawal	J-Cool	Lawal	2	3	2	0	4	2	RoxRite	Roxy	Jey							7	-14	-12							3	-18	-6																																		2026-04-18	and8	https://and8.dance/en/stats/reports/5437/4317/?data=1&x=300&y=405&w=1225&type=r
Red Bull BC One Cypher Austria 2026	1vs1 B-Boy Qualifier TOP30 - Knock-Out	Vresh	Koda	Koda	2	3	0	2	0	6	RoxRite	Roxy	Jey							17	18	57							15	22	60																																		2026-04-18	and8	https://and8.dance/en/stats/reports/5437/4317/?data=1&x=300&y=340&w=1225&type=r
Red Bull BC One Cypher Austria 2026	1vs1 B-Boy Qualifier TOP30 - Knock-Out	Sigma	EkusayA	Sigma	2	3	2	0	6	0	RoxRite	Roxy	Jey							-14	-37	-72							-14	-50	-67																																		2026-04-18	and8	https://and8.dance/en/stats/reports/5437/4317/?data=1&x=300&y=270&w=1225&type=r
Red Bull BC One Cypher Austria 2026	1vs1 B-Boy Qualifier TOP30 - Knock-Out	Cicov	Bizar	Cicov	2	3	2	0	6	0	RoxRite	Roxy	Jey							-10	-25	-75							-14	-22	-77																																		2026-04-18	and8	https://and8.dance/en/stats/reports/5437/4317/?data=1&x=300&y=200&w=1225&type=r
Red Bull BC One Cypher Austria 2026	1vs1 B-Boy Qualifier TOP30 - Knock-Out	Croxi	Wolfer	Wolfer	2	3	0	2	0	6	RoxRite	Roxy	Jey							15	78	65							23	51	92																																		2026-04-18	and8	https://and8.dance/en/stats/reports/5437/4317/?data=1&x=300&y=130&w=1225&type=r
Level Up - Breaking Battle Series	1vs1 Breaking Kids Top 4 KnockOut	Dominic	Pasha	Pasha	2	3	0	2	1	5	NoIndex	Airmax	Killian							29	31	23							-7	73	30																																		2026-04-18	and8	https://and8.dance/en/stats/reports/5477/4214/?data=1&x=980&y=400&w=1225&type=r
Level Up - Breaking Battle Series	1vs1 Breaking Kids Top 4 KnockOut	Bruno K	Dotti	Dotti	1	3	0	1	1	2	NoIndex	Airmax	Killian							7	-34	47																																											2026-04-18	and8	https://and8.dance/en/stats/reports/5477/4214/?data=1&x=570&y=400&w=1225&type=r
Level Up - Breaking Battle Series	1vs1 Breaking Kids Top 4 KnockOut	Pasha	Dotti	Pasha	1	3	1	0	3	0	NoIndex	Airmax	Killian							-100	-12	-61																																											2026-04-18	and8	https://and8.dance/en/stats/reports/5477/4214/?data=1&x=590&y=490&w=1225&type=r
Level Up - Breaking Battle Series	1vs1 Breaking Kids Top 4 KnockOut	Bruno K	Dominic	Dominic	1	3	0	1	0	3	NoIndex	Airmax	Killian							5	17	13																																											2026-04-18	and8	https://and8.dance/en/stats/reports/5477/4214/?data=1&x=590&y=300&w=1225&type=r
Level Up - Breaking Battle Series	1vs1 B-Girl Juniors Top 8 KnockOut	Queenbee	Anni	Queenbee	2	3	2	0	6	0	NoIndex	Airmax	Killian							-5	-45	-6							-36	-12	-2																																		2026-04-18	and8	https://and8.dance/en/stats/reports/5477/4215/?data=1&x=615&y=280&w=1225&type=r
Level Up - Breaking Battle Series	1vs1 B-Girl Juniors Top 8 KnockOut	BG-Maliya	Lia	BG-Maliya	1	3	1	0	2	1	NoIndex	Airmax	Killian							-5	-63	31																																											2026-04-18	and8	https://and8.dance/en/stats/reports/5477/4215/?data=1&x=615&y=465&w=1225&type=r
Level Up - Breaking Battle Series	1vs1 B-Girl Juniors Top 8 KnockOut	Lia	Anni	Anni	1	3	0	1	0	3	NoIndex	Airmax	Killian							5	43	69																																											2026-04-18	and8	https://and8.dance/en/stats/reports/5477/4215/?data=1&x=760&y=360&w=1225&type=r
Level Up - Breaking Battle Series	1vs1 B-Girl Juniors Top 8 KnockOut	BG-Maliya	Queenbee	Queenbee	1	3	0	1	0	3	NoIndex	Airmax	Killian							86	63	39																																											2026-04-18	and8	https://and8.dance/en/stats/reports/5477/4215/?data=1&x=465&y=360&w=1225&type=r
Level Up - Breaking Battle Series	1vs1 B-Girl Juniors Top 8 KnockOut	Anni	Anna	Anni	1	3	1	0	3	0	NoIndex	Airmax	Killian							-77	-54	-55																																											2026-04-18	and8	https://and8.dance/en/stats/reports/5477/4215/?data=1&x=980&y=430&w=1225&type=r
Level Up - Breaking Battle Series	1vs1 B-Girl Juniors Top 8 KnockOut	Lia	C-ya	Lia	1	3	1	0	3	0	NoIndex	Airmax	Killian							-73	-48	-41																																											2026-04-18	and8	https://and8.dance/en/stats/reports/5477/4215/?data=1&x=980&y=160&w=1225&type=r
Level Up - Breaking Battle Series	1vs1 B-Girl Juniors Top 8 KnockOut	Queenbee	Finnja	Queenbee	1	3	1	0	3	0	NoIndex	Airmax	Killian							-73	-86	-52																																											2026-04-18	and8	https://and8.dance/en/stats/reports/5477/4215/?data=1&x=245&y=430&w=1225&type=r
Level Up - Breaking Battle Series	1vs1 B-Girl Juniors Top 8 KnockOut	BG-Maliya	Fee Fox	BG-Maliya	1	3	1	0	2	1	NoIndex	Airmax	Killian							-67	16	-42																																											2026-04-18	and8	https://and8.dance/en/stats/reports/5477/4215/?data=1&x=245&y=160&w=1225&type=r
Level Up - Breaking Battle Series	1vs1 B-Boy Juniors Top 16 KnockOut	MoppDeep	Knuckles	Knuckles	2	3	0	2	0	6	NoIndex	Airmax	Killian							43	21	34							21	75	30																																		2026-04-18	and8	https://and8.dance/en/stats/reports/5477/4216/?data=1&x=615&y=175&w=1225&type=r
Level Up - Breaking Battle Series	1vs1 B-Boy Juniors Top 16 KnockOut	Roman	Ben	Roman	1	3	1	0	3	0	NoIndex	Airmax	Killian							-25	-75	-8																																											2026-04-18	and8	https://and8.dance/en/stats/reports/5477/4216/?data=1&x=615&y=525&w=1225&type=r
Level Up - Breaking Battle Series	1vs1 B-Boy Juniors Top 16 KnockOut	Ben	Knuckles	Knuckles	1	3	0	1	1	2	NoIndex	Airmax	Killian							98	-13	18																																											2026-04-18	and8	https://and8.dance/en/stats/reports/5477/4216/?data=1&x=745&y=360&w=1225&type=r
Level Up - Breaking Battle Series	1vs1 B-Boy Juniors Top 16 KnockOut	Roman	MoppDeep	MoppDeep	1	3	0	1	0	3	NoIndex	Airmax	Killian							49	51	9																																											2026-04-18	and8	https://and8.dance/en/stats/reports/5477/4216/?data=1&x=480&y=360&w=1225&type=r
Level Up - Breaking Battle Series	1vs1 B-Boy Juniors Top 16 KnockOut	Pepe-M	Knuckles	Knuckles	1	3	0	1	0	3	NoIndex	Airmax	Killian							65	57	80																																											2026-04-18	and8	https://and8.dance/en/stats/reports/5477/4216/?data=1&x=785&y=495&w=1225&type=r
Level Up - Breaking Battle Series	1vs1 B-Boy Juniors Top 16 KnockOut	No	Ben	Ben	1	3	0	1	1	2	NoIndex	Airmax	Killian							5	-62	36																																											2026-04-18	and8	https://and8.dance/en/stats/reports/5477/4216/?data=1&x=785&y=225&w=1225&type=r
Level Up - Breaking Battle Series	1vs1 B-Boy Juniors Top 16 KnockOut	David	MoppDeep	MoppDeep	1	3	0	1	0	3	NoIndex	Airmax	Killian							88	84	29																																											2026-04-18	and8	https://and8.dance/en/stats/reports/5477/4216/?data=1&x=440&y=495&w=1225&type=r
Level Up - Breaking Battle Series	1vs1 B-Boy Juniors Top 16 KnockOut	Roman	Pepe	Roman	1	3	1	0	2	1	NoIndex	Airmax	Killian							-66	-83	20																																											2026-04-18	and8	https://and8.dance/en/stats/reports/5477/4216/?data=1&x=440&y=225&w=1225&type=r
Level Up - Breaking Battle Series	1vs1 B-Boy Juniors Top 16 KnockOut	Knuckles	Thees	Knuckles	1	3	1	0	3	0	NoIndex	Airmax	Killian							-57	-47	-57																																											2026-04-18	and8	https://and8.dance/en/stats/reports/5477/4216/?data=1&x=1085&y=540&w=1225&type=r
Level Up - Breaking Battle Series	1vs1 B-Boy Juniors Top 16 KnockOut	Mahone	Pepe-M	Pepe-M	1	3	0	1	0	3	NoIndex	Airmax	Killian							43	73	38																																											2026-04-18	and8	https://and8.dance/en/stats/reports/5477/4216/?data=1&x=1085&y=405&w=1225&type=r
Level Up - Breaking Battle Series	1vs1 B-Boy Juniors Top 16 KnockOut	Tayler	Ben	Ben	1	3	0	1	0	3	NoIndex	Airmax	Killian							32	64	55																																											2026-04-18	and8	https://and8.dance/en/stats/reports/5477/4216/?data=1&x=1085&y=270&w=1225&type=r
Level Up - Breaking Battle Series	1vs1 B-Boy Juniors Top 16 KnockOut	Bow	No	No	1	3	0	1	0	3	NoIndex	Airmax	Killian							88	10	56																																											2026-04-18	and8	https://and8.dance/en/stats/reports/5477/4216/?data=1&x=1085&y=135&w=1225&type=r
Level Up - Breaking Battle Series	1vs1 B-Boy Juniors Top 16 KnockOut	Spinning Toni	MoppDeep	MoppDeep	1	3	0	1	1	2	NoIndex	Airmax	Killian							-30	70	14																																											2026-04-18	and8	https://and8.dance/en/stats/reports/5477/4216/?data=1&x=135&y=540&w=1225&type=r
Level Up - Breaking Battle Series	1vs1 B-Boy Juniors Top 16 KnockOut	Lillebrot	David	David	1	3	0	1	1	2	NoIndex	Airmax	Killian							7	-16	32																																											2026-04-18	and8	https://and8.dance/en/stats/reports/5477/4216/?data=1&x=135&y=405&w=1225&type=r
Level Up - Breaking Battle Series	1vs1 B-Boy Juniors Top 16 KnockOut	Pepe	Sharingan	Pepe	1	3	1	0	3	0	NoIndex	Airmax	Killian							-18	-20	-67																																											2026-04-18	and8	https://and8.dance/en/stats/reports/5477/4216/?data=1&x=135&y=270&w=1225&type=r
Level Up - Breaking Battle Series	1vs1 B-Boy Juniors Top 16 KnockOut	Janis	Roman	Roman	1	3	0	1	1	2	NoIndex	Airmax	Killian							63	81	-13																																											2026-04-18	and8	https://and8.dance/en/stats/reports/5477/4216/?data=1&x=135&y=135&w=1225&type=r
Level Up - Breaking Battle Series	1vs1 B-Girl Youth Top 8 KnockOut	Lakisha	Mila	Lakisha	3	3	2	1	5	4	NoIndex	Airmax	Killian							-12	13	-42							6	74	-30							-5	15	-37																									2026-04-18	and8	https://and8.dance/en/stats/reports/5477/4217/?data=1&x=615&y=280&w=1225&type=r
Level Up - Breaking Battle Series	1vs1 B-Girl Youth Top 8 KnockOut	Una	Esther	Una	1	3	1	0	3	0	NoIndex	Airmax	Killian							-24	-84	-17																																											2026-04-18	and8	https://and8.dance/en/stats/reports/5477/4217/?data=1&x=615&y=465&w=1225&type=r
Level Up - Breaking Battle Series	1vs1 B-Girl Youth Top 8 KnockOut	Esther	Mila	Mila	1	3	0	1	0	3	NoIndex	Airmax	Killian							35	79	15																																											2026-04-18	and8	https://and8.dance/en/stats/reports/5477/4217/?data=1&x=760&y=360&w=1225&type=r
Level Up - Breaking Battle Series	1vs1 B-Girl Youth Top 8 KnockOut	Lakisha	Una	Lakisha	1	3	1	0	3	0	NoIndex	Airmax	Killian							-69	-79	-13																																											2026-04-18	and8	https://and8.dance/en/stats/reports/5477/4217/?data=1&x=465&y=360&w=1225&type=r
Level Up - Breaking Battle Series	1vs1 B-Girl Youth Top 8 KnockOut	Mila	Florentine	Mila	1	3	1	0	3	0	NoIndex	Airmax	Killian							-50	-100	-59																																											2026-04-18	and8	https://and8.dance/en/stats/reports/5477/4217/?data=1&x=980&y=430&w=1225&type=r
Level Up - Breaking Battle Series	1vs1 B-Girl Youth Top 8 KnockOut	Lotti	Esther	Esther	1	3	0	1	0	3	NoIndex	Airmax	Killian							55	35	59																																											2026-04-18	and8	https://and8.dance/en/stats/reports/5477/4217/?data=1&x=980&y=160&w=1225&type=r
Level Up - Breaking Battle Series	1vs1 B-Girl Youth Top 8 KnockOut	Una	Marie	Una	1	3	1	0	3	0	NoIndex	Airmax	Killian							-89	-69	-61																																											2026-04-18	and8	https://and8.dance/en/stats/reports/5477/4217/?data=1&x=245&y=430&w=1225&type=r
Level Up - Breaking Battle Series	1vs1 B-Girl Youth Top 8 KnockOut	Anna	Lakisha	Lakisha	1	3	0	1	0	3	NoIndex	Airmax	Killian							100	66	37																																											2026-04-18	and8	https://and8.dance/en/stats/reports/5477/4217/?data=1&x=245&y=160&w=1225&type=r
Level Up - Breaking Battle Series	1vs1 B-Boy Youth Top 16 KnockOut	Skrill	Jojo	Jojo	2	3	0	2	0	6	NoIndex	Airmax	Killian							5	26	28							9	68	17																																		2026-04-18	and8	https://and8.dance/en/stats/reports/5477/4218/?data=1&x=615&y=175&w=1225&type=r
Level Up - Breaking Battle Series	1vs1 B-Boy Youth Top 16 KnockOut	Bison	pakura	pakura	1	3	0	1	0	3	NoIndex	Airmax	Killian							4	59	16																																											2026-04-18	and8	https://and8.dance/en/stats/reports/5477/4218/?data=1&x=615&y=525&w=1225&type=r
Level Up - Breaking Battle Series	1vs1 B-Boy Youth Top 16 KnockOut	pakura	Jojo	Jojo	1	3	0	1	0	3	NoIndex	Airmax	Killian							73	93	33																																											2026-04-18	and8	https://and8.dance/en/stats/reports/5477/4218/?data=1&x=745&y=360&w=1225&type=r
Level Up - Breaking Battle Series	1vs1 B-Boy Youth Top 16 KnockOut	Skrill	Bison	Skrill	1	3	1	0	3	0	NoIndex	Airmax	Killian							-59	-85	-55																																											2026-04-18	and8	https://and8.dance/en/stats/reports/5477/4218/?data=1&x=480&y=360&w=1225&type=r
Level Up - Breaking Battle Series	1vs1 B-Boy Youth Top 16 KnockOut	Julian	Jojo	Jojo	1	3	0	1	0	3	NoIndex	Airmax	Killian							39	64	58																																											2026-04-18	and8	https://and8.dance/en/stats/reports/5477/4218/?data=1&x=785&y=495&w=1225&type=r
Level Up - Breaking Battle Series	1vs1 B-Boy Youth Top 16 KnockOut	Benny	pakura	pakura	1	3	0	1	0	3	NoIndex	Airmax	Killian							35	64	100																																											2026-04-18	and8	https://and8.dance/en/stats/reports/5477/4218/?data=1&x=785&y=225&w=1225&type=r
Level Up - Breaking Battle Series	1vs1 B-Boy Youth Top 16 KnockOut	Bison	Env	Bison	1	3	1	0	2	1	NoIndex	Airmax	Killian							26	-27	-20																																											2026-04-18	and8	https://and8.dance/en/stats/reports/5477/4218/?data=1&x=440&y=495&w=1225&type=r
Level Up - Breaking Battle Series	1vs1 B-Boy Youth Top 16 KnockOut	Lasse	Skrill	Skrill	1	3	0	1	0	3	NoIndex	Airmax	Killian							42	72	26																																											2026-04-18	and8	https://and8.dance/en/stats/reports/5477/4218/?data=1&x=440&y=225&w=1225&type=r
Level Up - Breaking Battle Series	1vs1 B-Boy Youth Top 16 KnockOut	Jojo	Leandro	Jojo	1	3	1	0	3	0	NoIndex	Airmax	Killian							-50	-45	-48																																											2026-04-18	and8	https://and8.dance/en/stats/reports/5477/4218/?data=1&x=1085&y=540&w=1225&type=r
Level Up - Breaking Battle Series	1vs1 B-Boy Youth Top 16 KnockOut	Julian	Cört	Julian	1	3	1	0	3	0	NoIndex	Airmax	Killian							-12	-32	-71																																											2026-04-18	and8	https://and8.dance/en/stats/reports/5477/4218/?data=1&x=1085&y=405&w=1225&type=r
Level Up - Breaking Battle Series	1vs1 B-Boy Youth Top 16 KnockOut	CeeBee	pakura	pakura	1	3	0	1	0	3	NoIndex	Airmax	Killian							63	73	43																																											2026-04-18	and8	https://and8.dance/en/stats/reports/5477/4218/?data=1&x=1085&y=270&w=1225&type=r
Level Up - Breaking Battle Series	1vs1 B-Boy Youth Top 16 KnockOut	Moritz	Benny	Benny	1	3	0	1	1	2	NoIndex	Airmax	Killian							8	19	-30																																											2026-04-18	and8	https://and8.dance/en/stats/reports/5477/4218/?data=1&x=1085&y=135&w=1225&type=r
Level Up - Breaking Battle Series	1vs1 B-Boy Youth Top 16 KnockOut	Kieran	Env	Env	1	3	0	1	0	3	NoIndex	Airmax	Killian							8	73	22																																											2026-04-18	and8	https://and8.dance/en/stats/reports/5477/4218/?data=1&x=135&y=540&w=1225&type=r
Level Up - Breaking Battle Series	1vs1 B-Boy Youth Top 16 KnockOut	Yuma	Bison	Bison	1	3	0	1	0	3	NoIndex	Airmax	Killian							12	12	17																																											2026-04-18	and8	https://and8.dance/en/stats/reports/5477/4218/?data=1&x=135&y=405&w=1225&type=r
Level Up - Breaking Battle Series	1vs1 B-Boy Youth Top 16 KnockOut	Oskar	Skrill	Skrill	1	3	0	1	1	2	NoIndex	Airmax	Killian							10	46	-57																																											2026-04-18	and8	https://and8.dance/en/stats/reports/5477/4218/?data=1&x=135&y=270&w=1225&type=r
Level Up - Breaking Battle Series	1vs1 B-Boy Youth Top 16 KnockOut	Lasse	Matthew	Lasse	1	3	1	0	3	0	NoIndex	Airmax	Killian							-9	-74	-52																																											2026-04-18	and8	https://and8.dance/en/stats/reports/5477/4218/?data=1&x=135&y=135&w=1225&type=r
Le Championnat Canadien 2026	1vs1 Breaking Beginner (6-9 years old) Top 16 KnockOut	Whoosh	Gab-B	Whoosh	2	3	2	0	5	1	Mass	Phil Wizard	Frankie							-30	-16	-33							-21	2	-31																																		2026-05-16	and8	https://and8.dance/en/stats/reports/5499/4242/?data=1&x=615&y=175&w=1225&type=r
Le Championnat Canadien 2026	1vs1 Breaking Beginner (6-9 years old) Top 16 KnockOut	Bboy Smiley Mad	OP STYLE	Bboy Smiley Mad	3	3	2	1	4	5	Mass	Phil Wizard	Frankie							16	15	11							34	-9	-19							-21	3	-29																									2026-05-16	and8	https://and8.dance/en/stats/reports/5499/4242/?data=1&x=615&y=525&w=1225&type=r
Le Championnat Canadien 2026	1vs1 Breaking Beginner (6-9 years old) Top 16 KnockOut	Gab-B	OP STYLE	Gab-B	2	3	2	0	5	1	Mass	Phil Wizard	Frankie							-28	-17	-26							14	-12	-20																																		2026-05-16	and8	https://and8.dance/en/stats/reports/5499/4242/?data=1&x=745&y=360&w=1225&type=r
Le Championnat Canadien 2026	1vs1 Breaking Beginner (6-9 years old) Top 16 KnockOut	Whoosh	Bboy Smiley Mad	Whoosh	3	3	2	1	7	2	Mass	Phil Wizard	Frankie							-22	-7	-11							-17	8	32							-35	-16	-22																									2026-05-16	and8	https://and8.dance/en/stats/reports/5499/4242/?data=1&x=480&y=360&w=1225&type=r
Le Championnat Canadien 2026	1vs1 Breaking Beginner (6-9 years old) Top 16 KnockOut	OP STYLE	Alfredo	OP STYLE	1	3	1	0	3	0	Mass	Phil Wizard	Frankie							-7	-3	-16																																											2026-05-16	and8	https://and8.dance/en/stats/reports/5499/4242/?data=1&x=785&y=495&w=1225&type=r
Le Championnat Canadien 2026	1vs1 Breaking Beginner (6-9 years old) Top 16 KnockOut	Gab-B	The Beat Boy	Gab-B	1	3	1	0	2	1	Mass	Phil Wizard	Frankie							14	-8	-4																																											2026-05-16	and8	https://and8.dance/en/stats/reports/5499/4242/?data=1&x=785&y=225&w=1225&type=r
Le Championnat Canadien 2026	1vs1 Breaking Beginner (6-9 years old) Top 16 KnockOut	MikFreeze	Bboy Smiley Mad	Bboy Smiley Mad	1	3	0	1	1	2	Mass	Phil Wizard	Frankie							23	-7	5																																											2026-05-16	and8	https://and8.dance/en/stats/reports/5499/4242/?data=1&x=440&y=495&w=1225&type=r
Le Championnat Canadien 2026	1vs1 Breaking Beginner (6-9 years old) Top 16 KnockOut	Whoosh	Bboy Charly	Whoosh	1	3	1	0	2	1	Mass	Phil Wizard	Frankie							19	-43	-23																																											2026-05-16	and8	https://and8.dance/en/stats/reports/5499/4242/?data=1&x=440&y=225&w=1225&type=r
Le Championnat Canadien 2026	1vs1 Breaking Beginner (6-9 years old) Top 16 KnockOut	Alfredo	Willa Wolf	Alfredo	1	3	1	0	3	0	Mass	Phil Wizard	Frankie							-27	-5	-19																																											2026-05-16	and8	https://and8.dance/en/stats/reports/5499/4242/?data=1&x=1085&y=540&w=1225&type=r
Le Championnat Canadien 2026	1vs1 Breaking Beginner (6-9 years old) Top 16 KnockOut	VTC	OP STYLE	OP STYLE	1	3	0	1	1	2	Mass	Phil Wizard	Frankie							12	1	-36																																											2026-05-16	and8	https://and8.dance/en/stats/reports/5499/4242/?data=1&x=1085&y=405&w=1225&type=r
Le Championnat Canadien 2026	1vs1 Breaking Beginner (6-9 years old) Top 16 KnockOut	The Beat Boy	TomTom	The Beat Boy	1	3	1	0	2	1	Mass	Phil Wizard	Frankie							-26	4	-87																																											2026-05-16	and8	https://and8.dance/en/stats/reports/5499/4242/?data=1&x=1085&y=270&w=1225&type=r
Le Championnat Canadien 2026	1vs1 Breaking Beginner (6-9 years old) Top 16 KnockOut	Maysyflow	Gab-B	Gab-B	1	3	0	1	0	3	Mass	Phil Wizard	Frankie							46	23	20																																											2026-05-16	and8	https://and8.dance/en/stats/reports/5499/4242/?data=1&x=1085&y=135&w=1225&type=r
Le Championnat Canadien 2026	1vs1 Breaking Beginner (6-9 years old) Top 16 KnockOut	Bboy Smiley Mad	BBoy Hub	Bboy Smiley Mad	1	3	1	0	3	0	Mass	Phil Wizard	Frankie							-38	-16	-61																																											2026-05-16	and8	https://and8.dance/en/stats/reports/5499/4242/?data=1&x=135&y=540&w=1225&type=r
Le Championnat Canadien 2026	1vs1 Breaking Beginner (6-9 years old) Top 16 KnockOut	Bgirl gaye	MikFreeze	MikFreeze	1	3	0	1	1	2	Mass	Phil Wizard	Frankie							17	-2	56																																											2026-05-16	and8	https://and8.dance/en/stats/reports/5499/4242/?data=1&x=135&y=405&w=1225&type=r
Le Championnat Canadien 2026	1vs1 Breaking Beginner (6-9 years old) Top 16 KnockOut	Bboy Charly	B-boy LudZ	Bboy Charly	1	3	1	0	2	1	Mass	Phil Wizard	Frankie							-41	-4	33																																											2026-05-16	and8	https://and8.dance/en/stats/reports/5499/4242/?data=1&x=135&y=270&w=1225&type=r
Le Championnat Canadien 2026	1vs1 Breaking Beginner (6-9 years old) Top 16 KnockOut	Pipo	Whoosh	Whoosh	1	3	0	1	0	3	Mass	Phil Wizard	Frankie							27	20	13																																											2026-05-16	and8	https://and8.dance/en/stats/reports/5499/4242/?data=1&x=135&y=135&w=1225&type=r
Le Championnat Canadien 2026	1vs1 Breaking Beginner (10-13 years old) Top 16 KnockOut	Flex	Elite	Flex	2	3	2	0	4	2	Mass	Phil Wizard	Frankie							-9	-13	4							-29	-14	25																																		2026-05-16	and8	https://and8.dance/en/stats/reports/5499/4243/?data=1&x=615&y=175&w=1225&type=r
Le Championnat Canadien 2026	1vs1 Breaking Beginner (10-13 years old) Top 16 KnockOut	Funkyzo	Plaxmol	Funkyzo	2	3	2	0	6	0	Mass	Phil Wizard	Frankie							-69	-5	-28							-46	-2	-43																																		2026-05-16	and8	https://and8.dance/en/stats/reports/5499/4243/?data=1&x=615&y=525&w=1225&type=r
Le Championnat Canadien 2026	1vs1 Breaking Beginner (10-13 years old) Top 16 KnockOut	Elite	Plaxmol	Elite	2	3	2	0	6	0	Mass	Phil Wizard	Frankie							-33	-14	-26							-35	-14	-28																																		2026-05-16	and8	https://and8.dance/en/stats/reports/5499/4243/?data=1&x=745&y=360&w=1225&type=r
Le Championnat Canadien 2026	1vs1 Breaking Beginner (10-13 years old) Top 16 KnockOut	Flex	Funkyzo	Flex	2	3	2	0	6	0	Mass	Phil Wizard	Frankie							-25	-5	-21							-22	-18	-26																																		2026-05-16	and8	https://and8.dance/en/stats/reports/5499/4243/?data=1&x=480&y=360&w=1225&type=r
Le Championnat Canadien 2026	1vs1 Breaking Beginner (10-13 years old) Top 16 KnockOut	Macak	Plaxmol	Plaxmol	1	3	0	1	1	2	Mass	Phil Wizard	Frankie							15	-17	36																																											2026-05-16	and8	https://and8.dance/en/stats/reports/5499/4243/?data=1&x=785&y=495&w=1225&type=r
Le Championnat Canadien 2026	1vs1 Breaking Beginner (10-13 years old) Top 16 KnockOut	Elite	Kade	Elite	1	3	1	0	3	0	Mass	Phil Wizard	Frankie							-31	-28	-33																																											2026-05-16	and8	https://and8.dance/en/stats/reports/5499/4243/?data=1&x=785&y=225&w=1225&type=r
Le Championnat Canadien 2026	1vs1 Breaking Beginner (10-13 years old) Top 16 KnockOut	Funkyzo	Zackyboy	Funkyzo	1	3	1	0	2	1	Mass	Phil Wizard	Frankie							-24	-2	12																																											2026-05-16	and8	https://and8.dance/en/stats/reports/5499/4243/?data=1&x=440&y=495&w=1225&type=r
Le Championnat Canadien 2026	1vs1 Breaking Beginner (10-13 years old) Top 16 KnockOut	Flex	Flash	Flex	1	3	1	0	2	1	Mass	Phil Wizard	Frankie							-21	4	-22																																											2026-05-16	and8	https://and8.dance/en/stats/reports/5499/4243/?data=1&x=440&y=225&w=1225&type=r
Le Championnat Canadien 2026	1vs1 Breaking Beginner (10-13 years old) Top 16 KnockOut	BombVibe	Plaxmol	Plaxmol	1	3	0	1	0	3	Mass	Phil Wizard	Frankie							25	29	30																																											2026-05-16	and8	https://and8.dance/en/stats/reports/5499/4243/?data=1&x=1085&y=540&w=1225&type=r
Le Championnat Canadien 2026	1vs1 Breaking Beginner (10-13 years old) Top 16 KnockOut	Macak	Grank	Macak	1	3	1	0	3	0	Mass	Phil Wizard	Frankie							-17	-34	-35																																											2026-05-16	and8	https://and8.dance/en/stats/reports/5499/4243/?data=1&x=1085&y=405&w=1225&type=r
Le Championnat Canadien 2026	1vs1 Breaking Beginner (10-13 years old) Top 16 KnockOut	Kade	Kalamity	Kade	1	3	1	0	2	1	Mass	Phil Wizard	Frankie							-31	-31	10																																											2026-05-16	and8	https://and8.dance/en/stats/reports/5499/4243/?data=1&x=1085&y=270&w=1225&type=r
Le Championnat Canadien 2026	1vs1 Breaking Beginner (10-13 years old) Top 16 KnockOut	NC Kool	Elite	Elite	1	3	0	1	0	3	Mass	Phil Wizard	Frankie							20	42	56																																											2026-05-16	and8	https://and8.dance/en/stats/reports/5499/4243/?data=1&x=1085&y=135&w=1225&type=r
Le Championnat Canadien 2026	1vs1 Breaking Beginner (10-13 years old) Top 16 KnockOut	Zackyboy	Jupiter	Zackyboy	1	3	1	0	2	1	Mass	Phil Wizard	Frankie							20	-8	-34																																											2026-05-16	and8	https://and8.dance/en/stats/reports/5499/4243/?data=1&x=135&y=540&w=1225&type=r
Le Championnat Canadien 2026	1vs1 Breaking Beginner (10-13 years old) Top 16 KnockOut	Funkyzo	Bboy Miles	Funkyzo	1	3	1	0	2	1	Mass	Phil Wizard	Frankie							-23	-27	78																																											2026-05-16	and8	https://and8.dance/en/stats/reports/5499/4243/?data=1&x=135&y=405&w=1225&type=r
Le Championnat Canadien 2026	1vs1 Breaking Beginner (10-13 years old) Top 16 KnockOut	Flash	Untitled	Flash	1	3	1	0	2	1	Mass	Phil Wizard	Frankie							-23	-20	37																																											2026-05-16	and8	https://and8.dance/en/stats/reports/5499/4243/?data=1&x=135&y=270&w=1225&type=r
Le Championnat Canadien 2026	1vs1 Breaking Beginner (10-13 years old) Top 16 KnockOut	Goomba	Flex	Flex	1	3	0	1	0	3	Mass	Phil Wizard	Frankie							34	13	62																																											2026-05-16	and8	https://and8.dance/en/stats/reports/5499/4243/?data=1&x=135&y=135&w=1225&type=r
Le Championnat Canadien 2026	1vs1 Breaking Advanced (10-13 years old) Top 16 KnockOut	Bboy Leo	Chakal	Chakal	3	3	1	2	4	5	Mass	Phil Wizard	Frankie							42	10	-16							-18	-27	-16							22	1	28																									2026-05-16	and8	https://and8.dance/en/stats/reports/5499/4244/?data=1&x=615&y=175&w=1225&type=r
Le Championnat Canadien 2026	1vs1 Breaking Advanced (10-13 years old) Top 16 KnockOut	Bboy Roen	FIERCE	Bboy Roen	2	3	2	0	6	0	Mass	Phil Wizard	Frankie							-36	-21	-28							-42	-22	-25																																		2026-05-16	and8	https://and8.dance/en/stats/reports/5499/4244/?data=1&x=615&y=525&w=1225&type=r
Le Championnat Canadien 2026	1vs1 Breaking Advanced (10-13 years old) Top 16 KnockOut	FIERCE	Chakal	Chakal	2	3	0	2	1	5	Mass	Phil Wizard	Frankie							29	18	-7							25	5	14																																		2026-05-16	and8	https://and8.dance/en/stats/reports/5499/4244/?data=1&x=745&y=360&w=1225&type=r
Le Championnat Canadien 2026	1vs1 Breaking Advanced (10-13 years old) Top 16 KnockOut	Bboy Leo	Bboy Roen	Bboy Leo	2	3	2	0	5	1	Mass	Phil Wizard	Frankie							-40	-22	-10							27	-12	-31																																		2026-05-16	and8	https://and8.dance/en/stats/reports/5499/4244/?data=1&x=480&y=360&w=1225&type=r
Le Championnat Canadien 2026	1vs1 Breaking Advanced (10-13 years old) Top 16 KnockOut	Chakal	Flashback	Chakal	1	3	1	0	3	0	Mass	Phil Wizard	Frankie							-59	-3	-10																																											2026-05-16	and8	https://and8.dance/en/stats/reports/5499/4244/?data=1&x=785&y=495&w=1225&type=r
Le Championnat Canadien 2026	1vs1 Breaking Advanced (10-13 years old) Top 16 KnockOut	FIERCE	Hard-B	FIERCE	1	3	1	0	3	0	Mass	Phil Wizard	Frankie							-19	-31	-85																																											2026-05-16	and8	https://and8.dance/en/stats/reports/5499/4244/?data=1&x=785&y=225&w=1225&type=r
Le Championnat Canadien 2026	1vs1 Breaking Advanced (10-13 years old) Top 16 KnockOut	Bboy Roen	Evolution	Bboy Roen	1	3	1	0	3	0	Mass	Phil Wizard	Frankie							-22	-27	-63																																											2026-05-16	and8	https://and8.dance/en/stats/reports/5499/4244/?data=1&x=440&y=495&w=1225&type=r
Le Championnat Canadien 2026	1vs1 Breaking Advanced (10-13 years old) Top 16 KnockOut	Bboy Leo	Dragon Uzi	Bboy Leo	1	3	1	0	3	0	Mass	Phil Wizard	Frankie							-32	-22	-33																																											2026-05-16	and8	https://and8.dance/en/stats/reports/5499/4244/?data=1&x=440&y=225&w=1225&type=r
Le Championnat Canadien 2026	1vs1 Breaking Advanced (10-13 years old) Top 16 KnockOut	Flashback	Ricky-M	Flashback	1	3	1	0	3	0	Mass	Phil Wizard	Frankie							-20	-9	-12																																											2026-05-16	and8	https://and8.dance/en/stats/reports/5499/4244/?data=1&x=1085&y=540&w=1225&type=r
Le Championnat Canadien 2026	1vs1 Breaking Advanced (10-13 years old) Top 16 KnockOut	Chakal	B-Lion	Chakal	1	3	1	0	3	0	Mass	Phil Wizard	Frankie							-26	-26	-23																																											2026-05-16	and8	https://and8.dance/en/stats/reports/5499/4244/?data=1&x=1085&y=405&w=1225&type=r
Le Championnat Canadien 2026	1vs1 Breaking Advanced (10-13 years old) Top 16 KnockOut	B-Lo	Hard-B	Hard-B	1	3	0	1	0	3	Mass	Phil Wizard	Frankie							15	27	25																																											2026-05-16	and8	https://and8.dance/en/stats/reports/5499/4244/?data=1&x=1085&y=270&w=1225&type=r
Le Championnat Canadien 2026	1vs1 Breaking Advanced (10-13 years old) Top 16 KnockOut	B-Boy Chrissto	FIERCE	FIERCE	1	3	0	1	0	3	Mass	Phil Wizard	Frankie							39	39	92																																											2026-05-16	and8	https://and8.dance/en/stats/reports/5499/4244/?data=1&x=1085&y=135&w=1225&type=r
Le Championnat Canadien 2026	1vs1 Breaking Advanced (10-13 years old) Top 16 KnockOut	Energy	Evolution	Evolution	1	3	0	1	0	3	Mass	Phil Wizard	Frankie							27	4	28																																											2026-05-16	and8	https://and8.dance/en/stats/reports/5499/4244/?data=1&x=135&y=540&w=1225&type=r
Le Championnat Canadien 2026	1vs1 Breaking Advanced (10-13 years old) Top 16 KnockOut	Bboy Roen	Paul’Pire	Bboy Roen	1	3	1	0	3	0	Mass	Phil Wizard	Frankie							-23	-100	-37																																											2026-05-16	and8	https://and8.dance/en/stats/reports/5499/4244/?data=1&x=135&y=405&w=1225&type=r
Le Championnat Canadien 2026	1vs1 Breaking Advanced (10-13 years old) Top 16 KnockOut	Laur-D	Dragon Uzi	Dragon Uzi	1	3	0	1	1	2	Mass	Phil Wizard	Frankie							11	31	-28																																											2026-05-16	and8	https://and8.dance/en/stats/reports/5499/4244/?data=1&x=135&y=270&w=1225&type=r
Le Championnat Canadien 2026	1vs1 Breaking Advanced (10-13 years old) Top 16 KnockOut	Bboy Leo	Mini Nic	Bboy Leo	1	3	1	0	3	0	Mass	Phil Wizard	Frankie							-24	-94	-59																																											2026-05-16	and8	https://and8.dance/en/stats/reports/5499/4244/?data=1&x=135&y=135&w=1225&type=r
Le Championnat Canadien 2026	1vs1 Breaking (14-17 years old) Top 16 KnockOut	Sparrow	Ace	Sparrow	2	3	2	0	6	0	Mass	Phil Wizard	Frankie							-38	-42	-28							-48	-50	-38																																		2026-05-16	and8	https://and8.dance/en/stats/reports/5499/4245/?data=1&x=615&y=525&w=1225&type=r
Le Championnat Canadien 2026	1vs1 Breaking (14-17 years old) Top 16 KnockOut	Slim	Ace	Slim	2	3	2	0	6	0	Mass	Phil Wizard	Frankie							-45	-20	-32							-36	-23	-32																																		2026-05-16	and8	https://and8.dance/en/stats/reports/5499/4245/?data=1&x=745&y=360&w=1225&type=r
Le Championnat Canadien 2026	1vs1 Breaking (14-17 years old) Top 16 KnockOut	Nightmare	Sparrow	Nightmare	3	3	2	1	5	4	Mass	Phil Wizard	Frankie							-37	-14	15							22	10	24							-42	-2	-26																									2026-05-16	and8	https://and8.dance/en/stats/reports/5499/4245/?data=1&x=480&y=360&w=1225&type=r
Le Championnat Canadien 2026	1vs1 Breaking (14-17 years old) Top 16 KnockOut	Philoops	Ace	Ace	3	3	1	2	5	4	Mass	Phil Wizard	Frankie							-41	-21	-8							15	-9	27							16	42	-17																									2026-05-16	and8	https://and8.dance/en/stats/reports/5499/4245/?data=1&x=785&y=495&w=1225&type=r
Le Championnat Canadien 2026	1vs1 Breaking (14-17 years old) Top 16 KnockOut	Slim	Spinner	Slim	2	3	2	0	5	1	Mass	Phil Wizard	Frankie							-29	14	-10							-42	-23	-44																																		2026-05-16	and8	https://and8.dance/en/stats/reports/5499/4245/?data=1&x=785&y=225&w=1225&type=r
Le Championnat Canadien 2026	1vs1 Breaking (14-17 years old) Top 16 KnockOut	Sparrow	Vinc	Sparrow	2	3	2	0	6	0	Mass	Phil Wizard	Frankie							-20	-37	-26							-9	-3	-10																																		2026-05-16	and8	https://and8.dance/en/stats/reports/5499/4245/?data=1&x=440&y=495&w=1225&type=r
Le Championnat Canadien 2026	1vs1 Breaking (14-17 years old) Top 16 KnockOut	Nightmare	ChewyB	Nightmare	2	3	2	0	6	0	Mass	Phil Wizard	Frankie							-35	-59	-32							-35	-52	-38																																		2026-05-16	and8	https://and8.dance/en/stats/reports/5499/4245/?data=1&x=440&y=225&w=1225&type=r
Le Championnat Canadien 2026	1vs1 Breaking (14-17 years old) Top 16 KnockOut	Bgirl Nelly	Ace	Ace	1	3	0	1	0	3	Mass	Phil Wizard	Frankie							14	12	9																																											2026-05-16	and8	https://and8.dance/en/stats/reports/5499/4245/?data=1&x=1085&y=540&w=1225&type=r
Le Championnat Canadien 2026	1vs1 Breaking (14-17 years old) Top 16 KnockOut	Lil Time	Philoops	Philoops	1	3	0	1	0	3	Mass	Phil Wizard	Frankie							53	46	61																																											2026-05-16	and8	https://and8.dance/en/stats/reports/5499/4245/?data=1&x=1085&y=405&w=1225&type=r
Le Championnat Canadien 2026	1vs1 Breaking (14-17 years old) Top 16 KnockOut	Anto	Spinner	Spinner	1	3	0	1	0	3	Mass	Phil Wizard	Frankie							43	53	29																																											2026-05-16	and8	https://and8.dance/en/stats/reports/5499/4245/?data=1&x=1085&y=270&w=1225&type=r
Le Championnat Canadien 2026	1vs1 Breaking (14-17 years old) Top 16 KnockOut	Ninjah	Slim	Slim	1	3	0	1	0	3	Mass	Phil Wizard	Frankie							34	19	33																																											2026-05-16	and8	https://and8.dance/en/stats/reports/5499/4245/?data=1&x=1085&y=135&w=1225&type=r
Le Championnat Canadien 2026	1vs1 Breaking (14-17 years old) Top 16 KnockOut	Tailz	Vinc	Vinc	1	3	0	1	0	3	Mass	Phil Wizard	Frankie							49	22	40																																											2026-05-16	and8	https://and8.dance/en/stats/reports/5499/4245/?data=1&x=135&y=540&w=1225&type=r
Le Championnat Canadien 2026	1vs1 Breaking (14-17 years old) Top 16 KnockOut	Mathioso	Sparrow	Sparrow	1	3	0	1	0	3	Mass	Phil Wizard	Frankie							25	25	21																																											2026-05-16	and8	https://and8.dance/en/stats/reports/5499/4245/?data=1&x=135&y=405&w=1225&type=r
Le Championnat Canadien 2026	1vs1 Breaking (14-17 years old) Top 16 KnockOut	ChewyB	Tittch	ChewyB	1	3	1	0	3	0	Mass	Phil Wizard	Frankie							-24	-4	-18																																											2026-05-16	and8	https://and8.dance/en/stats/reports/5499/4245/?data=1&x=135&y=270&w=1225&type=r
Le Championnat Canadien 2026	1vs1 Breaking (14-17 years old) Top 16 KnockOut	Nightmare	FlowCAM	Nightmare	1	3	1	0	3	0	Mass	Phil Wizard	Frankie							-54	-41	-65																																											2026-05-16	and8	https://and8.dance/en/stats/reports/5499/4245/?data=1&x=135&y=135&w=1225&type=r
Le Championnat Canadien 2026	1vs1 Breaking (18+) Top 8 KnockOut	Burn	Sak	Burn	3	3	2	1	7	2	Mass	Phil Wizard	Frankie							24	3	-57							-30	-41	-40							-40	-26	-12																									2026-05-16	and8	https://and8.dance/en/stats/reports/5499/4246/?data=1&x=615&y=465&w=1225&type=r
Le Championnat Canadien 2026	1vs1 Breaking (18+) Top 8 KnockOut	Sak	Intrikid	Intrikid	3	3	1	2	4	5	Mass	Phil Wizard	Frankie							-45	3	12							-5	14	-4							30	9	-7																									2026-05-16	and8	https://and8.dance/en/stats/reports/5499/4246/?data=1&x=760&y=360&w=1225&type=r
Le Championnat Canadien 2026	1vs1 Breaking (18+) Top 8 KnockOut	Madtrack	Burn	Madtrack	2	3	2	0	6	0	Mass	Phil Wizard	Frankie							-36	-7	-27							-46	-7	-5																																		2026-05-16	and8	https://and8.dance/en/stats/reports/5499/4246/?data=1&x=465&y=360&w=1225&type=r
Le Championnat Canadien 2026	1vs1 Breaking (18+) Top 8 KnockOut	Intrikid	Soan	Intrikid	2	3	2	0	6	0	Mass	Phil Wizard	Frankie							-26	-2	-3							-39	-28	-12																																		2026-05-16	and8	https://and8.dance/en/stats/reports/5499/4246/?data=1&x=980&y=430&w=1225&type=r
Le Championnat Canadien 2026	1vs1 Breaking (18+) Top 8 KnockOut	Sak	Salty	Sak	2	3	2	0	5	1	Mass	Phil Wizard	Frankie							-38	-31	-17							-25	-27	3																																		2026-05-16	and8	https://and8.dance/en/stats/reports/5499/4246/?data=1&x=980&y=160&w=1225&type=r
Le Championnat Canadien 2026	1vs1 Breaking (18+) Top 8 KnockOut	Burn	Bboy lewis	Burn	2	3	2	0	6	0	Mass	Phil Wizard	Frankie							-41	-40	-23							-26	-32	-95																																		2026-05-16	and8	https://and8.dance/en/stats/reports/5499/4246/?data=1&x=245&y=430&w=1225&type=r
Le Championnat Canadien 2026	1vs1 Breaking (18+) Top 8 KnockOut	Madtrack	Ofazzy Premium	Madtrack	2	3	2	0	5	1	Mass	Phil Wizard	Frankie							-31	-11	15							-24	-34	-22																																		2026-05-16	and8	https://and8.dance/en/stats/reports/5499/4246/?data=1&x=245&y=160&w=1225&type=r
Le Championnat Canadien 2026	1vs1 Breaking Advanced (6-9 years old) Top 8 KnockOut	Mill	Golden Mario	Mill	2	3	2	0	6	0	Mass	Phil Wizard	Frankie							-43	-5	-6							-19	-19	-46																																		2026-05-16	and8	https://and8.dance/en/stats/reports/5499/4364/?data=1&x=615&y=280&w=1225&type=r
Le Championnat Canadien 2026	1vs1 Breaking Advanced (6-9 years old) Top 8 KnockOut	FlowMase	B-Boy Raphi	FlowMase	2	3	2	0	5	1	Mass	Phil Wizard	Frankie							-29	-2	-43							-31	9	-10																																		2026-05-16	and8	https://and8.dance/en/stats/reports/5499/4364/?data=1&x=615&y=465&w=1225&type=r
Le Championnat Canadien 2026	1vs1 Breaking Advanced (6-9 years old) Top 8 KnockOut	B-Boy Raphi	Golden Mario	Golden Mario	3	3	1	2	3	6	Mass	Phil Wizard	Frankie							13	9	7							13	-2	-20							25	8	-36																									2026-05-16	and8	https://and8.dance/en/stats/reports/5499/4364/?data=1&x=760&y=360&w=1225&type=r
Le Championnat Canadien 2026	1vs1 Breaking Advanced (6-9 years old) Top 8 KnockOut	FlowMase	Mill	Mill	3	3	1	2	3	6	Mass	Phil Wizard	Frankie							35	2	19							-17	1	-18							11	2	-4																									2026-05-16	and8	https://and8.dance/en/stats/reports/5499/4364/?data=1&x=465&y=360&w=1225&type=r
Le Championnat Canadien 2026	1vs1 Breaking Advanced (6-9 years old) Top 8 KnockOut	Red Panda	Golden Mario	Golden Mario	1	3	0	1	0	3	Mass	Phil Wizard	Frankie							23	6	100																																											2026-05-16	and8	https://and8.dance/en/stats/reports/5499/4364/?data=1&x=980&y=430&w=1225&type=r
Le Championnat Canadien 2026	1vs1 Breaking Advanced (6-9 years old) Top 8 KnockOut	B-Boy Raphi	King	B-Boy Raphi	1	3	1	0	2	1	Mass	Phil Wizard	Frankie							25	-17	-80																																											2026-05-16	and8	https://and8.dance/en/stats/reports/5499/4364/?data=1&x=980&y=160&w=1225&type=r
Le Championnat Canadien 2026	1vs1 Breaking Advanced (6-9 years old) Top 8 KnockOut	Mill	Zack JJ	Mill	1	3	1	0	3	0	Mass	Phil Wizard	Frankie							-49	-100	-33																																											2026-05-16	and8	https://and8.dance/en/stats/reports/5499/4364/?data=1&x=245&y=430&w=1225&type=r
Le Championnat Canadien 2026	1vs1 Breaking Advanced (6-9 years old) Top 8 KnockOut	FlowMase	BlondDemon	FlowMase	1	3	1	0	3	0	Mass	Phil Wizard	Frankie							-32	-97	-100																																											2026-05-16	and8	https://and8.dance/en/stats/reports/5499/4364/?data=1&x=245&y=160&w=1225&type=r
Check The Style World Final 2026	1vs1 Open Pro Top 32 KnockOut	Dunk	Sheku	Sheku	3	5	1	2	4	11	Lagaet	Lego	Salo	Ayu	Phil Wizard					-100	2	30	19	43					23	4	11	9	16					35	1	-4	-3	-9																							2026-05-21	and8	https://and8.dance/en/stats/reports/5182/3534/?data=1&x=615&y=615&w=1225&type=r
Check The Style World Final 2026	1vs1 Open Pro Top 32 KnockOut	Sheku	Riku	Sheku	3	5	2	1	10	5	Lagaet	Lego	Salo	Ayu	Phil Wizard					-15	-3	-5	-16	-27					16	3	11	-8	-15					-18	1	-16	9	-9																							2026-05-21	and8	https://and8.dance/en/stats/reports/5182/3534/?data=1&x=695&y=375&w=1225&type=r
Check The Style World Final 2026	1vs1 Open Pro Top 32 KnockOut	Dunk	Kap	Dunk	3	5	2	1	9	6	Lagaet	Lego	Salo	Ayu	Phil Wizard					-18	3	-11	-15	-37					-11	2	-7	22	-24					17	4	8	-4	-6																							2026-05-21	and8	https://and8.dance/en/stats/reports/5182/3534/?data=1&x=535&y=375&w=1225&type=r
Check The Style World Final 2026	1vs1 Open Pro Top 32 KnockOut	Koy	Riku	Riku	3	5	1	2	6	9	Lagaet	Lego	Salo	Ayu	Phil Wizard					6	-1	-20	9	16					4	-1	-6	-5	3					9	1	-4	12	5																							2026-05-21	and8	https://and8.dance/en/stats/reports/5182/3534/?data=1&x=740&y=500&w=1225&type=r
Check The Style World Final 2026	1vs1 Open Pro Top 32 KnockOut	Sheku	Stray Curt	Sheku	3	5	2	1	10	5	Lagaet	Lego	Salo	Ayu	Phil Wizard					19	9	-5	-7	4					-23	-5	-5	-13	-42					-4	1	14	-10	-3																							2026-05-21	and8	https://and8.dance/en/stats/reports/5182/3534/?data=1&x=740&y=245&w=1225&type=r
Check The Style World Final 2026	1vs1 Open Pro Top 32 KnockOut	Monster	Kap	Kap	3	5	1	2	6	9	Lagaet	Lego	Salo	Ayu	Phil Wizard					7	5	-4	9	-11					5	3	-4	-4	-9					13	5	10	-4	32																							2026-05-21	and8	https://and8.dance/en/stats/reports/5182/3534/?data=1&x=490&y=500&w=1225&type=r
Check The Style World Final 2026	1vs1 Open Pro Top 32 KnockOut	Dunk	Bolt	Dunk	3	5	2	1	9	6	Lagaet	Lego	Salo	Ayu	Phil Wizard					-22	-2	-13	-10	-46					10	5	11	-4	10					6	-3	10	-5	-7																							2026-05-21	and8	https://and8.dance/en/stats/reports/5182/3534/?data=1&x=490&y=245&w=1225&type=r
Check The Style World Final 2026	1vs1 Open Pro Top 32 KnockOut	Riku	Kaneki	Riku	1	5	1	0	3	2	Lagaet	Lego	Salo	Ayu	Phil Wizard					-16	-1	3	-14	2																																									2026-05-21	and8	https://and8.dance/en/stats/reports/5182/3534/?data=1&x=775&y=565&w=1225&type=r
Check The Style World Final 2026	1vs1 Open Pro Top 32 KnockOut	Mouad	Koy	Koy	1	5	0	1	2	3	Lagaet	Lego	Salo	Ayu	Phil Wizard					11	1	-3	-15	12																																									2026-05-21	and8	https://and8.dance/en/stats/reports/5182/3534/?data=1&x=775&y=435&w=1225&type=r
Check The Style World Final 2026	1vs1 Open Pro Top 32 KnockOut	Stray Curt	Found Kid	Stray Curt	1	5	1	0	3	2	Lagaet	Lego	Salo	Ayu	Phil Wizard					-6	29	21	-5	-6																																									2026-05-21	and8	https://and8.dance/en/stats/reports/5182/3534/?data=1&x=775&y=310&w=1225&type=r
Check The Style World Final 2026	1vs1 Open Pro Top 32 KnockOut	Bambucha	Sheku	Sheku	1	5	0	1	2	3	Lagaet	Lego	Salo	Ayu	Phil Wizard					-3	1	3	17	-10																																									2026-05-21	and8	https://and8.dance/en/stats/reports/5182/3534/?data=1&x=775&y=180&w=1225&type=r
Check The Style World Final 2026	1vs1 Open Pro Top 32 KnockOut	Goten	Kap	Kap	1	5	0	1	0	5	Lagaet	Lego	Salo	Ayu	Phil Wizard					21	11	13	26	7																																									2026-05-21	and8	https://and8.dance/en/stats/reports/5182/3534/?data=1&x=450&y=565&w=1225&type=r
Check The Style World Final 2026	1vs1 Open Pro Top 32 KnockOut	Monster	B-Boy Philip	Monster	1	5	1	0	5	0	Lagaet	Lego	Salo	Ayu	Phil Wizard					-19	-2	-26	-6	-37																																									2026-05-21	and8	https://and8.dance/en/stats/reports/5182/3534/?data=1&x=450&y=435&w=1225&type=r
Check The Style World Final 2026	1vs1 Open Pro Top 32 KnockOut	Bolt	Monster	Bolt	1	5	1	0	3	2	Lagaet	Lego	Salo	Ayu	Phil Wizard					-3	3	-6	-16	3																																									2026-05-21	and8	https://and8.dance/en/stats/reports/5182/3534/?data=1&x=450&y=310&w=1225&type=r
Check The Style World Final 2026	1vs1 Open Pro Top 32 KnockOut	Dunk	Kair	Dunk	1	5	1	0	4	1	Lagaet	Lego	Salo	Ayu	Phil Wizard					-4	-10	-9	13	-43																																									2026-05-21	and8	https://and8.dance/en/stats/reports/5182/3534/?data=1&x=450&y=180&w=1225&type=r
Check The Style World Final 2026	1vs1 Open Pro Top 32 KnockOut	Bez	Kaneki	Kaneki	1	5	0	1	0	5	Phil Wizard	Ayu	Salo	Lagaet	Lego					23	10	8	10	1																																									2026-05-21	and8	https://and8.dance/en/stats/reports/5182/3534/?data=1&x=935&y=610&w=1225&type=r
Check The Style World Final 2026	1vs1 Open Pro Top 32 KnockOut	Riku	Hamacadame	Riku	1	5	1	0	3	2	Phil Wizard	Ayu	Salo	Lagaet	Lego					-13	-17	8	-13	1																																									2026-05-21	and8	https://and8.dance/en/stats/reports/5182/3534/?data=1&x=935&y=540&w=1225&type=r
Check The Style World Final 2026	1vs1 Open Pro Top 32 KnockOut	Koy	Movycube	Koy	1	5	1	0	4	1	Phil Wizard	Ayu	Salo	Lagaet	Lego					-1	-17	-5	23	-11																																									2026-05-21	and8	https://and8.dance/en/stats/reports/5182/3534/?data=1&x=935&y=475&w=1225&type=r
Check The Style World Final 2026	1vs1 Open Pro Top 32 KnockOut	Sigma	Mouad	Mouad	1	5	0	1	1	4	Phil Wizard	Ayu	Salo	Lagaet	Lego					16	-36	9	25	1																																									2026-05-21	and8	https://and8.dance/en/stats/reports/5182/3534/?data=1&x=935&y=405&w=1225&type=r
Check The Style World Final 2026	1vs1 Open Pro Top 32 KnockOut	Found Kid	Edén	Found Kid	1	5	1	0	5	0	Phil Wizard	Ayu	Salo	Lagaet	Lego					-45	-32	-39	-44	-30																																									2026-05-21	and8	https://and8.dance/en/stats/reports/5182/3534/?data=1&x=935&y=340&w=1225&type=r
Check The Style World Final 2026	1vs1 Open Pro Top 32 KnockOut	Friend	Stray Curt	Stray Curt	1	5	0	1	2	3	Phil Wizard	Ayu	Salo	Lagaet	Lego					45	25	-3	21	-15																																									2026-05-21	and8	https://and8.dance/en/stats/reports/5182/3534/?data=1&x=935&y=270&w=1225&type=r
Check The Style World Final 2026	1vs1 Open Pro Top 32 KnockOut	Sheku	Juubei	Sheku	1	5	1	0	5	0	Phil Wizard	Ayu	Salo	Lagaet	Lego					-72	-31	-61	-15	-15																																									2026-05-21	and8	https://and8.dance/en/stats/reports/5182/3534/?data=1&x=935&y=200&w=1225&type=r
Check The Style World Final 2026	1vs1 Open Pro Top 32 KnockOut	Kent	Bambucha	Bambucha	1	5	0	1	0	5	Phil Wizard	Ayu	Salo	Lagaet	Lego					3	20	10	15	13																																									2026-05-21	and8	https://and8.dance/en/stats/reports/5182/3534/?data=1&x=935&y=130&w=1225&type=r
Check The Style World Final 2026	1vs1 Open Pro Top 32 KnockOut	Kap	B-Boy Apache	Kap	1	5	1	0	4	1	Phil Wizard	Ayu	Salo	Lagaet	Lego					-11	-20	-1	-6	2																																									2026-05-21	and8	https://and8.dance/en/stats/reports/5182/3534/?data=1&x=300&y=610&w=1225&type=r
Check The Style World Final 2026	1vs1 Open Pro Top 32 KnockOut	Danger	Goten	Goten	1	5	0	1	2	3	Phil Wizard	Ayu	Salo	Lagaet	Lego					-2	11	-17	9	2																																									2026-05-21	and8	https://and8.dance/en/stats/reports/5182/3534/?data=1&x=300&y=540&w=1225&type=r
Check The Style World Final 2026	1vs1 Open Pro Top 32 KnockOut	B-Boy G-saf	B-Boy Philip	B-Boy Philip	1	5	0	1	0	5	Phil Wizard	Ayu	Salo	Lagaet	Lego					35	34	3	15	15																																									2026-05-21	and8	https://and8.dance/en/stats/reports/5182/3534/?data=1&x=300&y=475&w=1225&type=r
Check The Style World Final 2026	1vs1 Open Pro Top 32 KnockOut	Monster	Koda	Monster	1	5	1	0	5	0	Phil Wizard	Ayu	Salo	Lagaet	Lego					-10	-52	-12	-20	-15																																									2026-05-21	and8	https://and8.dance/en/stats/reports/5182/3534/?data=1&x=300&y=405&w=1225&type=r
Check The Style World Final 2026	1vs1 Open Pro Top 32 KnockOut	Joker	Monster	Monster	1	5	0	1	2	3	Phil Wizard	Ayu	Salo	Lagaet	Lego					4	8	-31	-11	4																																									2026-05-21	and8	https://and8.dance/en/stats/reports/5182/3534/?data=1&x=300&y=340&w=1225&type=r
Check The Style World Final 2026	1vs1 Open Pro Top 32 KnockOut	Bolt	Warfoot	Bolt	1	5	1	0	5	0	Phil Wizard	Ayu	Salo	Lagaet	Lego					-12	-29	-28	-29	-36																																									2026-05-21	and8	https://and8.dance/en/stats/reports/5182/3534/?data=1&x=300&y=270&w=1225&type=r
Check The Style World Final 2026	1vs1 Open Pro Top 32 KnockOut	Kair	B-Boy Mike	Kair	1	5	1	0	5	0	Phil Wizard	Ayu	Salo	Lagaet	Lego					-38	-38	-13	-14	-93																																									2026-05-21	and8	https://and8.dance/en/stats/reports/5182/3534/?data=1&x=300&y=200&w=1225&type=r
Check The Style World Final 2026	1vs1 Open Pro Top 32 KnockOut	Dunk	Zoon	Dunk	1	5	1	0	5	0	Phil Wizard	Ayu	Salo	Lagaet	Lego					-10	-11	-1	-9	-10																																									2026-05-21	and8	https://and8.dance/en/stats/reports/5182/3534/?data=1&x=300&y=130&w=1225&type=r
Check The Style World Final 2026	1vs1 BGirl Pro Top 32 KnockOut	Angela	Royal	Royal	3	5	0	3	0	15	Lagaet	Lego	Salo	Ayu	Phil Wizard					21	22	17	49	44					19	21	6	26	16					16	32	10	28	62																							2026-05-21	and8	https://and8.dance/en/stats/reports/5182/3535/?data=1&x=615&y=615&w=1225&type=r
Check The Style World Final 2026	1vs1 BGirl Pro Top 32 KnockOut	Royal	Alessandrina	Royal	3	5	3	0	13	2	Lagaet	Lego	Salo	Ayu	Phil Wizard					-20	-2	5	-21	-7					-16	-2	9	-16	-18					-44	-3	-13	-60	-25																							2026-05-21	and8	https://and8.dance/en/stats/reports/5182/3535/?data=1&x=695&y=375&w=1225&type=r
Check The Style World Final 2026	1vs1 BGirl Pro Top 32 KnockOut	Angela	Kristina	Angela	3	5	2	1	11	4	Lagaet	Lego	Salo	Ayu	Phil Wizard					-25	1	-27	-11	-12					-23	1	6	6	-5					-39	-2	-24	-8	-14																							2026-05-21	and8	https://and8.dance/en/stats/reports/5182/3535/?data=1&x=535&y=375&w=1225&type=r
Check The Style World Final 2026	1vs1 BGirl Pro Top 32 KnockOut	Alessandrina	SpiderGirl	Alessandrina	2	5	2	0	10	0	Lagaet	Lego	Salo	Ayu	Phil Wizard					-13	-2	-20	-41	-29					-8	-10	-5	-17	-6																																2026-05-21	and8	https://and8.dance/en/stats/reports/5182/3535/?data=1&x=740&y=500&w=1225&type=r
Check The Style World Final 2026	1vs1 BGirl Pro Top 32 KnockOut	Mia	Royal	Royal	2	5	0	2	0	10	Lagaet	Lego	Salo	Ayu	Phil Wizard					26	6	17	4	59					22	5	8	12	64																																2026-05-21	and8	https://and8.dance/en/stats/reports/5182/3535/?data=1&x=740&y=245&w=1225&type=r
Check The Style World Final 2026	1vs1 BGirl Pro Top 32 KnockOut	Masha Uragan	Kristina	Kristina	2	5	0	2	4	6	Lagaet	Lego	Salo	Ayu	Phil Wizard					13	2	-8	8	-40					17	3	-3	10	-35																																2026-05-21	and8	https://and8.dance/en/stats/reports/5182/3535/?data=1&x=490&y=500&w=1225&type=r
Check The Style World Final 2026	1vs1 BGirl Pro Top 32 KnockOut	Senorita Carlota	Angela	Angela	3	5	1	2	7	8	Lagaet	Lego	Salo	Ayu	Phil Wizard					-12	-1	8	-30	-3					20	-1	10	-21	45					11	30	19	-7	62																							2026-05-21	and8	https://and8.dance/en/stats/reports/5182/3535/?data=1&x=490&y=245&w=1225&type=r
Check The Style World Final 2026	1vs1 BGirl Pro Top 32 KnockOut	Paulina	SpiderGirl	SpiderGirl	1	5	0	1	1	4	Lagaet	Lego	Salo	Ayu	Phil Wizard					-16	10	13	11	24																																									2026-05-21	and8	https://and8.dance/en/stats/reports/5182/3535/?data=1&x=775&y=565&w=1225&type=r
Check The Style World Final 2026	1vs1 BGirl Pro Top 32 KnockOut	Camine	Alessandrina	Alessandrina	1	5	0	1	0	5	Lagaet	Lego	Salo	Ayu	Phil Wizard					15	1	17	15	42																																									2026-05-21	and8	https://and8.dance/en/stats/reports/5182/3535/?data=1&x=775&y=435&w=1225&type=r
Check The Style World Final 2026	1vs1 BGirl Pro Top 32 KnockOut	Agathe	Royal	Royal	1	5	0	1	0	5	Lagaet	Lego	Salo	Ayu	Phil Wizard					20	51	39	43	82																																									2026-05-21	and8	https://and8.dance/en/stats/reports/5182/3535/?data=1&x=775&y=310&w=1225&type=r
Check The Style World Final 2026	1vs1 BGirl Pro Top 32 KnockOut	Mia	Agne	Mia	1	5	1	0	5	0	Lagaet	Lego	Salo	Ayu	Phil Wizard					-19	-5	-28	-30	-54																																									2026-05-21	and8	https://and8.dance/en/stats/reports/5182/3535/?data=1&x=775&y=180&w=1225&type=r
Check The Style World Final 2026	1vs1 BGirl Pro Top 32 KnockOut	Kristina	Menta	Kristina	1	5	1	0	5	0	Lagaet	Lego	Salo	Ayu	Phil Wizard					-15	-2	-15	-16	-36																																									2026-05-21	and8	https://and8.dance/en/stats/reports/5182/3535/?data=1&x=450&y=565&w=1225&type=r
Check The Style World Final 2026	1vs1 BGirl Pro Top 32 KnockOut	Masha Uragan	Jin	Masha Uragan	1	5	1	0	4	1	Lagaet	Lego	Salo	Ayu	Phil Wizard					-12	-1	-10	22	-29																																									2026-05-21	and8	https://and8.dance/en/stats/reports/5182/3535/?data=1&x=450&y=435&w=1225&type=r
Check The Style World Final 2026	1vs1 BGirl Pro Top 32 KnockOut	Emma!	Angela	Angela	1	5	0	1	2	3	Lagaet	Lego	Salo	Ayu	Phil Wizard					-7	1	-3	10	1																																									2026-05-21	and8	https://and8.dance/en/stats/reports/5182/3535/?data=1&x=450&y=310&w=1225&type=r
Check The Style World Final 2026	1vs1 BGirl Pro Top 32 KnockOut	Undici	Senorita Carlota	Senorita Carlota	1	5	0	1	0	5	Lagaet	Lego	Salo	Ayu	Phil Wizard					13	6	13	23	44																																									2026-05-21	and8	https://and8.dance/en/stats/reports/5182/3535/?data=1&x=450&y=180&w=1225&type=r
Check The Style World Final 2026	1vs1 BGirl Pro Top 32 KnockOut	Vikos	SpiderGirl	SpiderGirl	1	5	0	1	0	5	Phil Wizard	Ayu	Salo	Lagaet	Lego					8	6	11	8	1																																									2026-05-21	and8	https://and8.dance/en/stats/reports/5182/3535/?data=1&x=935&y=610&w=1225&type=r
Check The Style World Final 2026	1vs1 BGirl Pro Top 32 KnockOut	Ria	Paulina	Paulina	1	5	0	1	1	4	Phil Wizard	Ayu	Salo	Lagaet	Lego					37	15	11	8	-1																																									2026-05-21	and8	https://and8.dance/en/stats/reports/5182/3535/?data=1&x=935&y=540&w=1225&type=r
Check The Style World Final 2026	1vs1 BGirl Pro Top 32 KnockOut	Alessandrina	Dilya	Alessandrina	1	5	1	0	5	0	Phil Wizard	Ayu	Salo	Lagaet	Lego					-28	-24	-25	-15	-10																																									2026-05-21	and8	https://and8.dance/en/stats/reports/5182/3535/?data=1&x=935&y=475&w=1225&type=r
Check The Style World Final 2026	1vs1 BGirl Pro Top 32 KnockOut	Ludo	Camine	Camine	1	5	0	1	0	5	Phil Wizard	Ayu	Salo	Lagaet	Lego					19	24	31	17	3																																									2026-05-21	and8	https://and8.dance/en/stats/reports/5182/3535/?data=1&x=935&y=405&w=1225&type=r
Check The Style World Final 2026	1vs1 BGirl Pro Top 32 KnockOut	Royal	Aluka	Royal	1	5	1	0	5	0	Phil Wizard	Ayu	Salo	Lagaet	Lego					-84	-47	-44	-20	-30																																									2026-05-21	and8	https://and8.dance/en/stats/reports/5182/3535/?data=1&x=935&y=340&w=1225&type=r
Check The Style World Final 2026	1vs1 BGirl Pro Top 32 KnockOut	Agathe	Mery Berry	Agathe	1	5	1	0	3	2	Phil Wizard	Ayu	Salo	Lagaet	Lego					-5	-7	5	13	-20																																									2026-05-21	and8	https://and8.dance/en/stats/reports/5182/3535/?data=1&x=935&y=270&w=1225&type=r
Check The Style World Final 2026	1vs1 BGirl Pro Top 32 KnockOut	Agne	LadyBug	Agne	1	5	1	0	5	0	Phil Wizard	Ayu	Salo	Lagaet	Lego					-58	-44	-55	-19	-1																																									2026-05-21	and8	https://and8.dance/en/stats/reports/5182/3535/?data=1&x=935&y=200&w=1225&type=r
Check The Style World Final 2026	1vs1 BGirl Pro Top 32 KnockOut	Mia	AriZona	Mia	1	5	1	0	5	0	Phil Wizard	Ayu	Salo	Lagaet	Lego					-49	-30	-29	-32	-50																																									2026-05-21	and8	https://and8.dance/en/stats/reports/5182/3535/?data=1&x=935&y=130&w=1225&type=r
Check The Style World Final 2026	1vs1 BGirl Pro Top 32 KnockOut	Menta	Chiara	Menta	1	5	1	0	4	1	Phil Wizard	Ayu	Salo	Lagaet	Lego					-5	-14	-8	8	-4																																									2026-05-21	and8	https://and8.dance/en/stats/reports/5182/3535/?data=1&x=300&y=610&w=1225&type=r
Check The Style World Final 2026	1vs1 BGirl Pro Top 32 KnockOut	Kristina	Saretta	Kristina	1	5	1	0	5	0	Phil Wizard	Ayu	Salo	Lagaet	Lego					-26	-15	-3	-10	-6																																									2026-05-21	and8	https://and8.dance/en/stats/reports/5182/3535/?data=1&x=300&y=540&w=1225&type=r
Check The Style World Final 2026	1vs1 BGirl Pro Top 32 KnockOut	Tara	Jin	Jin	1	5	0	1	1	4	Phil Wizard	Ayu	Salo	Lagaet	Lego					10	15	19	7	-2																																									2026-05-21	and8	https://and8.dance/en/stats/reports/5182/3535/?data=1&x=300&y=475&w=1225&type=r
Check The Style World Final 2026	1vs1 BGirl Pro Top 32 KnockOut	Masha Uragan	Elsa	Masha Uragan	1	5	1	0	4	1	Phil Wizard	Ayu	Salo	Lagaet	Lego					-41	-81	-31	-32	51																																									2026-05-21	and8	https://and8.dance/en/stats/reports/5182/3535/?data=1&x=300&y=405&w=1225&type=r
Check The Style World Final 2026	1vs1 BGirl Pro Top 32 KnockOut	Pita	Angela	Angela	1	5	0	1	0	5	Phil Wizard	Ayu	Salo	Lagaet	Lego					62	42	75	10	7																																									2026-05-21	and8	https://and8.dance/en/stats/reports/5182/3535/?data=1&x=300&y=340&w=1225&type=r
Check The Style World Final 2026	1vs1 BGirl Pro Top 32 KnockOut	Je Jè	Emma!	Emma!	1	5	0	1	1	4	Phil Wizard	Ayu	Salo	Lagaet	Lego					17	7	11	20	-5																																									2026-05-21	and8	https://and8.dance/en/stats/reports/5182/3535/?data=1&x=300&y=270&w=1225&type=r
Check The Style World Final 2026	1vs1 BGirl Pro Top 32 KnockOut	Senorita Carlota	Moony	Senorita Carlota	1	5	1	0	5	0	Phil Wizard	Ayu	Salo	Lagaet	Lego					-44	-42	-82	-28	-50																																									2026-05-21	and8	https://and8.dance/en/stats/reports/5182/3535/?data=1&x=300&y=200&w=1225&type=r
Check The Style World Final 2026	1vs1 BGirl Pro Top 32 KnockOut	Aizara	Undici	Undici	1	5	0	1	2	3	Phil Wizard	Ayu	Salo	Lagaet	Lego					51	20	18	-19	-1																																									2026-05-21	and8	https://and8.dance/en/stats/reports/5182/3535/?data=1&x=300&y=130&w=1225&type=r
World Kidz Breaking Champion 2026	1vs1 B-Boy U14 Top 32 KnockOut	Nana	Maloy	Maloy	2	5	0	2	2	8	Junior	Fox	OG Samson	Mighty Jake	Poe One					8	8	3	-8	-8					19	18	6	52	24																																2026-05-23	and8	https://and8.dance/en/stats/reports/5269/3756/?data=1&x=615&y=615&w=1225&type=r
World Kidz Breaking Champion 2026	1vs1 B-Boy U14 Top 32 KnockOut	Blue	Maloy	Maloy	1	5	0	1	0	5	Junior	Fox	OG Samson	Mighty Jake	Poe One					13	11	15	54	16																																									2026-05-23	and8	https://and8.dance/en/stats/reports/5269/3756/?data=1&x=695&y=375&w=1225&type=r
World Kidz Breaking Champion 2026	1vs1 B-Boy U14 Top 32 KnockOut	Nana	Augus	Nana	1	5	1	0	5	0	Junior	Fox	OG Samson	Mighty Jake	Poe One					-28	-18	-17	-51	-52																																									2026-05-23	and8	https://and8.dance/en/stats/reports/5269/3756/?data=1&x=535&y=375&w=1225&type=r
World Kidz Breaking Champion 2026	1vs1 B-Boy U14 Top 32 KnockOut	Buch	Maloy	Maloy	1	5	0	1	1	4	Mighty Jake	Junior	Jay TheRock	Fox	Poe One					49	9	-9	20	14																																									2026-05-23	and8	https://and8.dance/en/stats/reports/5269/3756/?data=1&x=740&y=500&w=1225&type=r
World Kidz Breaking Champion 2026	1vs1 B-Boy U14 Top 32 KnockOut	Blue	Sonic	Blue	1	5	1	0	5	0	Mighty Jake	Junior	Jay TheRock	Fox	Poe One					-41	-35	-47	-24	-49																																									2026-05-23	and8	https://and8.dance/en/stats/reports/5269/3756/?data=1&x=740&y=245&w=1225&type=r
World Kidz Breaking Champion 2026	1vs1 B-Boy U14 Top 32 KnockOut	Augus	Damiano	Augus	1	5	1	0	5	0	Mighty Jake	Junior	Jay TheRock	Fox	Poe One					-60	-31	-63	-19	-68																																									2026-05-23	and8	https://and8.dance/en/stats/reports/5269/3756/?data=1&x=490&y=500&w=1225&type=r
World Kidz Breaking Champion 2026	1vs1 B-Boy U14 Top 32 KnockOut	G-Force	Nana	Nana	1	5	0	1	0	5	Mighty Jake	Junior	Jay TheRock	Fox	Poe One					100	45	92	43	82																																									2026-05-23	and8	https://and8.dance/en/stats/reports/5269/3756/?data=1&x=490&y=245&w=1225&type=r
World Kidz Breaking Champion 2026	1vs1 B-Boy U14 Top 32 KnockOut	Sonic	Maloy	Maloy	1	5	0	1	0	5	Mighty Jake	Junior	OG Samson	Fox	Poe One					65	16	13	29	73																																									2026-05-23	and8	https://and8.dance/en/stats/reports/5269/3756/?data=1&x=775&y=565&w=1225&type=r
World Kidz Breaking Champion 2026	1vs1 B-Boy U14 Top 32 KnockOut	Harlan	Buch	Buch	1	5	0	1	0	5	Mighty Jake	Junior	OG Samson	Fox	Poe One					50	17	11	17	71																																									2026-05-23	and8	https://and8.dance/en/stats/reports/5269/3756/?data=1&x=775&y=435&w=1225&type=r
World Kidz Breaking Champion 2026	1vs1 B-Boy U14 Top 32 KnockOut	Legacy	Sonic	Sonic	1	5	0	1	1	4	Mighty Jake	Junior	OG Samson	Fox	Poe One					-10	17	9	20	44																																									2026-05-23	and8	https://and8.dance/en/stats/reports/5269/3756/?data=1&x=775&y=310&w=1225&type=r
World Kidz Breaking Champion 2026	1vs1 B-Boy U14 Top 32 KnockOut	GTV	Blue	Blue	1	5	0	1	2	3	Mighty Jake	Junior	OG Samson	Fox	Poe One					19	17	-6	-3	30																																									2026-05-23	and8	https://and8.dance/en/stats/reports/5269/3756/?data=1&x=775&y=180&w=1225&type=r
World Kidz Breaking Champion 2026	1vs1 B-Boy U14 Top 32 KnockOut	Blix10	Damiano	Damiano	1	5	0	1	2	3	Mighty Jake	Junior	OG Samson	Fox	Poe One					-22	-12	11	7	20																																									2026-05-23	and8	https://and8.dance/en/stats/reports/5269/3756/?data=1&x=450&y=565&w=1225&type=r
World Kidz Breaking Champion 2026	1vs1 B-Boy U14 Top 32 KnockOut	Augus	Aaron	Augus	1	5	1	0	3	2	Mighty Jake	Junior	OG Samson	Fox	Poe One					-20	13	-10	-22	32																																									2026-05-23	and8	https://and8.dance/en/stats/reports/5269/3756/?data=1&x=450&y=435&w=1225&type=r
World Kidz Breaking Champion 2026	1vs1 B-Boy U14 Top 32 KnockOut	Kenzo	Nana	Nana	1	5	0	1	0	5	Mighty Jake	Junior	OG Samson	Fox	Poe One					56	16	18	17	79																																									2026-05-23	and8	https://and8.dance/en/stats/reports/5269/3756/?data=1&x=450&y=310&w=1225&type=r
World Kidz Breaking Champion 2026	1vs1 B-Boy U14 Top 32 KnockOut	Marceau	G-Force	G-Force	1	5	0	1	2	3	Mighty Jake	Junior	OG Samson	Fox	Poe One					-31	5	4	11	-13																																									2026-05-23	and8	https://and8.dance/en/stats/reports/5269/3756/?data=1&x=450&y=180&w=1225&type=r
World Kidz Breaking Champion 2026	1vs1 B-Boy U14 Top 32 KnockOut	Emilis	Maloy	Maloy	1	5	0	1	0	5	Mighty Jake	Junior	OG Samson	Fox	Poe One					48	15	12	26	72																																									2026-05-23	and8	https://and8.dance/en/stats/reports/5269/3756/?data=1&x=935&y=610&w=1225&type=r
World Kidz Breaking Champion 2026	1vs1 B-Boy U14 Top 32 KnockOut	Sonic	Phoenix	Sonic	1	5	1	0	5	0	Mighty Jake	Junior	OG Samson	Fox	Poe One					-72	-28	-19	-18	-69																																									2026-05-23	and8	https://and8.dance/en/stats/reports/5269/3756/?data=1&x=935&y=540&w=1225&type=r
World Kidz Breaking Champion 2026	1vs1 B-Boy U14 Top 32 KnockOut	Shang Jia	Buch	Buch	1	5	0	1	0	5	Mighty Jake	Junior	OG Samson	Fox	Poe One					50	25	11	16	48																																									2026-05-23	and8	https://and8.dance/en/stats/reports/5269/3756/?data=1&x=935&y=475&w=1225&type=r
World Kidz Breaking Champion 2026	1vs1 B-Boy U14 Top 32 KnockOut	Le Rock	Harlan	Harlan	1	5	0	1	0	5	Mighty Jake	Junior	OG Samson	Fox	Poe One					27	10	7	9	18																																									2026-05-23	and8	https://and8.dance/en/stats/reports/5269/3756/?data=1&x=935&y=405&w=1225&type=r
World Kidz Breaking Champion 2026	1vs1 B-Boy U14 Top 32 KnockOut	Knuckles	Sonic	Sonic	1	5	0	1	1	4	Mighty Jake	Junior	OG Samson	Fox	Poe One					-10	21	3	9	29																																									2026-05-23	and8	https://and8.dance/en/stats/reports/5269/3756/?data=1&x=935&y=340&w=1225&type=r
World Kidz Breaking Champion 2026	1vs1 B-Boy U14 Top 32 KnockOut	Beni	Legacy	Legacy	1	5	0	1	0	5	Mighty Jake	Junior	OG Samson	Fox	Poe One					50	32	7	8	24																																									2026-05-23	and8	https://and8.dance/en/stats/reports/5269/3756/?data=1&x=935&y=270&w=1225&type=r
World Kidz Breaking Champion 2026	1vs1 B-Boy U14 Top 32 KnockOut	Blue	Benni	Blue	1	5	1	0	5	0	Mighty Jake	Junior	OG Samson	Fox	Poe One					-40	-7	-5	-22	-42																																									2026-05-23	and8	https://and8.dance/en/stats/reports/5269/3756/?data=1&x=935&y=200&w=1225&type=r
World Kidz Breaking Champion 2026	1vs1 B-Boy U14 Top 32 KnockOut	Lucas	GTV	GTV	1	5	0	1	1	4	Mighty Jake	Junior	OG Samson	Fox	Poe One					21	-11	5	33	68																																									2026-05-23	and8	https://and8.dance/en/stats/reports/5269/3756/?data=1&x=935&y=130&w=1225&type=r
World Kidz Breaking Champion 2026	1vs1 B-Boy U14 Top 32 KnockOut	Damiano	Maato	Damiano	1	5	1	0	3	2	Mighty Jake	Junior	OG Samson	Fox	Poe One					-10	6	15	-14	-13																																									2026-05-23	and8	https://and8.dance/en/stats/reports/5269/3756/?data=1&x=300&y=610&w=1225&type=r
World Kidz Breaking Champion 2026	1vs1 B-Boy U14 Top 32 KnockOut	Macéo	Blix10	Blix10	1	5	0	1	2	3	Poe One	Fox	OG Samson	Junior	Mighty Jake					-10	7	-12	6	20																																									2026-05-23	and8	https://and8.dance/en/stats/reports/5269/3756/?data=1&x=300&y=540&w=1225&type=r
World Kidz Breaking Champion 2026	1vs1 B-Boy U14 Top 32 KnockOut	R-Sense	Aaron	Aaron	1	5	0	1	0	5	Poe One	Fox	OG Samson	Junior	Mighty Jake					26	5	13	6	37																																									2026-05-23	and8	https://and8.dance/en/stats/reports/5269/3756/?data=1&x=300&y=475&w=1225&type=r
World Kidz Breaking Champion 2026	1vs1 B-Boy U14 Top 32 KnockOut	Augus	Dom-On	Augus	1	5	1	0	5	0	Poe One	Fox	OG Samson	Junior	Mighty Jake					-13	-16	-11	-26	-20																																									2026-05-23	and8	https://and8.dance/en/stats/reports/5269/3756/?data=1&x=300&y=405&w=1225&type=r
World Kidz Breaking Champion 2026	1vs1 B-Boy U14 Top 32 KnockOut	Nana	Sonic Eudezet	Nana	1	5	1	0	5	0	Poe One	Fox	OG Samson	Junior	Mighty Jake					-80	-33	-37	-10	-50																																									2026-05-23	and8	https://and8.dance/en/stats/reports/5269/3756/?data=1&x=300&y=340&w=1225&type=r
World Kidz Breaking Champion 2026	1vs1 B-Boy U14 Top 32 KnockOut	Kenzo	Karlito Jr	Kenzo	1	5	1	0	5	0	Poe One	Fox	OG Samson	Junior	Mighty Jake					-17	-12	-14	-14	-60																																									2026-05-23	and8	https://and8.dance/en/stats/reports/5269/3756/?data=1&x=300&y=270&w=1225&type=r
World Kidz Breaking Champion 2026	1vs1 B-Boy U14 Top 32 KnockOut	DelVito	G-Force	G-Force	1	5	0	1	1	4	Poe One	Fox	OG Samson	Junior	Mighty Jake					12	8	-5	10	22																																									2026-05-23	and8	https://and8.dance/en/stats/reports/5269/3756/?data=1&x=300&y=200&w=1225&type=r
World Kidz Breaking Champion 2026	1vs1 B-Boy U14 Top 32 KnockOut	Yujia	Marceau	Marceau	1	5	0	1	2	3	Poe One	Fox	OG Samson	Junior	Mighty Jake					7	-4	-23	4	28																																									2026-05-23	and8	https://and8.dance/en/stats/reports/5269/3756/?data=1&x=300&y=130&w=1225&type=r
World Kidz Breaking Champion 2026	1vs1 B-Girl U14 Top 16 KnockOut	Naomix	Roksy Rock	Roksy Rock	2	5	0	2	0	10	Hakan	Thunder	Jay TheRock	G-Head	Stefani					12	13	20	50	11					8	10	15	65	29																																2026-05-23	and8	https://and8.dance/en/stats/reports/5269/3758/?data=1&x=615&y=615&w=1225&type=r
World Kidz Breaking Champion 2026	1vs1 B-Girl U14 Top 16 KnockOut	Roksy Rock	Keziah	Roksy Rock	1	5	1	0	4	1	Hakan	Thunder	Jay TheRock	G-Head	Stefani					-15	-9	9	-36	-20																																									2026-05-23	and8	https://and8.dance/en/stats/reports/5269/3758/?data=1&x=745&y=360&w=1225&type=r
World Kidz Breaking Champion 2026	1vs1 B-Girl U14 Top 16 KnockOut	Karina’	Naomix	Naomix	1	5	0	1	0	5	Hakan	Thunder	Jay TheRock	G-Head	Stefani					17	8	50	28	42																																									2026-05-23	and8	https://and8.dance/en/stats/reports/5269/3758/?data=1&x=480&y=360&w=1225&type=r
World Kidz Breaking Champion 2026	1vs1 B-Girl U14 Top 16 KnockOut	Pralka	Keziah	Keziah	1	5	0	1	0	5	Stefani	G-Head	Fox	Jay TheRock	Thunder					30	39	15	68	10																																									2026-05-23	and8	https://and8.dance/en/stats/reports/5269/3758/?data=1&x=785&y=495&w=1225&type=r
World Kidz Breaking Champion 2026	1vs1 B-Girl U14 Top 16 KnockOut	Roksy Rock	Ruma	Roksy Rock	1	5	1	0	4	1	Stefani	G-Head	Fox	Jay TheRock	Thunder					-39	-79	-7	-61	7																																									2026-05-23	and8	https://and8.dance/en/stats/reports/5269/3758/?data=1&x=785&y=225&w=1225&type=r
World Kidz Breaking Champion 2026	1vs1 B-Girl U14 Top 16 KnockOut	Lenexx	Naomix	Naomix	1	5	0	1	1	4	Stefani	G-Head	Fox	Jay TheRock	Thunder					-8	71	19	26	10																																									2026-05-23	and8	https://and8.dance/en/stats/reports/5269/3758/?data=1&x=440&y=495&w=1225&type=r
World Kidz Breaking Champion 2026	1vs1 B-Girl U14 Top 16 KnockOut	Rudi	Karina’	Karina’	1	5	0	1	2	3	Stefani	G-Head	Fox	Jay TheRock	Thunder					-15	31	-3	12	12																																									2026-05-23	and8	https://and8.dance/en/stats/reports/5269/3758/?data=1&x=440&y=225&w=1225&type=r
World Kidz Breaking Champion 2026	1vs1 B-Girl U14 Top 16 KnockOut	Keziah	Vertigo-Nika	Keziah	1	5	1	0	5	0	Stefani	G-Head	Enano	Jay TheRock	Thunder					-20	-78	-16	-8	-10																																									2026-05-23	and8	https://and8.dance/en/stats/reports/5269/3758/?data=1&x=1085&y=540&w=1225&type=r
World Kidz Breaking Champion 2026	1vs1 B-Girl U14 Top 16 KnockOut	Pralka	Mily	Pralka	1	5	1	0	5	0	Stefani	G-Head	Enano	Jay TheRock	Thunder					-15	-25	-10	-39	-23																																									2026-05-23	and8	https://and8.dance/en/stats/reports/5269/3758/?data=1&x=1085&y=405&w=1225&type=r
World Kidz Breaking Champion 2026	1vs1 B-Girl U14 Top 16 KnockOut	Ruma	May-One	Ruma	1	5	1	0	5	0	Stefani	G-Head	Enano	Jay TheRock	Thunder					-52	-65	-15	-70	-69																																									2026-05-23	and8	https://and8.dance/en/stats/reports/5269/3758/?data=1&x=1085&y=270&w=1225&type=r
World Kidz Breaking Champion 2026	1vs1 B-Girl U14 Top 16 KnockOut	Leen	Roksy Rock	Roksy Rock	1	5	0	1	0	5	Stefani	G-Head	Enano	Jay TheRock	Thunder					30	78	11	85	59																																									2026-05-23	and8	https://and8.dance/en/stats/reports/5269/3758/?data=1&x=1085&y=135&w=1225&type=r
World Kidz Breaking Champion 2026	1vs1 B-Girl U14 Top 16 KnockOut	Mayak	Naomix	Naomix	1	5	0	1	0	5	Stefani	G-Head	Enano	Jay TheRock	Thunder					55	77	18	87	67																																									2026-05-23	and8	https://and8.dance/en/stats/reports/5269/3758/?data=1&x=135&y=540&w=1225&type=r
World Kidz Breaking Champion 2026	1vs1 B-Girl U14 Top 16 KnockOut	Flowness	Lenexx	Lenexx	1	5	0	1	1	4	Stefani	G-Head	Enano	Jay TheRock	Thunder					6	21	7	8	-49																																									2026-05-23	and8	https://and8.dance/en/stats/reports/5269/3758/?data=1&x=135&y=405&w=1225&type=r
World Kidz Breaking Champion 2026	1vs1 B-Girl U14 Top 16 KnockOut	Karina’	Vaninja	Karina’	1	5	1	0	5	0	Stefani	G-Head	Enano	Jay TheRock	Thunder					-64	-75	-11	-66	-43																																									2026-05-23	and8	https://and8.dance/en/stats/reports/5269/3758/?data=1&x=135&y=270&w=1225&type=r
World Kidz Breaking Champion 2026	1vs1 B-Girl U14 Top 16 KnockOut	Rudi	Viki	Rudi	1	5	1	0	3	2	Stefani	G-Head	Enano	Jay TheRock	Thunder					-23	21	-9	-42	37																																									2026-05-23	and8	https://and8.dance/en/stats/reports/5269/3758/?data=1&x=135&y=135&w=1225&type=r
World Kidz Breaking Champion 2026	1vs1 B-Boy U10 Top 16 KnockOut	Maximus	Groserock	Groserock	3	5	1	2	6	9	Poe One	Chakal	OG Samson	Junior	Jurskee					4	-52	36	23	27					-8	-50	-28	10	7					-8	8	-26	11	12																							2026-05-23	and8	https://and8.dance/en/stats/reports/5269/3759/?data=1&x=615&y=615&w=1225&type=r
World Kidz Breaking Champion 2026	1vs1 B-Boy U10 Top 16 KnockOut	Groserock	Jugin	Groserock	1	5	1	0	5	0	Poe One	Chakal	OG Samson	Junior	Jurskee					-36	-43	-50	-25	-20																																									2026-05-23	and8	https://and8.dance/en/stats/reports/5269/3759/?data=1&x=745&y=360&w=1225&type=r
World Kidz Breaking Champion 2026	1vs1 B-Boy U10 Top 16 KnockOut	Maximus	Umi	Maximus	1	5	1	0	4	1	Poe One	Chakal	OG Samson	Junior	Jurskee					-38	-48	-18	10	-32																																									2026-05-23	and8	https://and8.dance/en/stats/reports/5269/3759/?data=1&x=480&y=360&w=1225&type=r
World Kidz Breaking Champion 2026	1vs1 B-Boy U10 Top 16 KnockOut	Milann	Jugin	Jugin	1	5	0	1	1	4	Enano	Junior	Chakal	Jurskee	Poe One					5	6	-24	17	8																																									2026-05-23	and8	https://and8.dance/en/stats/reports/5269/3759/?data=1&x=785&y=495&w=1225&type=r
World Kidz Breaking Champion 2026	1vs1 B-Boy U10 Top 16 KnockOut	Augus	Groserock	Groserock	1	5	0	1	2	3	Enano	Junior	Chakal	Jurskee	Poe One					20	9	39	-13	-21																																									2026-05-23	and8	https://and8.dance/en/stats/reports/5269/3759/?data=1&x=785&y=225&w=1225&type=r
World Kidz Breaking Champion 2026	1vs1 B-Boy U10 Top 16 KnockOut	Soma	Umi	Umi	1	5	0	1	0	5	Enano	Junior	Chakal	Jurskee	Poe One					20	34	56	48	70																																									2026-05-23	and8	https://and8.dance/en/stats/reports/5269/3759/?data=1&x=440&y=495&w=1225&type=r
World Kidz Breaking Champion 2026	1vs1 B-Boy U10 Top 16 KnockOut	Maximus	Pasha	Maximus	1	5	1	0	4	1	Enano	Junior	Chakal	Jurskee	Poe One					-13	10	-11	-12	-58																																									2026-05-23	and8	https://and8.dance/en/stats/reports/5269/3759/?data=1&x=440&y=225&w=1225&type=r
World Kidz Breaking Champion 2026	1vs1 B-Boy U10 Top 16 KnockOut	Lev	Jugin	Jugin	1	5	0	1	0	5	Enano	Junior	Chakal	Jurskee	Poe One					15	11	42	27	42																																									2026-05-23	and8	https://and8.dance/en/stats/reports/5269/3759/?data=1&x=1085&y=540&w=1225&type=r
World Kidz Breaking Champion 2026	1vs1 B-Boy U10 Top 16 KnockOut	L-Strike	Milann	Milann	1	5	0	1	0	5	Enano	Junior	Chakal	Jurskee	Poe One					20	61	60	60	64																																									2026-05-23	and8	https://and8.dance/en/stats/reports/5269/3759/?data=1&x=1085&y=405&w=1225&type=r
World Kidz Breaking Champion 2026	1vs1 B-Boy U10 Top 16 KnockOut	Nak	Groserock	Groserock	1	5	0	1	0	5	Enano	Junior	Chakal	Jurskee	Poe One					37	14	18	16	6																																									2026-05-23	and8	https://and8.dance/en/stats/reports/5269/3759/?data=1&x=1085&y=270&w=1225&type=r
World Kidz Breaking Champion 2026	1vs1 B-Boy U10 Top 16 KnockOut	Augus	No	Augus	1	5	1	0	5	0	Enano	Junior	Chakal	Jurskee	Poe One					-12	-23	-15	-44	-67																																									2026-05-23	and8	https://and8.dance/en/stats/reports/5269/3759/?data=1&x=1085&y=135&w=1225&type=r
World Kidz Breaking Champion 2026	1vs1 B-Boy U10 Top 16 KnockOut	Lil J	Umi	Umi	1	5	0	1	0	5	Enano	Junior	Chakal	Jurskee	Poe One					14	15	19	24	57																																									2026-05-23	and8	https://and8.dance/en/stats/reports/5269/3759/?data=1&x=135&y=540&w=1225&type=r
World Kidz Breaking Champion 2026	1vs1 B-Boy U10 Top 16 KnockOut	Soma	Leonidas	Soma	1	5	1	0	3	2	Enano	Junior	Chakal	Jurskee	Poe One					-7	12	-13	12	-17																																									2026-05-23	and8	https://and8.dance/en/stats/reports/5269/3759/?data=1&x=135&y=405&w=1225&type=r
World Kidz Breaking Champion 2026	1vs1 B-Boy U10 Top 16 KnockOut	Jevrik	Pasha	Pasha	1	5	0	1	0	5	Enano	Junior	Chakal	Jurskee	Poe One					9	13	21	21	6																																									2026-05-23	and8	https://and8.dance/en/stats/reports/5269/3759/?data=1&x=135&y=270&w=1225&type=r
World Kidz Breaking Champion 2026	1vs1 B-Boy U10 Top 16 KnockOut	Shang Jia	Maximus	Maximus	1	5	0	1	1	4	Enano	Junior	Chakal	Jurskee	Poe One					19	17	26	-25	9																																									2026-05-23	and8	https://and8.dance/en/stats/reports/5269/3759/?data=1&x=135&y=135&w=1225&type=r
World Kidz Breaking Champion 2026	1vs1 B-Girl U18 Top 16 KnockOut	CChange	Sarah	CChange	2	7	2	0	14	0	Hakan	Thunder	Fox	Jurskee	Jay TheRock	G-Head	Stefani			-76	-33	-36	-42	-17	-73	-58			-85	-41	-19	-35	-14	-67	-30																														2026-05-23	and8	https://and8.dance/en/stats/reports/5269/3760/?data=1&x=615&y=615&w=1225&type=r
World Kidz Breaking Champion 2026	1vs1 B-Girl U18 Top 16 KnockOut	Lynarock	Sarah	Sarah	1	7	0	1	3	4	Hakan	Thunder	Fox	Jurskee	Jay TheRock	G-Head	Stefani			-9	-29	8	8	-8	39	25																																							2026-05-23	and8	https://and8.dance/en/stats/reports/5269/3760/?data=1&x=745&y=360&w=1225&type=r
World Kidz Breaking Champion 2026	1vs1 B-Girl U18 Top 16 KnockOut	Mini Ali	CChange	CChange	1	7	0	1	1	6	Hakan	Thunder	Fox	Jurskee	Jay TheRock	G-Head	Stefani			23	14	17	10	15	55	-5																																							2026-05-23	and8	https://and8.dance/en/stats/reports/5269/3760/?data=1&x=480&y=360&w=1225&type=r
World Kidz Breaking Champion 2026	1vs1 B-Girl U18 Top 16 KnockOut	Sarah	Salala	Sarah	1	7	1	0	4	3	Thunder	Hakan	Fox	Jurskee	Jay TheRock	G-Head	Stefani			19	7	-7	-11	-13	-56	2																																							2026-05-23	and8	https://and8.dance/en/stats/reports/5269/3760/?data=1&x=785&y=495&w=1225&type=r
World Kidz Breaking Champion 2026	1vs1 B-Girl U18 Top 16 KnockOut	Lili	Lynarock	Lynarock	1	7	0	1	2	5	Thunder	Hakan	Fox	Jurskee	Jay TheRock	G-Head	Stefani			8	27	-7	-19	15	54	15																																							2026-05-23	and8	https://and8.dance/en/stats/reports/5269/3760/?data=1&x=785&y=225&w=1225&type=r
World Kidz Breaking Champion 2026	1vs1 B-Girl U18 Top 16 KnockOut	CChange	Ginger	CChange	1	7	1	0	7	0	Thunder	Hakan	Fox	Jurskee	Jay TheRock	G-Head	Stefani			-82	-100	-40	-47	-51	-74	-70																																							2026-05-23	and8	https://and8.dance/en/stats/reports/5269/3760/?data=1&x=440&y=495&w=1225&type=r
World Kidz Breaking Champion 2026	1vs1 B-Girl U18 Top 16 KnockOut	Mini Ali	Mirasita	Mini Ali	1	7	1	0	7	0	Thunder	Hakan	Fox	Jurskee	Jay TheRock	G-Head	Stefani			-9	-51	-8	-26	-42	-56	-60																																							2026-05-23	and8	https://and8.dance/en/stats/reports/5269/3760/?data=1&x=440&y=225&w=1225&type=r
World Kidz Breaking Champion 2026	1vs1 B-Girl U18 Top 16 KnockOut	Sly Fox	Salala	Salala	1	7	0	1	3	4	Thunder	Hakan	Fox	Jurskee	Jay TheRock	G-Head	Stefani			30	44	-15	10	-11	25	-9																																							2026-05-23	and8	https://and8.dance/en/stats/reports/5269/3760/?data=1&x=1085&y=540&w=1225&type=r
World Kidz Breaking Champion 2026	1vs1 B-Girl U18 Top 16 KnockOut	Emi	Sarah	Sarah	1	7	0	1	0	7	Thunder	Hakan	Fox	Jurskee	Jay TheRock	G-Head	Stefani			29	34	6	15	14	58	30																																							2026-05-23	and8	https://and8.dance/en/stats/reports/5269/3760/?data=1&x=1085&y=405&w=1225&type=r
World Kidz Breaking Champion 2026	1vs1 B-Girl U18 Top 16 KnockOut	Lynarock	Ghita	Lynarock	1	7	1	0	6	1	Thunder	Hakan	Fox	Jurskee	Jay TheRock	G-Head	Stefani			-75	-27	-15	-18	-6	-26	6																																							2026-05-23	and8	https://and8.dance/en/stats/reports/5269/3760/?data=1&x=1085&y=270&w=1225&type=r
World Kidz Breaking Champion 2026	1vs1 B-Girl U18 Top 16 KnockOut	Nishida	Lili	Lili	1	7	0	1	0	7	Thunder	Hakan	Fox	Jurskee	Jay TheRock	G-Head	Stefani			63	23	10	13	6	39	20																																							2026-05-23	and8	https://and8.dance/en/stats/reports/5269/3760/?data=1&x=1085&y=135&w=1225&type=r
World Kidz Breaking Champion 2026	1vs1 B-Girl U18 Top 16 KnockOut	Karina’	Ginger	Ginger	1	7	0	1	2	5	Thunder	Hakan	Fox	Jurskee	Jay TheRock	G-Head	Stefani			-82	46	-17	11	22	18	6																																							2026-05-23	and8	https://and8.dance/en/stats/reports/5269/3760/?data=1&x=135&y=540&w=1225&type=r
World Kidz Breaking Champion 2026	1vs1 B-Girl U18 Top 16 KnockOut	Mona	CChange	CChange	1	7	0	1	0	7	Thunder	Hakan	Fox	Jurskee	Jay TheRock	G-Head	Stefani			57	70	8	8	19	28	60																																							2026-05-23	and8	https://and8.dance/en/stats/reports/5269/3760/?data=1&x=135&y=405&w=1225&type=r
World Kidz Breaking Champion 2026	1vs1 B-Girl U18 Top 16 KnockOut	Mirasita	Flore	Mirasita	1	7	1	0	5	2	Thunder	Hakan	Fox	Jurskee	Jay TheRock	G-Head	Stefani			-42	-35	-5	-16	8	19	-11																																							2026-05-23	and8	https://and8.dance/en/stats/reports/5269/3760/?data=1&x=135&y=270&w=1225&type=r
World Kidz Breaking Champion 2026	1vs1 B-Girl U18 Top 16 KnockOut	Mini Ali	Jojo	Mini Ali	1	7	1	0	7	0	Thunder	Hakan	Fox	Jurskee	Jay TheRock	G-Head	Stefani			-37	-64	-18	-37	-15	-52	-59																																							2026-05-23	and8	https://and8.dance/en/stats/reports/5269/3760/?data=1&x=135&y=135&w=1225&type=r
World Kidz Breaking Champion 2026	1vs1 Time Out Powermove Final KnockOut	Mahmood	Nak	Mahmood	1	5	1	0	4	1	Majkrock	Junior	OG Samson	Mighty Jake	Thunder					-39	-17	-24	-10	43																																									2026-05-23	and8	https://and8.dance/en/stats/reports/5269/3761/?data=1&x=980&y=400&w=1225&type=r
World Kidz Breaking Champion 2026	1vs1 B-Girl U10 Top 8 KnockOut	Louise	Foka	Foka	2	5	0	2	0	10	Stefani	G-Head	Majkrock	Matalo Funk	Hakan					75	84	28	50	23					61	87	26	65	30																																2026-05-23	and8	https://and8.dance/en/stats/reports/5269/3763/?data=1&x=615&y=615&w=1225&type=r
World Kidz Breaking Champion 2026	1vs1 B-Girl U10 Top 8 KnockOut	Foka	Raisa	Foka	1	5	1	0	5	0	Stefani	G-Head	Majkrock	Matalo Funk	Hakan					-45	-86	-36	-56	-78																																									2026-05-23	and8	https://and8.dance/en/stats/reports/5269/3763/?data=1&x=760&y=360&w=1225&type=r
World Kidz Breaking Champion 2026	1vs1 B-Girl U10 Top 8 KnockOut	Hella	Louise	Louise	1	5	0	1	0	5	Stefani	G-Head	Majkrock	Matalo Funk	Hakan					41	85	17	23	17																																									2026-05-23	and8	https://and8.dance/en/stats/reports/5269/3763/?data=1&x=465&y=360&w=1225&type=r
World Kidz Breaking Champion 2026	1vs1 B-Girl U10 Top 8 KnockOut	Raisa	Liv Two	Raisa	1	5	1	0	5	0	Stefani	G-Head	Majkrock	Chakal	Matalo Funk					-7	-84	-29	-38	-39																																									2026-05-23	and8	https://and8.dance/en/stats/reports/5269/3763/?data=1&x=980&y=430&w=1225&type=r
World Kidz Breaking Champion 2026	1vs1 B-Girl U10 Top 8 KnockOut	Kalouna	Foka	Foka	1	5	0	1	1	4	Stefani	G-Head	Majkrock	Chakal	Matalo Funk					48	70	7	-8	45																																									2026-05-23	and8	https://and8.dance/en/stats/reports/5269/3763/?data=1&x=980&y=160&w=1225&type=r
World Kidz Breaking Champion 2026	1vs1 B-Girl U10 Top 8 KnockOut	Alina	Louise	Louise	1	5	0	1	1	4	Stefani	G-Head	Majkrock	Chakal	Matalo Funk					-5	73	26	60	39																																									2026-05-23	and8	https://and8.dance/en/stats/reports/5269/3763/?data=1&x=245&y=430&w=1225&type=r
World Kidz Breaking Champion 2026	1vs1 B-Girl U10 Top 8 KnockOut	Hella	FreezeEmma	Hella	1	5	1	0	3	2	Stefani	G-Head	Majkrock	Chakal	Matalo Funk					-7	51	-13	-15	11																																									2026-05-23	and8	https://and8.dance/en/stats/reports/5269/3763/?data=1&x=245&y=160&w=1225&type=r
Championnat de France de Breaking 2026	1vs1 BGIRL - U16 Top 8 KnockOut	Roksyrock	Jo	Jo	2	5	0	2	0	10	Lagaet	Babyson	Pascal Blaise	Anita	Shlag					24	8	9	40	6					39	12	31	30	9																																2026-06-20	and8	https://and8.dance/en/stats/reports/5614/4481/?data=1&x=615&y=280&w=1225&type=r
Championnat de France de Breaking 2026	1vs1 BGIRL - U16 Top 8 KnockOut	Queen Lolita	Naomix	Naomix	3	5	1	2	7	8	Lagaet	Babyson	Pascal Blaise	Anita	Shlag					-22	-18	-13	-42	-9					39	22	-19	25	3					31	18	15	42	-31																							2026-06-20	and8	https://and8.dance/en/stats/reports/5614/4481/?data=1&x=615&y=465&w=1225&type=r
Championnat de France de Breaking 2026	1vs1 BGIRL - U16 Top 8 KnockOut	Naomix	Jo	Jo	1	5	0	1	1	4	Lagaet	Babyson	Pascal Blaise	Anita	Shlag					32	16	-12	37	14																																									2026-06-20	and8	https://and8.dance/en/stats/reports/5614/4481/?data=1&x=760&y=360&w=1225&type=r
Championnat de France de Breaking 2026	1vs1 BGIRL - U16 Top 8 KnockOut	Roksyrock	Queen Lolita	Roksyrock	1	5	1	0	4	1	Lagaet	Babyson	Pascal Blaise	Anita	Shlag					30	-13	-19	-37	-10																																									2026-06-20	and8	https://and8.dance/en/stats/reports/5614/4481/?data=1&x=465&y=360&w=1225&type=r
Championnat de France de Breaking 2026	1vs1 BGIRL - U16 Top 8 KnockOut	Em-V	Jo	Jo	1	5	0	1	0	5	Lagaet	Babyson	Pascal Blaise	Anita	Shlag					58	24	29	47	23																																									2026-06-20	and8	https://and8.dance/en/stats/reports/5614/4481/?data=1&x=980&y=430&w=1225&type=r
Championnat de France de Breaking 2026	1vs1 BGIRL - U16 Top 8 KnockOut	Sarah Flow	Naomix	Naomix	1	5	0	1	0	5	Lagaet	Babyson	Pascal Blaise	Anita	Shlag					86	13	49	38	12																																									2026-06-20	and8	https://and8.dance/en/stats/reports/5614/4481/?data=1&x=980&y=160&w=1225&type=r
Championnat de France de Breaking 2026	1vs1 BGIRL - U16 Top 8 KnockOut	Lili	Queen Lolita	Queen Lolita	1	5	0	1	0	5	Lagaet	Babyson	Pascal Blaise	Anita	Shlag					24	18	60	53	10																																									2026-06-20	and8	https://and8.dance/en/stats/reports/5614/4481/?data=1&x=245&y=430&w=1225&type=r
Championnat de France de Breaking 2026	1vs1 BGIRL - U16 Top 8 KnockOut	Roksyrock	Keziah	Roksyrock	1	5	1	0	3	2	Lagaet	Babyson	Pascal Blaise	Anita	Shlag					-11	-19	60	-25	21																																									2026-06-20	and8	https://and8.dance/en/stats/reports/5614/4481/?data=1&x=245&y=160&w=1225&type=r
Championnat de France de Breaking 2026	1vs1 BBOY - U16 Top 8 KnockOut	Buch	El Phenomeno	El Phenomeno	2	5	0	2	3	7	Lagaet	Babyson	Pascal Blaise	Anita	Shlag					-24	15	32	39	-14					30	8	37	-52	11																																2026-06-20	and8	https://and8.dance/en/stats/reports/5614/4482/?data=1&x=615&y=280&w=1225&type=r
Championnat de France de Breaking 2026	1vs1 BBOY - U16 Top 8 KnockOut	Macéo	Philemon	Macéo	3	5	2	1	7	8	Lagaet	Babyson	Pascal Blaise	Anita	Shlag					40	8	12	-39	8					31	-12	21	-50	-7					-26	12	-17	-50	4																							2026-06-20	and8	https://and8.dance/en/stats/reports/5614/4482/?data=1&x=615&y=465&w=1225&type=r
Championnat de France de Breaking 2026	1vs1 BBOY - U16 Top 8 KnockOut	Philemon	El Phenomeno	El Phenomeno	1	5	0	1	0	5	Lagaet	Babyson	Pascal Blaise	Anita	Shlag					35	20	100	39	45																																									2026-06-20	and8	https://and8.dance/en/stats/reports/5614/4482/?data=1&x=760&y=360&w=1225&type=r
Championnat de France de Breaking 2026	1vs1 BBOY - U16 Top 8 KnockOut	Buch	Macéo	Buch	1	5	1	0	3	2	Lagaet	Babyson	Pascal Blaise	Anita	Shlag					-16	-17	21	-31	17																																									2026-06-20	and8	https://and8.dance/en/stats/reports/5614/4482/?data=1&x=465&y=360&w=1225&type=r
Championnat de France de Breaking 2026	1vs1 BBOY - U16 Top 8 KnockOut	Mp	El Phenomeno	El Phenomeno	1	5	0	1	0	5	Lagaet	Babyson	Pascal Blaise	Anita	Shlag					33	27	100	51	43																																									2026-06-20	and8	https://and8.dance/en/stats/reports/5614/4482/?data=1&x=980&y=430&w=1225&type=r
Championnat de France de Breaking 2026	1vs1 BBOY - U16 Top 8 KnockOut	Jiin	Philemon	Philemon	1	5	0	1	2	3	Lagaet	Babyson	Pascal Blaise	Anita	Shlag					30	-16	67	-33	7																																									2026-06-20	and8	https://and8.dance/en/stats/reports/5614/4482/?data=1&x=980&y=160&w=1225&type=r
Championnat de France de Breaking 2026	1vs1 BBOY - U16 Top 8 KnockOut	Macéo	Xavier	Macéo	1	5	1	0	4	1	Lagaet	Babyson	Pascal Blaise	Anita	Shlag					-32	-16	-65	-39	5																																									2026-06-20	and8	https://and8.dance/en/stats/reports/5614/4482/?data=1&x=245&y=430&w=1225&type=r
Championnat de France de Breaking 2026	1vs1 BBOY - U16 Top 8 KnockOut	Marceau	Buch	Buch	1	5	0	1	1	4	Lagaet	Babyson	Pascal Blaise	Anita	Shlag					51	25	42	-33	7																																									2026-06-20	and8	https://and8.dance/en/stats/reports/5614/4482/?data=1&x=245&y=160&w=1225&type=r
Championnat de France de Breaking 2026	1vs1 BGIRL - U18 Top 8 KnockOut	Coline	Ju	Ju	2	5	0	2	1	9	Lagaet	Babyson	Pascal Blaise	Anita	Shlag					33	13	10	32	22					24	15	12	-25	20																																2026-06-20	and8	https://and8.dance/en/stats/reports/5614/4483/?data=1&x=615&y=280&w=1225&type=r
Championnat de France de Breaking 2026	1vs1 BGIRL - U18 Top 8 KnockOut	Zoé	Lilou	Lilou	2	5	0	2	0	10	Lagaet	Babyson	Pascal Blaise	Anita	Shlag					27	11	10	41	9					32	13	12	67	12																																2026-06-20	and8	https://and8.dance/en/stats/reports/5614/4483/?data=1&x=615&y=465&w=1225&type=r
Championnat de France de Breaking 2026	1vs1 BGIRL - U18 Top 8 KnockOut	Lilou	Ju	Ju	1	5	0	1	0	5	Lagaet	Babyson	Pascal Blaise	Anita	Shlag					32	16	38	34	15																																									2026-06-20	and8	https://and8.dance/en/stats/reports/5614/4483/?data=1&x=760&y=360&w=1225&type=r
Championnat de France de Breaking 2026	1vs1 BGIRL - U18 Top 8 KnockOut	Zoé	Coline	Coline	1	5	0	1	0	5	Lagaet	Babyson	Pascal Blaise	Anita	Shlag					28	16	43	47	27																																									2026-06-20	and8	https://and8.dance/en/stats/reports/5614/4483/?data=1&x=465&y=360&w=1225&type=r
Championnat de France de Breaking 2026	1vs1 BGIRL - U18 Top 8 KnockOut	Tahis	Ju	Ju	1	5	0	1	0	5	Lagaet	Babyson	Pascal Blaise	Anita	Shlag					43	18	49	36	43																																									2026-06-20	and8	https://and8.dance/en/stats/reports/5614/4483/?data=1&x=980&y=430&w=1225&type=r
Championnat de France de Breaking 2026	1vs1 BGIRL - U18 Top 8 KnockOut	Lilou	Wolfna	Lilou	1	5	1	0	5	0	Lagaet	Babyson	Pascal Blaise	Anita	Shlag					-57	-15	-49	-41	-18																																									2026-06-20	and8	https://and8.dance/en/stats/reports/5614/4483/?data=1&x=980&y=160&w=1225&type=r
Championnat de France de Breaking 2026	1vs1 BGIRL - U18 Top 8 KnockOut	Coline	Rosalie	Coline	1	5	1	0	5	0	Lagaet	Babyson	Pascal Blaise	Anita	Shlag					-37	-18	-41	-48	-18																																									2026-06-20	and8	https://and8.dance/en/stats/reports/5614/4483/?data=1&x=245&y=430&w=1225&type=r
Championnat de France de Breaking 2026	1vs1 BGIRL - U18 Top 8 KnockOut	Zoé	Nessa	Zoé	1	5	1	0	3	2	Lagaet	Babyson	Pascal Blaise	Anita	Shlag					10	11	-24	-40	-5																																									2026-06-20	and8	https://and8.dance/en/stats/reports/5614/4483/?data=1&x=245&y=160&w=1225&type=r
Championnat de France de Breaking 2026	1vs1 BBOY - U18 Top 8 KnockOut	Timéo	Moussa	Timéo	2	5	2	0	7	3	Lagaet	Babyson	Pascal Blaise	Anita	Shlag					-43	-14	89	-31	-10					-29	-10	27	-47	9																																2026-06-20	and8	https://and8.dance/en/stats/reports/5614/4484/?data=1&x=615&y=280&w=1225&type=r
Championnat de France de Breaking 2026	1vs1 BBOY - U18 Top 8 KnockOut	B-One	Ruben	Ruben	2	5	0	2	4	6	Lagaet	Babyson	Pascal Blaise	Anita	Shlag					30	-21	21	-45	15					24	-19	-16	29	7																																2026-06-20	and8	https://and8.dance/en/stats/reports/5614/4484/?data=1&x=615&y=465&w=1225&type=r
Championnat de France de Breaking 2026	1vs1 BBOY - U18 Top 8 KnockOut	Ruben	Moussa	Moussa	1	5	0	1	1	4	Lagaet	Babyson	Pascal Blaise	Anita	Shlag					45	22	68	-40	14																																									2026-06-20	and8	https://and8.dance/en/stats/reports/5614/4484/?data=1&x=760&y=360&w=1225&type=r
Championnat de France de Breaking 2026	1vs1 BBOY - U18 Top 8 KnockOut	Timéo	B-One	Timéo	1	5	1	0	3	2	Lagaet	Babyson	Pascal Blaise	Anita	Shlag					-30	-15	81	-36	10																																									2026-06-20	and8	https://and8.dance/en/stats/reports/5614/4484/?data=1&x=465&y=360&w=1225&type=r
Championnat de France de Breaking 2026	1vs1 BBOY - U18 Top 8 KnockOut	Temba	Moussa	Moussa	1	5	0	1	0	5	Lagaet	Babyson	Pascal Blaise	Anita	Shlag					40	20	54	41	20																																									2026-06-20	and8	https://and8.dance/en/stats/reports/5614/4484/?data=1&x=980&y=430&w=1225&type=r
Championnat de France de Breaking 2026	1vs1 BBOY - U18 Top 8 KnockOut	Ruben	Mutima	Ruben	1	5	1	0	3	2	Lagaet	Babyson	Pascal Blaise	Anita	Shlag					-52	9	40	-37	-5																																									2026-06-20	and8	https://and8.dance/en/stats/reports/5614/4484/?data=1&x=980&y=160&w=1225&type=r
Championnat de France de Breaking 2026	1vs1 BBOY - U18 Top 8 KnockOut	Lil-Meï	B-One	B-One	1	5	0	1	0	5	Lagaet	Babyson	Pascal Blaise	Anita	Shlag					45	26	62	38	24																																									2026-06-20	and8	https://and8.dance/en/stats/reports/5614/4484/?data=1&x=245&y=430&w=1225&type=r
Championnat de France de Breaking 2026	1vs1 BBOY - U18 Top 8 KnockOut	Ewen	Timéo	Timéo	1	5	0	1	0	5	Lagaet	Babyson	Pascal Blaise	Anita	Shlag					54	21	18	43	16																																									2026-06-20	and8	https://and8.dance/en/stats/reports/5614/4484/?data=1&x=245&y=160&w=1225&type=r
Championnat de France de Breaking 2026	1vs1 BGIRL - U12 Top 8 KnockOut	Mini Style	Lina	Lina	2	5	0	2	0	10	Lagaet	Babyson	Pascal Blaise	Anita	Shlag					15	14	28	49	13					17	19	33	48	22																																2026-06-20	and8	https://and8.dance/en/stats/reports/5614/4485/?data=1&x=615&y=280&w=1225&type=r
Championnat de France de Breaking 2026	1vs1 BGIRL - U12 Top 8 KnockOut	Romane	Louise	Louise	2	5	0	2	0	10	Lagaet	Babyson	Pascal Blaise	Anita	Shlag					25	20	38	59	23					17	18	28	42	22																																2026-06-20	and8	https://and8.dance/en/stats/reports/5614/4485/?data=1&x=615&y=465&w=1225&type=r
Championnat de France de Breaking 2026	1vs1 BGIRL - U12 Top 8 KnockOut	Louise	Lina	Lina	1	5	0	1	0	5	Lagaet	Babyson	Pascal Blaise	Anita	Shlag					21	18	14	45	10																																									2026-06-20	and8	https://and8.dance/en/stats/reports/5614/4485/?data=1&x=760&y=360&w=1225&type=r
Championnat de France de Breaking 2026	1vs1 BGIRL - U12 Top 8 KnockOut	Mini Style	Romane	Mini Style	1	5	1	0	5	0	Lagaet	Babyson	Pascal Blaise	Anita	Shlag					-14	-29	-56	-29	-17																																									2026-06-20	and8	https://and8.dance/en/stats/reports/5614/4485/?data=1&x=465&y=360&w=1225&type=r
Championnat de France de Breaking 2026	1vs1 BGIRL - U12 Top 8 KnockOut	Camou	Lina	Lina	1	5	0	1	0	5	Lagaet	Babyson	Pascal Blaise	Anita	Shlag					29	14	28	53	20																																									2026-06-20	and8	https://and8.dance/en/stats/reports/5614/4485/?data=1&x=980&y=430&w=1225&type=r
Championnat de France de Breaking 2026	1vs1 BGIRL - U12 Top 8 KnockOut	Méli-J	Louise	Louise	1	5	0	1	1	4	Lagaet	Babyson	Pascal Blaise	Anita	Shlag					33	11	18	49	-26																																									2026-06-20	and8	https://and8.dance/en/stats/reports/5614/4485/?data=1&x=980&y=160&w=1225&type=r
Championnat de France de Breaking 2026	1vs1 BGIRL - U12 Top 8 KnockOut	Méline	Romane	Romane	1	5	0	1	1	4	Lagaet	Babyson	Pascal Blaise	Anita	Shlag					22	18	27	-33	35																																									2026-06-20	and8	https://and8.dance/en/stats/reports/5614/4485/?data=1&x=245&y=430&w=1225&type=r
Championnat de France de Breaking 2026	1vs1 BGIRL - U12 Top 8 KnockOut	Kalouna	Mini Style	Mini Style	1	5	0	1	2	3	Lagaet	Babyson	Pascal Blaise	Anita	Shlag					-25	12	26	-39	11																																									2026-06-20	and8	https://and8.dance/en/stats/reports/5614/4485/?data=1&x=245&y=160&w=1225&type=r
Championnat de France de Breaking 2026	1vs1 BBOY - U12 Top 8 KnockOut	Milann	Aaron	Aaron	2	5	0	2	3	7	Lagaet	Babyson	Pascal Blaise	Anita	Shlag					-21	-7	19	43	5					-29	13	51	51	19																																2026-06-20	and8	https://and8.dance/en/stats/reports/5614/4486/?data=1&x=615&y=280&w=1225&type=r
Championnat de France de Breaking 2026	1vs1 BBOY - U12 Top 8 KnockOut	Lilshadow	Taki	Taki	3	5	1	2	5	10	Lagaet	Babyson	Pascal Blaise	Anita	Shlag					-9	-11	17	-48	-12					29	15	10	50	14					39	25	22	45	-1																							2026-06-20	and8	https://and8.dance/en/stats/reports/5614/4486/?data=1&x=615&y=465&w=1225&type=r
Championnat de France de Breaking 2026	1vs1 BBOY - U12 Top 8 KnockOut	Aaron	Taki	Aaron	1	5	1	0	4	1	Lagaet	Babyson	Pascal Blaise	Anita	Shlag					-17	7	-17	-49	-9																																									2026-06-20	and8	https://and8.dance/en/stats/reports/5614/4486/?data=1&x=760&y=360&w=1225&type=r
Championnat de France de Breaking 2026	1vs1 BBOY - U12 Top 8 KnockOut	Milann	Lilshadow	Milann	1	5	1	0	3	2	Lagaet	Babyson	Pascal Blaise	Anita	Shlag					-15	3	45	-37	-13																																									2026-06-20	and8	https://and8.dance/en/stats/reports/5614/4486/?data=1&x=465&y=360&w=1225&type=r
Championnat de France de Breaking 2026	1vs1 BBOY - U12 Top 8 KnockOut	Lenny	Taki	Taki	1	5	0	1	0	5	Lagaet	Babyson	Pascal Blaise	Anita	Shlag					56	25	92	49	6																																									2026-06-20	and8	https://and8.dance/en/stats/reports/5614/4486/?data=1&x=980&y=430&w=1225&type=r
Championnat de France de Breaking 2026	1vs1 BBOY - U12 Top 8 KnockOut	David	Aaron	Aaron	1	5	0	1	1	4	Lagaet	Babyson	Pascal Blaise	Anita	Shlag					37	16	29	47	-8																																									2026-06-20	and8	https://and8.dance/en/stats/reports/5614/4486/?data=1&x=980&y=160&w=1225&type=r
Championnat de France de Breaking 2026	1vs1 BBOY - U12 Top 8 KnockOut	Gabin	Lilshadow	Lilshadow	1	5	0	1	0	5	Lagaet	Babyson	Pascal Blaise	Anita	Shlag					49	25	100	54	32																																									2026-06-20	and8	https://and8.dance/en/stats/reports/5614/4486/?data=1&x=245&y=430&w=1225&type=r
Championnat de France de Breaking 2026	1vs1 BBOY - U12 Top 8 KnockOut	Gari	Milann	Milann	1	5	0	1	0	5	Lagaet	Babyson	Pascal Blaise	Anita	Shlag					51	27	100	76	25																																									2026-06-20	and8	https://and8.dance/en/stats/reports/5614/4486/?data=1&x=245&y=160&w=1225&type=r
Championnat de France de Breaking 2026	1vs1 BGIRL - 18+ Top 4 KnockOut	Pita	Syssy	Syssy	3	5	0	3	0	15	Lagaet	Babyson	Pascal Blaise	Anita	Shlag					44	18	59	45	20					42	18	49	34	33					34	14	68	62	17																							2026-06-20	and8	https://and8.dance/en/stats/reports/5614/4487/?data=1&x=980&y=400&w=1225&type=r
Championnat de France de Breaking 2026	1vs1 BGIRL - 18+ Top 4 KnockOut	Lily Rose	Cléa	Lily Rose	3	5	3	0	13	2	Lagaet	Babyson	Pascal Blaise	Anita	Shlag					-18	8	-16	-42	-100					-11	-18	-15	-31	-100					23	-13	-15	-49	-16																							2026-06-20	and8	https://and8.dance/en/stats/reports/5614/4487/?data=1&x=570&y=400&w=1225&type=r
Championnat de France de Breaking 2026	1vs1 BGIRL - 18+ Top 4 KnockOut	Cléa	Syssy	Syssy	2	5	0	2	0	10	Lagaet	Babyson	Pascal Blaise	Anita	Shlag					36	24	56	49	36					33	24	46	33	45																																2026-06-20	and8	https://and8.dance/en/stats/reports/5614/4487/?data=1&x=590&y=490&w=1225&type=r
Championnat de France de Breaking 2026	1vs1 BGIRL - 18+ Top 4 KnockOut	Lily Rose	Pita	Pita	2	5	0	2	1	9	Lagaet	Babyson	Pascal Blaise	Anita	Shlag					28	18	7	44	-100					17	22	16	39	40																																2026-06-20	and8	https://and8.dance/en/stats/reports/5614/4487/?data=1&x=590&y=300&w=1225&type=r
Championnat de France de Breaking 2026	1vs1 BBOY - 18+ Top 8 KnockOut	Killian	Damani	Killian	3	5	2	1	10	5	Lagaet	Babyson	Pascal Blaise	Anita	Shlag					23	11	9	-36	4					-12	-10	-11	27	-5					-51	-16	-39	-49	-31																							2026-06-20	and8	https://and8.dance/en/stats/reports/5614/4488/?data=1&x=615&y=280&w=1225&type=r
Championnat de France de Breaking 2026	1vs1 BBOY - 18+ Top 8 KnockOut	Tengis Khan	Enzo	Enzo	3	5	0	3	3	12	Lagaet	Babyson	Pascal Blaise	Anita	Shlag					19	12	34	39	19					22	-16	29	-37	20					24	-14	46	46	8																							2026-06-20	and8	https://and8.dance/en/stats/reports/5614/4488/?data=1&x=615&y=465&w=1225&type=r
Championnat de France de Breaking 2026	1vs1 BBOY - 18+ Top 8 KnockOut	Damani	Enzo	Damani	2	5	2	0	7	3	Lagaet	Babyson	Pascal Blaise	Anita	Shlag					-27	-18	14	-33	-9					-28	-15	31	-26	7																																2026-06-20	and8	https://and8.dance/en/stats/reports/5614/4488/?data=1&x=760&y=360&w=1225&type=r
Championnat de France de Breaking 2026	1vs1 BBOY - 18+ Top 8 KnockOut	Killian	Tengis Khan	Killian	3	5	2	1	10	5	Lagaet	Babyson	Pascal Blaise	Anita	Shlag					12	10	-14	-25	6					-46	-15	12	-37	-33					-53	-10	-29	-28	10																							2026-06-20	and8	https://and8.dance/en/stats/reports/5614/4488/?data=1&x=465&y=360&w=1225&type=r
Championnat de France de Breaking 2026	1vs1 BBOY - 18+ Top 8 KnockOut	Ludo	Enzo	Enzo	2	5	0	2	0	10	Lagaet	Babyson	Pascal Blaise	Anita	Shlag					41	16	16	39	8					45	15	60	51	8																																2026-06-20	and8	https://and8.dance/en/stats/reports/5614/4488/?data=1&x=980&y=430&w=1225&type=r
Championnat de France de Breaking 2026	1vs1 BBOY - 18+ Top 8 KnockOut	Damani	Tom	Damani	2	5	2	0	9	1	Lagaet	Babyson	Pascal Blaise	Anita	Shlag					-17	-18	-21	-34	-15					-9	-14	21	-32	-12																																2026-06-20	and8	https://and8.dance/en/stats/reports/5614/4488/?data=1&x=980&y=160&w=1225&type=r
Championnat de France de Breaking 2026	1vs1 BBOY - 18+ Top 8 KnockOut	Yassif	Tengis Khan	Tengis Khan	3	5	1	2	5	10	Lagaet	Babyson	Pascal Blaise	Anita	Shlag					-33	24	-20	41	31					-11	-11	17	-68	13					43	17	36	39	29																							2026-06-20	and8	https://and8.dance/en/stats/reports/5614/4488/?data=1&x=245&y=430&w=1225&type=r
Championnat de France de Breaking 2026	1vs1 BBOY - 18+ Top 8 KnockOut	Killian	Ceebri	Killian	2	5	2	0	9	1	Lagaet	Babyson	Pascal Blaise	Anita	Shlag					-39	-20	-67	-38	-100					-26	-12	-29	-47	8																																2026-06-20	and8	https://and8.dance/en/stats/reports/5614/4488/?data=1&x=245&y=160&w=1225&type=r
The Legits Blast 2026 presents Outbreak Europe 2026	1vs1 Kid Top 16 KnockOut	Xueyu	Seigo	Xueyu	3	5	3	0	13	2	Lussy Sky	Kido	Fléau	Perninha	RoxRite					-28	-5	-58	-22	-5					-6	-17	-60	-16	-8					7	-1	-34	-16	4																							2026-07-19	and8	https://and8.dance/en/stats/reports/5193/4393/?data=1&x=615&y=615&w=1225&type=r
The Legits Blast 2026 presents Outbreak Europe 2026	1vs1 Kid Top 16 KnockOut	Seigo	B-Boy Seier	Seigo	3	5	2	1	9	6	Lussy Sky	Kido	Fléau	Perninha	RoxRite					-9	4	14	19	9					-52	-22	-3	-27	-4					-20	-7	7	-18	4																							2026-07-19	and8	https://and8.dance/en/stats/reports/5193/4393/?data=1&x=745&y=360&w=1225&type=r
The Legits Blast 2026 presents Outbreak Europe 2026	1vs1 Kid Top 16 KnockOut	Ural	Xueyu	Xueyu	2	5	0	2	2	8	Lussy Sky	Kido	Fléau	Perninha	RoxRite					-13	16	-18	17	8					58	32	13	19	12																																2026-07-19	and8	https://and8.dance/en/stats/reports/5193/4393/?data=1&x=480&y=360&w=1225&type=r
The Legits Blast 2026 presents Outbreak Europe 2026	1vs1 Kid Top 16 KnockOut	B-Boy Leo	B-Boy Seier	B-Boy Seier	3	5	1	2	5	10	Lussy Sky	Kido	Fléau	Perninha	RoxRite					-17	-7	5	-24	-2					15	15	42	30	14					12	5	9	39	-2																							2026-07-19	and8	https://and8.dance/en/stats/reports/5193/4393/?data=1&x=785&y=495&w=1225&type=r
The Legits Blast 2026 presents Outbreak Europe 2026	1vs1 Kid Top 16 KnockOut	Seigo	Lil Tink	Seigo	2	5	2	0	8	2	Lussy Sky	Kido	Fléau	Perninha	RoxRite					-28	3	30	-18	-8					-81	-20	-24	-30	-8																																2026-07-19	and8	https://and8.dance/en/stats/reports/5193/4393/?data=1&x=785&y=225&w=1225&type=r
The Legits Blast 2026 presents Outbreak Europe 2026	1vs1 Kid Top 16 KnockOut	Xueyu	Gorets	Xueyu	2	5	2	0	8	2	Lussy Sky	Kido	Fléau	Perninha	RoxRite					-10	-9	-7	-25	-4					23	-2	-6	-31	5																																2026-07-19	and8	https://and8.dance/en/stats/reports/5193/4393/?data=1&x=440&y=495&w=1225&type=r
The Legits Blast 2026 presents Outbreak Europe 2026	1vs1 Kid Top 16 KnockOut	Ural	Ning	Ural	2	5	2	0	8	2	Lussy Sky	Kido	Fléau	Perninha	RoxRite					-100	-5	-11	29	7					-100	-14	-52	-31	-6																																2026-07-19	and8	https://and8.dance/en/stats/reports/5193/4393/?data=1&x=440&y=225&w=1225&type=r
The Legits Blast 2026 presents Outbreak Europe 2026	1vs1 Kid Top 16 KnockOut	Mila	B-Boy Seier	B-Boy Seier	3	5	1	2	6	9	Lussy Sky	Kido	Fléau	Perninha	RoxRite					32	-3	-11	23	-3					41	-27	19	-30	8					20	-2	24	33	12																							2026-07-19	and8	https://and8.dance/en/stats/reports/5193/4393/?data=1&x=1085&y=540&w=1225&type=r
The Legits Blast 2026 presents Outbreak Europe 2026	1vs1 Kid Top 16 KnockOut	Irving	B-Boy Leo	B-Boy Leo	3	5	1	2	6	9	Lussy Sky	Kido	Fléau	Perninha	RoxRite					25	3	-25	-24	13					57	-4	-10	-32	9					46	2	9	-23	8																							2026-07-19	and8	https://and8.dance/en/stats/reports/5193/4393/?data=1&x=1085&y=405&w=1225&type=r
The Legits Blast 2026 presents Outbreak Europe 2026	1vs1 Kid Top 16 KnockOut	Edgar	Lil Tink	Lil Tink	3	5	1	2	8	7	Lussy Sky	Kido	Fléau	Perninha	RoxRite					52	2	-8	21	2					-30	-12	-46	-34	-6					-41	6	15	-28	2																							2026-07-19	and8	https://and8.dance/en/stats/reports/5193/4393/?data=1&x=1085&y=270&w=1225&type=r
The Legits Blast 2026 presents Outbreak Europe 2026	1vs1 Kid Top 16 KnockOut	Seigo	Jason yo	Seigo	3	5	2	1	7	8	Lussy Sky	Kido	Fléau	Perninha	RoxRite					24	4	65	-28	5					-100	-6	47	-27	5					-91	-11	48	-30	4																							2026-07-19	and8	https://and8.dance/en/stats/reports/5193/4393/?data=1&x=1085&y=135&w=1225&type=r
The Legits Blast 2026 presents Outbreak Europe 2026	1vs1 Kid Top 16 KnockOut	Gorets	Kimba	Gorets	3	5	2	1	7	8	Lussy Sky	Kido	Fléau	Perninha	RoxRite					60	8	7	14	16					-100	-10	-47	-34	2					-19	6	-39	-34	4																							2026-07-19	and8	https://and8.dance/en/stats/reports/5193/4393/?data=1&x=135&y=540&w=1225&type=r
The Legits Blast 2026 presents Outbreak Europe 2026	1vs1 Kid Top 16 KnockOut	Hamiks	Xueyu	Xueyu	2	5	0	2	1	9	Lussy Sky	Kido	Fléau	Perninha	RoxRite					-13	21	43	34	9					100	15	52	35	18																																2026-07-19	and8	https://and8.dance/en/stats/reports/5193/4393/?data=1&x=135&y=405&w=1225&type=r
The Legits Blast 2026 presents Outbreak Europe 2026	1vs1 Kid Top 16 KnockOut	Ning	In	Ning	2	5	2	0	7	3	Lussy Sky	Kido	Fléau	Perninha	RoxRite					-68	3	-45	-12	-5					-100	10	-27	14	-3																																2026-07-19	and8	https://and8.dance/en/stats/reports/5193/4393/?data=1&x=135&y=270&w=1225&type=r
The Legits Blast 2026 presents Outbreak Europe 2026	1vs1 Kid Top 16 KnockOut	Ural	B-Boy Z	Ural	2	5	2	0	9	1	Lussy Sky	Kido	Fléau	Perninha	RoxRite					-100	-8	-47	13	-13					-53	-7	-64	-12	-5																																2026-07-19	and8	https://and8.dance/en/stats/reports/5193/4393/?data=1&x=135&y=135&w=1225&type=r
The Legits Blast 2026 presents Outbreak Europe 2026	1vs1 B-Girl Top 32 KnockOut	Hiyo	India	Hiyo	3	7	2	1	10	11	Poe One	Machine	Yasmin	Born	San Andrea	Kuzya	Vicious			-9	-11	33	-10	3	10	-20			19	-13	-61	-17	-6	7	18			26	-16	-27	17	19	9	26																					2026-07-19	and8	https://and8.dance/en/stats/reports/5193/4394/?data=1&x=615&y=615&w=1225&type=r
The Legits Blast 2026 presents Outbreak Europe 2026	1vs1 B-Girl Top 32 KnockOut	India	Alessandrina	India	2	7	2	0	12	2	Poe One	Machine	Yasmin	Born	San Andrea	Kuzya	Vicious			-29	-18	-71	19	-23	-13	-20			-18	-25	-40	15	-19	-9	-16																														2026-07-19	and8	https://and8.dance/en/stats/reports/5193/4394/?data=1&x=695&y=375&w=1225&type=r
The Legits Blast 2026 presents Outbreak Europe 2026	1vs1 B-Girl Top 32 KnockOut	Hiyo	Ayane	Hiyo	3	7	2	1	11	10	Poe One	Machine	Yasmin	Born	San Andrea	Kuzya	Vicious			55	47	91	31	25	24	61			-21	-27	17	-20	6	-5	-12			-14	-36	-36	-17	-10	-7	18																					2026-07-19	and8	https://and8.dance/en/stats/reports/5193/4394/?data=1&x=535&y=375&w=1225&type=r
The Legits Blast 2026 presents Outbreak Europe 2026	1vs1 B-Girl Top 32 KnockOut	Alessandrina	Cocoa	Alessandrina	2	7	2	0	11	3	Poe One	Machine	Yasmin	Born	San Andrea	Kuzya	Vicious			-29	-34	-16	-24	20	-16	-42			-34	-28	26	-22	8	-7	-29																														2026-07-19	and8	https://and8.dance/en/stats/reports/5193/4394/?data=1&x=740&y=500&w=1225&type=r
The Legits Blast 2026 presents Outbreak Europe 2026	1vs1 B-Girl Top 32 KnockOut	Anti	India	India	2	7	0	2	5	9	Poe One	Machine	Yasmin	Born	San Andrea	Kuzya	Vicious			11	21	-32	-32	37	20	39			-15	-16	52	-21	28	7	15																														2026-07-19	and8	https://and8.dance/en/stats/reports/5193/4394/?data=1&x=740&y=245&w=1225&type=r
The Legits Blast 2026 presents Outbreak Europe 2026	1vs1 B-Girl Top 32 KnockOut	Carla	Ayane	Ayane	2	7	0	2	1	13	Poe One	Machine	Yasmin	Born	San Andrea	Kuzya	Vicious			26	52	76	40	30	7	34			11	20	39	-27	21	5	18																														2026-07-19	and8	https://and8.dance/en/stats/reports/5193/4394/?data=1&x=490&y=500&w=1225&type=r
The Legits Blast 2026 presents Outbreak Europe 2026	1vs1 B-Girl Top 32 KnockOut	Hiyo	Jazzy	Hiyo	2	7	2	0	9	5	Poe One	Machine	Yasmin	Born	San Andrea	Kuzya	Vicious			10	29	-69	-34	-21	-6	39			-59	20	-42	-18	-42	-37	33																														2026-07-19	and8	https://and8.dance/en/stats/reports/5193/4394/?data=1&x=490&y=245&w=1225&type=r
The Legits Blast 2026 presents Outbreak Europe 2026	1vs1 B-Girl Top 32 KnockOut	Elsa	Cocoa	Cocoa	3	7	1	2	4	17	Poe One	Machine	Yasmin	Born	San Andrea	Kuzya	Vicious			12	-25	23	41	-9	-7	-27			23	12	36	33	48	15	36			28	13	57	21	34	10	27																					2026-07-19	and8	https://and8.dance/en/stats/reports/5193/4394/?data=1&x=775&y=565&w=1225&type=r
The Legits Blast 2026 presents Outbreak Europe 2026	1vs1 B-Girl Top 32 KnockOut	Nika Star	Alessandrina	Alessandrina	2	7	0	2	0	14	Poe One	Machine	Yasmin	Born	San Andrea	Kuzya	Vicious			22	47	45	56	14	16	55			13	24	49	53	7	25	57																														2026-07-19	and8	https://and8.dance/en/stats/reports/5193/4394/?data=1&x=775&y=435&w=1225&type=r
The Legits Blast 2026 presents Outbreak Europe 2026	1vs1 B-Girl Top 32 KnockOut	Mila	India	India	2	7	0	2	2	12	Poe One	Machine	Yasmin	Born	San Andrea	Kuzya	Vicious			5	17	60	50	14	8	-27			-19	23	19	44	9	18	25																														2026-07-19	and8	https://and8.dance/en/stats/reports/5193/4394/?data=1&x=775&y=310&w=1225&type=r
The Legits Blast 2026 presents Outbreak Europe 2026	1vs1 B-Girl Top 32 KnockOut	Julianna	Anti	Anti	2	7	0	2	1	13	Poe One	Machine	Yasmin	Born	San Andrea	Kuzya	Vicious			23	33	57	45	5	18	30			-11	14	65	54	20	8	30																														2026-07-19	and8	https://and8.dance/en/stats/reports/5193/4394/?data=1&x=775&y=180&w=1225&type=r
The Legits Blast 2026 presents Outbreak Europe 2026	1vs1 B-Girl Top 32 KnockOut	Mini Japa	Ayane	Ayane	2	7	0	2	3	11	Poe One	Machine	Yasmin	Born	San Andrea	Kuzya	Vicious			-20	14	47	-46	13	8	-47			56	18	41	56	40	30	30																														2026-07-19	and8	https://and8.dance/en/stats/reports/5193/4394/?data=1&x=450&y=565&w=1225&type=r
The Legits Blast 2026 presents Outbreak Europe 2026	1vs1 B-Girl Top 32 KnockOut	Carla	Monse	Carla	3	7	2	1	15	6	Poe One	Machine	Yasmin	Born	San Andrea	Kuzya	Vicious			10	11	-42	47	-15	-29	15			-44	12	-29	-41	-16	-27	-37			-9	11	-60	-55	-19	-12	-46																					2026-07-19	and8	https://and8.dance/en/stats/reports/5193/4394/?data=1&x=450&y=435&w=1225&type=r
The Legits Blast 2026 presents Outbreak Europe 2026	1vs1 B-Girl Top 32 KnockOut	Paulina	Jazzy	Jazzy	2	7	0	2	2	12	Poe One	Machine	Yasmin	Born	San Andrea	Kuzya	Vicious			34	18	23	48	6	-8	64			26	15	78	-39	15	5	62																														2026-07-19	and8	https://and8.dance/en/stats/reports/5193/4394/?data=1&x=450&y=310&w=1225&type=r
The Legits Blast 2026 presents Outbreak Europe 2026	1vs1 B-Girl Top 32 KnockOut	Hiyo	Kaede	Hiyo	2	7	2	0	10	4	Poe One	Machine	Yasmin	Born	San Andrea	Kuzya	Vicious			-35	14	-15	-54	-21	-20	37			-32	-63	7	-51	5	-5	-9																														2026-07-19	and8	https://and8.dance/en/stats/reports/5193/4394/?data=1&x=450&y=180&w=1225&type=r
The Legits Blast 2026 presents Outbreak Europe 2026	1vs1 B-Girl Top 32 KnockOut	Cocoa	Fluxa	Cocoa	1	5	1	0	5	0	Lil Zoo	Lussy Sky	Kuzya	Yasmin	Born					-30	-30	-29	-80	-59																																									2026-07-19	and8	https://and8.dance/en/stats/reports/5193/4394/?data=1&x=935&y=610&w=1225&type=r
The Legits Blast 2026 presents Outbreak Europe 2026	1vs1 B-Girl Top 32 KnockOut	Elsa	Sonya	Elsa	1	5	1	0	4	1	Lil Zoo	Lussy Sky	Kuzya	Yasmin	Born					-22	9	-11	-67	-74																																									2026-07-19	and8	https://and8.dance/en/stats/reports/5193/4394/?data=1&x=935&y=540&w=1225&type=r
The Legits Blast 2026 presents Outbreak Europe 2026	1vs1 B-Girl Top 32 KnockOut	Nora-Leah	Alessandrina	Alessandrina	1	5	0	1	0	5	Lil Zoo	Lussy Sky	Kuzya	Yasmin	Born					28	40	22	22	63																																									2026-07-19	and8	https://and8.dance/en/stats/reports/5193/4394/?data=1&x=935&y=475&w=1225&type=r
The Legits Blast 2026 presents Outbreak Europe 2026	1vs1 B-Girl Top 32 KnockOut	Jayon	Nika Star	Nika Star	1	5	0	1	2	3	Lil Zoo	Lussy Sky	Kuzya	Yasmin	Born					24	65	21	-40	-51																																									2026-07-19	and8	https://and8.dance/en/stats/reports/5193/4394/?data=1&x=935&y=405&w=1225&type=r
The Legits Blast 2026 presents Outbreak Europe 2026	1vs1 B-Girl Top 32 KnockOut	Aksi	India	India	1	5	0	1	0	5	Lil Zoo	Lussy Sky	Kuzya	Yasmin	Born					37	53	23	100	71																																									2026-07-19	and8	https://and8.dance/en/stats/reports/5193/4394/?data=1&x=935&y=340&w=1225&type=r
The Legits Blast 2026 presents Outbreak Europe 2026	1vs1 B-Girl Top 32 KnockOut	Mila	Sayora	Mila	1	5	1	0	5	0	Lil Zoo	Lussy Sky	Kuzya	Yasmin	Born					-18	-100	-27	-77	-56																																									2026-07-19	and8	https://and8.dance/en/stats/reports/5193/4394/?data=1&x=935&y=270&w=1225&type=r
The Legits Blast 2026 presents Outbreak Europe 2026	1vs1 B-Girl Top 32 KnockOut	Mery Berry	Anti	Anti	1	5	0	1	0	5	Lil Zoo	Lussy Sky	Kuzya	Yasmin	Born					30	39	20	90	60																																									2026-07-19	and8	https://and8.dance/en/stats/reports/5193/4394/?data=1&x=935&y=200&w=1225&type=r
The Legits Blast 2026 presents Outbreak Europe 2026	1vs1 B-Girl Top 32 KnockOut	Riva	Julianna	Julianna	1	5	0	1	2	3	Lil Zoo	Lussy Sky	Kuzya	Yasmin	Born					19	-33	-9	7	59																																									2026-07-19	and8	https://and8.dance/en/stats/reports/5193/4394/?data=1&x=935&y=130&w=1225&type=r
The Legits Blast 2026 presents Outbreak Europe 2026	1vs1 B-Girl Top 32 KnockOut	Ayane	EmKa	Ayane	1	5	1	0	5	0	Lil Zoo	Lussy Sky	Kuzya	Yasmin	Born					-12	-60	-27	-88	-53																																									2026-07-19	and8	https://and8.dance/en/stats/reports/5193/4394/?data=1&x=300&y=610&w=1225&type=r
The Legits Blast 2026 presents Outbreak Europe 2026	1vs1 B-Girl Top 32 KnockOut	Mini Japa	Vika Wins	Mini Japa	1	5	1	0	4	1	Lil Zoo	Lussy Sky	Kuzya	Yasmin	Born					-15	-39	-7	-8	65																																									2026-07-19	and8	https://and8.dance/en/stats/reports/5193/4394/?data=1&x=300&y=540&w=1225&type=r
The Legits Blast 2026 presents Outbreak Europe 2026	1vs1 B-Girl Top 32 KnockOut	Nina	Monse	Monse	1	5	0	1	0	5	Lil Zoo	Lussy Sky	Kuzya	Yasmin	Born					14	100	14	3	53																																									2026-07-19	and8	https://and8.dance/en/stats/reports/5193/4394/?data=1&x=300&y=475&w=1225&type=r
The Legits Blast 2026 presents Outbreak Europe 2026	1vs1 B-Girl Top 32 KnockOut	Carla	B-Girl Strawberry	Carla	1	5	1	0	4	1	Lil Zoo	Lussy Sky	Kuzya	Yasmin	Born					-16	-37	-12	-65	60																																									2026-07-19	and8	https://and8.dance/en/stats/reports/5193/4394/?data=1&x=300&y=405&w=1225&type=r
The Legits Blast 2026 presents Outbreak Europe 2026	1vs1 B-Girl Top 32 KnockOut	Jazzy	Jin	Jazzy	1	5	1	0	4	1	Lil Zoo	Lussy Sky	Kuzya	Yasmin	Born					-14	-39	11	-77	-65																																									2026-07-19	and8	https://and8.dance/en/stats/reports/5193/4394/?data=1&x=300&y=340&w=1225&type=r
The Legits Blast 2026 presents Outbreak Europe 2026	1vs1 B-Girl Top 32 KnockOut	Paulina	Eli	Paulina	1	5	1	0	4	1	Lil Zoo	Lussy Sky	Kuzya	Yasmin	Born					-18	-51	-14	-25	64																																									2026-07-19	and8	https://and8.dance/en/stats/reports/5193/4394/?data=1&x=300&y=270&w=1225&type=r
The Legits Blast 2026 presents Outbreak Europe 2026	1vs1 B-Girl Top 32 KnockOut	Kaede	Chithdara	Kaede	1	5	1	0	3	2	Lil Zoo	Lussy Sky	Kuzya	Yasmin	Born					-14	41	10	-85	-54																																									2026-07-19	and8	https://and8.dance/en/stats/reports/5193/4394/?data=1&x=300&y=200&w=1225&type=r
The Legits Blast 2026 presents Outbreak Europe 2026	1vs1 B-Girl Top 32 KnockOut	Hiyo	Lito	Hiyo	1	5	1	0	5	0	Lil Zoo	Lussy Sky	Kuzya	Yasmin	Born					-16	-100	-43	-100	-54																																									2026-07-19	and8	https://and8.dance/en/stats/reports/5193/4394/?data=1&x=300&y=130&w=1225&type=r
The Legits Blast 2026 presents Outbreak Europe 2026	1vs1 Breaking Top 32 KnockOut	Dias	Raptor	Raptor	3	7	1	2	11	10	Poe One	Machine	Yasmin	Born	San Andrea	Kuzya	Vicious			10	15	59	18	30	21	-9			10	8	-86	-22	18	-5	14			-39	-11	-75	-21	-10	-24	-21																					2026-07-19	and8	https://and8.dance/en/stats/reports/5193/4395/?data=1&x=615&y=615&w=1225&type=r
The Legits Blast 2026 presents Outbreak Europe 2026	1vs1 Breaking Top 32 KnockOut	Raptor	Nord Diamond	Raptor	2	7	2	0	14	0	Poe One	Machine	Yasmin	Born	San Andrea	Kuzya	Vicious			-7	-10	-66	-22	-32	-18	-13			-11	-12	-48	-18	-44	-18	-28																														2026-07-19	and8	https://and8.dance/en/stats/reports/5193/4395/?data=1&x=695&y=375&w=1225&type=r
The Legits Blast 2026 presents Outbreak Europe 2026	1vs1 Breaking Top 32 KnockOut	So-Ta	Dias	Dias	2	7	0	2	1	13	Poe One	Machine	Yasmin	Born	San Andrea	Kuzya	Vicious			80	39	54	35	17	9	39			84	47	22	-18	5	6	26																														2026-07-19	and8	https://and8.dance/en/stats/reports/5193/4395/?data=1&x=535&y=375&w=1225&type=r
The Legits Blast 2026 presents Outbreak Europe 2026	1vs1 Breaking Top 32 KnockOut	Nord Diamond	Miracle	Nord Diamond	3	7	2	1	14	7	Poe One	Machine	Yasmin	Born	San Andrea	Kuzya	Vicious			12	-13	-69	-20	-10	-11	36			8	14	-69	-20	-13	6	32			-8	-14	-69	15	-58	-6	-30																					2026-07-19	and8	https://and8.dance/en/stats/reports/5193/4395/?data=1&x=740&y=500&w=1225&type=r
The Legits Blast 2026 presents Outbreak Europe 2026	1vs1 Breaking Top 32 KnockOut	Raptor	J-Attack	Raptor	2	7	2	0	13	1	Poe One	Machine	Yasmin	Born	San Andrea	Kuzya	Vicious			-41	-17	-78	-28	-39	-10	-44			-30	-26	79	-12	-8	-13	-27																														2026-07-19	and8	https://and8.dance/en/stats/reports/5193/4395/?data=1&x=740&y=245&w=1225&type=r
The Legits Blast 2026 presents Outbreak Europe 2026	1vs1 Breaking Top 32 KnockOut	Dias	Jee Ess	Dias	2	7	2	0	11	3	Poe One	Machine	Yasmin	Born	San Andrea	Kuzya	Vicious			-36	-20	-36	-29	-9	-17	-46			-26	11	64	28	-7	-8	-31																														2026-07-19	and8	https://and8.dance/en/stats/reports/5193/4395/?data=1&x=490&y=500&w=1225&type=r
The Legits Blast 2026 presents Outbreak Europe 2026	1vs1 Breaking Top 32 KnockOut	Djibril	So-Ta	So-Ta	3	7	1	2	12	9	Poe One	Machine	Yasmin	Born	San Andrea	Kuzya	Vicious			-6	-21	-44	-22	-13	-31	-44			12	12	-36	-25	4	-23	25			7	12	61	-9	10	6	-20																					2026-07-19	and8	https://and8.dance/en/stats/reports/5193/4395/?data=1&x=490&y=245&w=1225&type=r
The Legits Blast 2026 presents Outbreak Europe 2026	1vs1 Breaking Top 32 KnockOut	Miracle	Fabab	Miracle	2	7	2	0	11	3	Poe One	Machine	Yasmin	Born	San Andrea	Kuzya	Vicious			-10	-25	-28	-17	-4	5	-36			-8	-17	47	-24	-15	6	-45																														2026-07-19	and8	https://and8.dance/en/stats/reports/5193/4395/?data=1&x=775&y=565&w=1225&type=r
The Legits Blast 2026 presents Outbreak Europe 2026	1vs1 Breaking Top 32 KnockOut	Pesto	Nord Diamond	Nord Diamond	2	7	0	2	1	13	Poe One	Machine	Yasmin	Born	San Andrea	Kuzya	Vicious			9	17	54	-19	16	9	18			18	14	25	13	30	20	32																														2026-07-19	and8	https://and8.dance/en/stats/reports/5193/4395/?data=1&x=775&y=435&w=1225&type=r
The Legits Blast 2026 presents Outbreak Europe 2026	1vs1 Breaking Top 32 KnockOut	J-Attack	Davy	J-Attack	2	7	2	0	10	4	Poe One	Machine	Yasmin	Born	San Andrea	Kuzya	Vicious			12	14	-33	-25	5	-20	-15			-15	18	-36	-12	-11	-10	-20																														2026-07-19	and8	https://and8.dance/en/stats/reports/5193/4395/?data=1&x=775&y=310&w=1225&type=r
The Legits Blast 2026 presents Outbreak Europe 2026	1vs1 Breaking Top 32 KnockOut	Blaze	Raptor	Raptor	2	7	0	2	4	10	Poe One	Machine	Yasmin	Born	San Andrea	Kuzya	Vicious			33	-23	58	30	16	10	-40			12	-12	35	-16	30	12	12																														2026-07-19	and8	https://and8.dance/en/stats/reports/5193/4395/?data=1&x=775&y=180&w=1225&type=r
The Legits Blast 2026 presents Outbreak Europe 2026	1vs1 Breaking Top 32 KnockOut	Kalmius	Jee Ess	Jee Ess	3	7	1	2	10	11	Poe One	Machine	Yasmin	Born	San Andrea	Kuzya	Vicious			-19	-14	-23	-15	12	-7	-27			-9	13	95	23	10	31	15			-15	-11	52	24	14	39	-9																					2026-07-19	and8	https://and8.dance/en/stats/reports/5193/4395/?data=1&x=450&y=565&w=1225&type=r
The Legits Blast 2026 presents Outbreak Europe 2026	1vs1 Breaking Top 32 KnockOut	Dias	Cis	Dias	2	7	2	0	13	1	Poe One	Machine	Yasmin	Born	San Andrea	Kuzya	Vicious			-25	15	-30	-31	-11	-24	-29			-37	-69	-33	-17	-29	-46	-34																														2026-07-19	and8	https://and8.dance/en/stats/reports/5193/4395/?data=1&x=450&y=435&w=1225&type=r
The Legits Blast 2026 presents Outbreak Europe 2026	1vs1 Breaking Top 32 KnockOut	So-Ta	Mini Joe	So-Ta	2	7	2	0	9	5	Poe One	Machine	Yasmin	Born	San Andrea	Kuzya	Vicious			14	-34	-62	-30	-24	6	-27			14	14	-23	-12	-10	-20	21																														2026-07-19	and8	https://and8.dance/en/stats/reports/5193/4395/?data=1&x=450&y=310&w=1225&type=r
The Legits Blast 2026 presents Outbreak Europe 2026	1vs1 Breaking Top 32 KnockOut	B-Boy Z	Djibril	Djibril	2	7	0	2	1	13	Poe One	Machine	Yasmin	Born	San Andrea	Kuzya	Vicious			38	43	63	33	-10	30	38			35	19	86	34	13	42	27																														2026-07-19	and8	https://and8.dance/en/stats/reports/5193/4395/?data=1&x=450&y=180&w=1225&type=r
The Legits Blast 2026 presents Outbreak Europe 2026	1vs1 Breaking Top 32 KnockOut	Fabab	CYZ	Fabab	1	5	1	0	4	1	Poe One	Machine	San Andrea	Vicious	Wolfer					5	-27	-6	-10	-10																																									2026-07-19	and8	https://and8.dance/en/stats/reports/5193/4395/?data=1&x=935&y=610&w=1225&type=r
The Legits Blast 2026 presents Outbreak Europe 2026	1vs1 Breaking Top 32 KnockOut	Mauricio	Miracle	Miracle	1	5	0	1	1	4	Poe One	Machine	San Andrea	Vicious	Wolfer					19	-21	15	32	13																																									2026-07-19	and8	https://and8.dance/en/stats/reports/5193/4395/?data=1&x=935&y=540&w=1225&type=r
The Legits Blast 2026 presents Outbreak Europe 2026	1vs1 Breaking Top 32 KnockOut	Nord Diamond	Irving	Nord Diamond	1	5	1	0	5	0	Poe One	Machine	San Andrea	Vicious	Wolfer					-48	-28	-14	-55	-18																																									2026-07-19	and8	https://and8.dance/en/stats/reports/5193/4395/?data=1&x=935&y=475&w=1225&type=r
The Legits Blast 2026 presents Outbreak Europe 2026	1vs1 Breaking Top 32 KnockOut	R-One	Pesto	Pesto	1	5	0	1	0	5	Poe One	Machine	San Andrea	Vicious	Wolfer					49	30	16	25	20																																									2026-07-19	and8	https://and8.dance/en/stats/reports/5193/4395/?data=1&x=935&y=405&w=1225&type=r
The Legits Blast 2026 presents Outbreak Europe 2026	1vs1 Breaking Top 32 KnockOut	B-Boy Seier	Davy	Davy	1	5	0	1	0	5	Poe One	Machine	San Andrea	Vicious	Wolfer					5	18	30	28	20																																									2026-07-19	and8	https://and8.dance/en/stats/reports/5193/4395/?data=1&x=935&y=340&w=1225&type=r
The Legits Blast 2026 presents Outbreak Europe 2026	1vs1 Breaking Top 32 KnockOut	Saturn	J-Attack	J-Attack	1	5	0	1	1	4	Poe One	Machine	San Andrea	Vicious	Wolfer					-5	14	13	32	11																																									2026-07-19	and8	https://and8.dance/en/stats/reports/5193/4395/?data=1&x=935&y=270&w=1225&type=r
The Legits Blast 2026 presents Outbreak Europe 2026	1vs1 Breaking Top 32 KnockOut	Raptor	RhythmBox	Raptor	1	5	1	0	4	1	Poe One	Machine	San Andrea	Vicious	Wolfer					-3	-22	-30	5	-20																																									2026-07-19	and8	https://and8.dance/en/stats/reports/5193/4395/?data=1&x=935&y=200&w=1225&type=r
The Legits Blast 2026 presents Outbreak Europe 2026	1vs1 Breaking Top 32 KnockOut	Jun	Blaze	Blaze	1	5	0	1	1	4	Poe One	Machine	San Andrea	Vicious	Wolfer					10	24	-12	13	12																																									2026-07-19	and8	https://and8.dance/en/stats/reports/5193/4395/?data=1&x=935&y=130&w=1225&type=r
The Legits Blast 2026 presents Outbreak Europe 2026	1vs1 Breaking Top 32 KnockOut	Jee Ess	Gravity	Jee Ess	1	5	1	0	5	0	Poe One	Machine	San Andrea	Vicious	Wolfer					-41	-19	-13	-56	-15																																									2026-07-19	and8	https://and8.dance/en/stats/reports/5193/4395/?data=1&x=300&y=610&w=1225&type=r
The Legits Blast 2026 presents Outbreak Europe 2026	1vs1 Breaking Top 32 KnockOut	Kalmius	Monster	Kalmius	1	5	1	0	3	2	Poe One	Machine	San Andrea	Vicious	Wolfer					-16	21	12	-9	-22																																									2026-07-19	and8	https://and8.dance/en/stats/reports/5193/4395/?data=1&x=300&y=540&w=1225&type=r
The Legits Blast 2026 presents Outbreak Europe 2026	1vs1 Breaking Top 32 KnockOut	Cis	Mighty Jake	Cis	1	5	1	0	3	2	Poe One	Machine	San Andrea	Vicious	Wolfer					-5	8	-8	10	-7																																									2026-07-19	and8	https://and8.dance/en/stats/reports/5193/4395/?data=1&x=300&y=475&w=1225&type=r
The Legits Blast 2026 presents Outbreak Europe 2026	1vs1 Breaking Top 32 KnockOut	Dias	Nike1do	Dias	1	5	1	0	4	1	Poe One	Machine	San Andrea	Vicious	Wolfer					-56	18	-11	-45	-13																																									2026-07-19	and8	https://and8.dance/en/stats/reports/5193/4395/?data=1&x=300&y=405&w=1225&type=r
The Legits Blast 2026 presents Outbreak Europe 2026	1vs1 Breaking Top 32 KnockOut	Mini Joe	Armand The Young Hustler	Mini Joe	1	5	1	0	5	0	Poe One	Machine	San Andrea	Vicious	Wolfer					-37	-14	-10	-39	-18																																									2026-07-19	and8	https://and8.dance/en/stats/reports/5193/4395/?data=1&x=300&y=340&w=1225&type=r
The Legits Blast 2026 presents Outbreak Europe 2026	1vs1 Breaking Top 32 KnockOut	So-Ta	Bez	So-Ta	1	5	1	0	5	0	Poe One	Machine	San Andrea	Vicious	Wolfer					-42	-8	-56	-53	-20																																									2026-07-19	and8	https://and8.dance/en/stats/reports/5193/4395/?data=1&x=300&y=270&w=1225&type=r
The Legits Blast 2026 presents Outbreak Europe 2026	1vs1 Breaking Top 32 KnockOut	Federico	Djibril	Djibril	1	5	0	1	0	5	Poe One	Machine	San Andrea	Vicious	Wolfer					20	54	19	78	18																																									2026-07-19	and8	https://and8.dance/en/stats/reports/5193/4395/?data=1&x=300&y=200&w=1225&type=r
The Legits Blast 2026 presents Outbreak Europe 2026	1vs1 Breaking Top 32 KnockOut	B-Boy Z	Mowgly	B-Boy Z	1	5	1	0	4	1	Poe One	Machine	San Andrea	Vicious	Wolfer					-10	-18	-18	-31	6																																									2026-07-19	and8	https://and8.dance/en/stats/reports/5193/4395/?data=1&x=300&y=130&w=1225&type=r
German Breaking Championships 2026	1vs1 B-Girl Juniors Top 4 KnockOut	Queenbee	Anni	Queenbee	3	5	3	0	11	4	Swiftrock	Hatsolo	Chakal	LB	Dora					-10	-13	-6	-27	27					-35	-10	4	8	-17					-19	-14	9	-1	-29																							2026-07-25	and8	https://and8.dance/en/stats/reports/5358/3949/?data=1&x=980&y=400&w=1225&type=r
German Breaking Championships 2026	1vs1 B-Girl Juniors Top 4 KnockOut	FeeFox	Shine	FeeFox	3	5	3	0	13	2	Swiftrock	Hatsolo	Chakal	LB	Dora					-10	16	-4	-2	-18					-11	25	-1	-5	-4					-19	-14	-11	-9	-9																							2026-07-25	and8	https://and8.dance/en/stats/reports/5358/3949/?data=1&x=570&y=400&w=1225&type=r
German Breaking Championships 2026	1vs1 B-Girl Juniors Top 4 KnockOut	Shine	Anni	Anni	2	5	0	2	0	10	Swiftrock	Hatsolo	Chakal	LB	Dora					84	17	21	2	43					75	20	21	8	19																																2026-07-25	and8	https://and8.dance/en/stats/reports/5358/3949/?data=1&x=590&y=490&w=1225&type=r
German Breaking Championships 2026	1vs1 B-Girl Juniors Top 4 KnockOut	FeeFox	Queenbee	Queenbee	2	5	0	2	0	10	Swiftrock	Hatsolo	Chakal	LB	Dora					79	27	63	15	28					35	33	43	3	49																																2026-07-25	and8	https://and8.dance/en/stats/reports/5358/3949/?data=1&x=590&y=300&w=1225&type=r
German Breaking Championships 2026	1vs1 B-Boy Juniors Top 16 KnockOut	MoppDeep	Roman	Roman	3	5	0	3	1	14	Swiftrock	Chakal	Hatsolo	LB	Dora					-35	25	25	4	23					76	35	23	5	22					63	27	37	16	23																							2026-07-25	and8	https://and8.dance/en/stats/reports/5358/3950/?data=1&x=615&y=175&w=1225&type=r
German Breaking Championships 2026	1vs1 B-Boy Juniors Top 16 KnockOut	Sharingan	Knuckles	Knuckles	3	5	0	3	0	15	Swiftrock	Chakal	Hatsolo	LB	Dora					29	17	29	33	29					64	34	29	36	19					61	39	15	20	20																							2026-07-25	and8	https://and8.dance/en/stats/reports/5358/3950/?data=1&x=615&y=525&w=1225&type=r
German Breaking Championships 2026	1vs1 B-Boy Juniors Top 16 KnockOut	Roman	Knuckles	Roman	2	5	2	0	8	2	Swiftrock	Chakal	Hatsolo	LB	Dora					-37	13	-13	-13	-18					-18	35	-13	-4	-32																																2026-07-25	and8	https://and8.dance/en/stats/reports/5358/3950/?data=1&x=745&y=360&w=1225&type=r
German Breaking Championships 2026	1vs1 B-Boy Juniors Top 16 KnockOut	Sharingan	MoppDeep	MoppDeep	2	5	0	2	0	10	Swiftrock	Chakal	Hatsolo	LB	Dora					70	33	22	11	23					33	20	23	10	34																																2026-07-25	and8	https://and8.dance/en/stats/reports/5358/3950/?data=1&x=480&y=360&w=1225&type=r
German Breaking Championships 2026	1vs1 B-Boy Juniors Top 16 KnockOut	Lian	Knuckles	Knuckles	2	5	0	2	0	10	Swiftrock	Chakal	Hatsolo	LB	Dora					22	42	18	24	24					18	56	19	34	22																																2026-07-25	and8	https://and8.dance/en/stats/reports/5358/3950/?data=1&x=785&y=495&w=1225&type=r
German Breaking Championships 2026	1vs1 B-Boy Juniors Top 16 KnockOut	Lillebrot	Roman	Roman	2	5	0	2	1	9	Swiftrock	Chakal	Hatsolo	LB	Dora					68	-12	24	10	25					70	19	25	6	33																																2026-07-25	and8	https://and8.dance/en/stats/reports/5358/3950/?data=1&x=785&y=225&w=1225&type=r
German Breaking Championships 2026	1vs1 B-Boy Juniors Top 16 KnockOut	Pepe	MoppDeep	MoppDeep	3	5	1	2	8	7	Swiftrock	Chakal	Hatsolo	LB	Dora					-18	-39	-25	-25	31					14	-45	-17	12	15					19	-13	-16	9	10																							2026-07-25	and8	https://and8.dance/en/stats/reports/5358/3950/?data=1&x=440&y=495&w=1225&type=r
German Breaking Championships 2026	1vs1 B-Boy Juniors Top 16 KnockOut	Sharingan	Pasha	Sharingan	3	5	2	1	9	6	Swiftrock	Chakal	Hatsolo	LB	Dora					40	-15	18	28	14					-11	-11	-21	11	24					-14	-13	-15	-6	-21																							2026-07-25	and8	https://and8.dance/en/stats/reports/5358/3950/?data=1&x=440&y=225&w=1225&type=r
German Breaking Championships 2026	1vs1 B-Boy Juniors Top 16 KnockOut	Knuckles	Heartbreaker	Knuckles	2	5	2	0	10	0	Swiftrock	Chakal	Hatsolo	LB	Dora					-27	-20	-52	-5	-21					-74	-40	-40	-11	-41																																2026-07-25	and8	https://and8.dance/en/stats/reports/5358/3950/?data=1&x=1085&y=540&w=1225&type=r
German Breaking Championships 2026	1vs1 B-Boy Juniors Top 16 KnockOut	Lian	Pepe M	Lian	2	5	2	0	8	2	Swiftrock	Chakal	Hatsolo	LB	Dora					-74	-10	-31	-4	-11					-23	7	-22	-4	17																																2026-07-25	and8	https://and8.dance/en/stats/reports/5358/3950/?data=1&x=1085&y=405&w=1225&type=r
German Breaking Championships 2026	1vs1 B-Boy Juniors Top 16 KnockOut	Roman	Janis	Roman	2	5	2	0	10	0	Swiftrock	Chakal	Hatsolo	LB	Dora					-78	-55	-27	-21	-33					-73	-10	-34	-4	-30																																2026-07-25	and8	https://and8.dance/en/stats/reports/5358/3950/?data=1&x=1085&y=270&w=1225&type=r
German Breaking Championships 2026	1vs1 B-Boy Juniors Top 16 KnockOut	Lillebrot	No	Lillebrot	3	5	2	1	7	8	Swiftrock	Chakal	Hatsolo	LB	Dora					62	13	-9	23	14					14	-7	-21	11	-29					-43	-7	-14	13	33																							2026-07-25	and8	https://and8.dance/en/stats/reports/5358/3950/?data=1&x=1085&y=135&w=1225&type=r
German Breaking Championships 2026	1vs1 B-Boy Juniors Top 16 KnockOut	MoppDeep	Maxi	MoppDeep	2	5	2	0	10	0	Swiftrock	Chakal	Hatsolo	LB	Dora					-62	-12	-53	-23	-12					-45	-15	-33	-26	-17																																2026-07-25	and8	https://and8.dance/en/stats/reports/5358/3950/?data=1&x=135&y=540&w=1225&type=r
German Breaking Championships 2026	1vs1 B-Boy Juniors Top 16 KnockOut	Ben	Pepe	Pepe	3	5	1	2	5	10	Swiftrock	Chakal	Hatsolo	LB	Dora					-21	-5	-8	-8	-14					35	17	29	2	17					24	26	56	24	18																							2026-07-25	and8	https://and8.dance/en/stats/reports/5358/3950/?data=1&x=135&y=405&w=1225&type=r
German Breaking Championships 2026	1vs1 B-Boy Juniors Top 16 KnockOut	Pasha	Firefly	Pasha	2	5	2	0	10	0	Swiftrock	Chakal	Hatsolo	LB	Dora					-73	-11	-31	-22	-22					-59	-14	-43	-23	-29																																2026-07-25	and8	https://and8.dance/en/stats/reports/5358/3950/?data=1&x=135&y=270&w=1225&type=r
German Breaking Championships 2026	1vs1 B-Boy Juniors Top 16 KnockOut	Sharingan	Bad Bennet	Sharingan	2	5	2	0	9	1	Swiftrock	Chakal	Hatsolo	LB	Dora					-45	-16	10	-9	-22					-32	-17	-31	-16	-29																																2026-07-25	and8	https://and8.dance/en/stats/reports/5358/3950/?data=1&x=135&y=135&w=1225&type=r
German Breaking Championships 2026	1vs1 B-Boy Youth (Quali) Top 16 KnockOut	Lasse	Fast Freeze	Fast Freeze	2	5	0	2	1	9	Swiftrock	Hatsolo	Chakal	LB	Dora					30	24	43	33	17					-22	11	43	5	14																																2026-07-25	and8	https://and8.dance/en/stats/reports/5358/3953/?data=1&x=785&y=495&w=1225&type=r
German Breaking Championships 2026	1vs1 B-Boy Youth (Quali) Top 16 KnockOut	Skrill	Kieran	Skrill	2	5	2	0	9	1	Swiftrock	Hatsolo	Chakal	LB	Dora					-30	-26	-29	-26	-34					22	-38	-30	-19	-40																																2026-07-25	and8	https://and8.dance/en/stats/reports/5358/3953/?data=1&x=785&y=225&w=1225&type=r
German Breaking Championships 2026	1vs1 B-Boy Youth (Quali) Top 16 KnockOut	Yuma	Jojo	Jojo	2	5	0	2	0	10	Swiftrock	Hatsolo	Chakal	LB	Dora					91	16	49	31	40					58	19	44	8	44																																2026-07-25	and8	https://and8.dance/en/stats/reports/5358/3953/?data=1&x=440&y=495&w=1225&type=r
German Breaking Championships 2026	1vs1 B-Boy Youth (Quali) Top 16 KnockOut	Laurin	Carlinho	Carlinho	3	5	1	2	6	9	Swiftrock	Hatsolo	Chakal	LB	Dora					-29	-5	43	6	-13					-16	82	29	5	13					-25	21	28	-1	18																							2026-07-25	and8	https://and8.dance/en/stats/reports/5358/3953/?data=1&x=440&y=225&w=1225&type=r
German Breaking Championships 2026	1vs1 B-Boy Youth (Quali) Top 16 KnockOut	Fast Freeze	Morris	Fast Freeze	2	5	2	0	10	0	Swiftrock	Hatsolo	Chakal	LB	Dora					-57	-37	-39	-32	-24					-31	-42	-9	-35	-17																																2026-07-25	and8	https://and8.dance/en/stats/reports/5358/3953/?data=1&x=1085&y=540&w=1225&type=r
German Breaking Championships 2026	1vs1 B-Boy Youth (Quali) Top 16 KnockOut	Cört	Lasse	Lasse	2	5	0	2	1	9	Swiftrock	Hatsolo	Chakal	LB	Dora					73	18	13	5	-14					69	16	22	3	34																																2026-07-25	and8	https://and8.dance/en/stats/reports/5358/3953/?data=1&x=1085&y=405&w=1225&type=r
German Breaking Championships 2026	1vs1 B-Boy Youth (Quali) Top 16 KnockOut	Kieran	B-Boy K	Kieran	2	5	2	0	10	0	Swiftrock	Hatsolo	Chakal	LB	Dora					-27	-8	-8	-20	-26					-20	-17	-12	-19	-26																																2026-07-25	and8	https://and8.dance/en/stats/reports/5358/3953/?data=1&x=1085&y=270&w=1225&type=r
German Breaking Championships 2026	1vs1 B-Boy Youth (Quali) Top 16 KnockOut	Skrill	Merlin	Skrill	2	5	2	0	9	1	Swiftrock	Hatsolo	Chakal	LB	Dora					-11	-45	-12	-11	-29					35	-35	-68	-30	-29																																2026-07-25	and8	https://and8.dance/en/stats/reports/5358/3953/?data=1&x=1085&y=135&w=1225&type=r
German Breaking Championships 2026	1vs1 B-Boy Youth (Quali) Top 16 KnockOut	Jojo	Bison	Jojo	2	5	2	0	10	0	Swiftrock	Hatsolo	Chakal	LB	Dora					-77	-39	-51	-31	-25					-79	-35	-99	-28	-27																																2026-07-25	and8	https://and8.dance/en/stats/reports/5358/3953/?data=1&x=135&y=540&w=1225&type=r
German Breaking Championships 2026	1vs1 B-Boy Youth (Quali) Top 16 KnockOut	Yuma	Julian	Yuma	2	5	2	0	9	1	Swiftrock	Hatsolo	Chakal	LB	Dora					53	-9	-10	-8	-12					-55	-16	-15	-23	-23																																2026-07-25	and8	https://and8.dance/en/stats/reports/5358/3953/?data=1&x=135&y=405&w=1225&type=r
German Breaking Championships 2026	1vs1 B-Boy Youth (Quali) Top 16 KnockOut	Env	Carlinho	Carlinho	2	5	0	2	0	10	Swiftrock	Hatsolo	Chakal	LB	Dora					28	19	52	31	38					42	26	52	41	59																																2026-07-25	and8	https://and8.dance/en/stats/reports/5358/3953/?data=1&x=135&y=270&w=1225&type=r
German Breaking Championships 2026	1vs1 B-Boy Youth (Quali) Top 16 KnockOut	Moritz	Laurin	Laurin	3	5	1	2	4	11	Swiftrock	Hatsolo	Chakal	LB	Dora					-26	-26	14	-6	21					64	17	11	-1	32					64	9	38	22	27																							2026-07-25	and8	https://and8.dance/en/stats/reports/5358/3953/?data=1&x=135&y=135&w=1225&type=r
German Breaking Championships 2026	1vs1 B-Boy Youth Top 4 KnockOut	Jojo	Skrill	Skrill	3	5	1	2	7	8	Swiftrock	Hatsolo	Chakal	LB	Dora					65	15	-17	15	-16					43	-4	-28	-7	-13					42	24	6	26	-16																							2026-07-25	and8	https://and8.dance/en/stats/reports/5358/3954/?data=1&x=980&y=400&w=1225&type=r
German Breaking Championships 2026	1vs1 B-Boy Youth Top 4 KnockOut	Carlinho	Fast Freeze	Carlinho	3	5	2	1	9	6	Swiftrock	Hatsolo	Chakal	LB	Dora					57	11	-10	7	24					22	-10	-11	-9	-26					17	-13	-29	-16	-17																							2026-07-25	and8	https://and8.dance/en/stats/reports/5358/3954/?data=1&x=570&y=400&w=1225&type=r
German Breaking Championships 2026	1vs1 B-Boy Youth Top 4 KnockOut	Skrill	Fast Freeze	Skrill	3	5	2	1	11	4	Swiftrock	Hatsolo	Chakal	LB	Dora					-39	-15	16	5	29					-37	-16	-15	-7	-12					-33	-11	6	-7	-4																							2026-07-25	and8	https://and8.dance/en/stats/reports/5358/3954/?data=1&x=590&y=490&w=1225&type=r
German Breaking Championships 2026	1vs1 B-Boy Youth Top 4 KnockOut	Carlinho	Jojo	Jojo	3	5	1	2	4	11	Swiftrock	Hatsolo	Chakal	LB	Dora					17	-21	-10	-3	21					16	18	5	9	24					16	-5	6	3	18																							2026-07-25	and8	https://and8.dance/en/stats/reports/5358/3954/?data=1&x=590&y=300&w=1225&type=r
German Breaking Championships 2026	1vs1 B-Girl Pro Top 8 KnockOut	Melkez	Sanam	Melkez	3	5	3	0	13	2	Swiftrock	Hatsolo	Chakal	LB	Dora					-38	23	-11	-5	-14					-47	-4	11	-12	-16					-20	-5	-6	-29	-11																							2026-07-25	and8	https://and8.dance/en/stats/reports/5358/3956/?data=1&x=615&y=280&w=1225&type=r
German Breaking Championships 2026	1vs1 B-Girl Pro Top 8 KnockOut	Jilou	Sestra	Jilou	3	5	3	0	14	1	Swiftrock	Hatsolo	Chakal	LB	Dora					17	-32	-8	-21	-26					-21	-18	-17	-10	-18					-53	-13	-8	-15	-26																							2026-07-25	and8	https://and8.dance/en/stats/reports/5358/3956/?data=1&x=615&y=465&w=1225&type=r
German Breaking Championships 2026	1vs1 B-Girl Pro Top 8 KnockOut	Sestra	Sanam	Sanam	3	5	1	2	3	12	Swiftrock	Hatsolo	Chakal	LB	Dora					44	31	17	3	17					41	-6	14	-7	-13					21	22	15	9	20																							2026-07-25	and8	https://and8.dance/en/stats/reports/5358/3956/?data=1&x=760&y=360&w=1225&type=r
German Breaking Championships 2026	1vs1 B-Girl Pro Top 8 KnockOut	Melkez	Jilou	Melkez	3	5	2	1	11	4	Swiftrock	Hatsolo	Chakal	LB	Dora					-53	-9	-8	-5	-16					-31	-9	-7	13	-38					-16	29	6	10	-14																							2026-07-25	and8	https://and8.dance/en/stats/reports/5358/3956/?data=1&x=465&y=360&w=1225&type=r
German Breaking Championships 2026	1vs1 B-Girl Pro Top 8 KnockOut	Mia	Sanam	Sanam	2	5	0	2	0	10	Swiftrock	Hatsolo	Chakal	LB	Dora					82	36	35	24	26					67	34	20	11	34																																2026-07-25	and8	https://and8.dance/en/stats/reports/5358/3956/?data=1&x=980&y=430&w=1225&type=r
German Breaking Championships 2026	1vs1 B-Girl Pro Top 8 KnockOut	FreeZen	Sestra	Sestra	3	5	1	2	6	9	Swiftrock	Hatsolo	Chakal	LB	Dora					27	-29	-15	-22	22					17	-22	7	2	20					48	16	-5	2	-23																							2026-07-25	and8	https://and8.dance/en/stats/reports/5358/3956/?data=1&x=980&y=160&w=1225&type=r
German Breaking Championships 2026	1vs1 B-Girl Pro Top 8 KnockOut	Safir	Jilou	Jilou	2	5	0	2	0	10	Swiftrock	Hatsolo	Chakal	LB	Dora					49	46	16	16	22					51	26	17	18	32																																2026-07-25	and8	https://and8.dance/en/stats/reports/5358/3956/?data=1&x=245&y=430&w=1225&type=r
German Breaking Championships 2026	1vs1 B-Girl Pro Top 8 KnockOut	Orélia	Melkez	Melkez	2	5	0	2	1	9	Swiftrock	Hatsolo	Chakal	LB	Dora					81	-16	19	8	28					77	33	21	10	31																																2026-07-25	and8	https://and8.dance/en/stats/reports/5358/3956/?data=1&x=245&y=160&w=1225&type=r
Break Battle X - NBL 3	1vs1 Breaking (from 13 years and up) Top 16 KnockOut	B-Rage	Thor-kill	Thor-kill	5	3	2	3	6	9	Anso	Metal	AT							-77	-22	22							-44	13	15							-46	-16	-21							63	21	18							57	15	17							2026-08-22	and8	https://and8.dance/en/stats/reports/5649/4581/?data=1&x=615&y=615&w=1225&type=r
Break Battle X - NBL 3	1vs1 Breaking (from 13 years and up) Top 16 KnockOut	Strawbie	Thor-kill	Thor-kill	3	3	1	2	2	7	Anso	Metal	AT							44	22	17							-53	19	-14							70	24	27																									2026-08-22	and8	https://and8.dance/en/stats/reports/5649/4581/?data=1&x=745&y=360&w=1225&type=r
Break Battle X - NBL 3	1vs1 Breaking (from 13 years and up) Top 16 KnockOut	B-Rage	Lee One	B-Rage	3	3	2	1	6	3	Anso	Metal	AT							-63	-12	-24							65	16	-18							-97	25	-12																									2026-08-22	and8	https://and8.dance/en/stats/reports/5649/4581/?data=1&x=480&y=360&w=1225&type=r
Break Battle X - NBL 3	1vs1 Breaking (from 13 years and up) Top 16 KnockOut	Mammoth	Thor-kill	Thor-kill	3	3	1	2	3	6	Anso	Metal	AT							54	26	-19							52	-29	-13							56	23	14																									2026-08-22	and8	https://and8.dance/en/stats/reports/5649/4581/?data=1&x=785&y=495&w=1225&type=r
Break Battle X - NBL 3	1vs1 Breaking (from 13 years and up) Top 16 KnockOut	Strawbie	B-Boy Loyd	Strawbie	2	3	2	0	5	1	Anso	Metal	AT							-76	17	-14							-93	-22	-18																																		2026-08-22	and8	https://and8.dance/en/stats/reports/5649/4581/?data=1&x=785&y=225&w=1225&type=r
Break Battle X - NBL 3	1vs1 Breaking (from 13 years and up) Top 16 KnockOut	Lee One	Eirik	Lee One	3	3	2	1	5	4	Anso	Metal	AT							58	-27	-15							71	14	-20							-66	-28	7																									2026-08-22	and8	https://and8.dance/en/stats/reports/5649/4581/?data=1&x=440&y=495&w=1225&type=r
Break Battle X - NBL 3	1vs1 Breaking (from 13 years and up) Top 16 KnockOut	Leon	B-Rage	B-Rage	3	3	1	2	3	6	Anso	Metal	AT							-100	32	25							-56	22	-12							74	31	15																									2026-08-22	and8	https://and8.dance/en/stats/reports/5649/4581/?data=1&x=440&y=225&w=1225&type=r
Break Battle X - NBL 3	1vs1 Breaking (from 13 years and up) Top 16 KnockOut	Luca	Thor-kill	Thor-kill	1	3	0	1	0	3	Anso	Metal	AT							62	36	21																																											2026-08-22	and8	https://and8.dance/en/stats/reports/5649/4581/?data=1&x=1085&y=540&w=1225&type=r
Break Battle X - NBL 3	1vs1 Breaking (from 13 years and up) Top 16 KnockOut	James	Mammoth	Mammoth	1	3	0	1	0	3	Anso	Metal	AT							66	29	14																																											2026-08-22	and8	https://and8.dance/en/stats/reports/5649/4581/?data=1&x=1085&y=405&w=1225&type=r
Break Battle X - NBL 3	1vs1 Breaking (from 13 years and up) Top 16 KnockOut	B-Boy Loyd	Benni	B-Boy Loyd	1	3	1	0	2	1	Anso	Metal	AT							67	-19	-16																																											2026-08-22	and8	https://and8.dance/en/stats/reports/5649/4581/?data=1&x=1085&y=270&w=1225&type=r
Break Battle X - NBL 3	1vs1 Breaking (from 13 years and up) Top 16 KnockOut	Strawbie	Tallak	Strawbie	1	3	1	0	3	0	Anso	Metal	AT							-70	-42	-27																																											2026-08-22	and8	https://and8.dance/en/stats/reports/5649/4581/?data=1&x=1085&y=135&w=1225&type=r
Break Battle X - NBL 3	1vs1 Breaking (from 13 years and up) Top 16 KnockOut	Eirik	SoFly	Eirik	1	3	1	0	3	0	Anso	Metal	AT							-71	-33	-15																																											2026-08-22	and8	https://and8.dance/en/stats/reports/5649/4581/?data=1&x=135&y=540&w=1225&type=r
Break Battle X - NBL 3	1vs1 Breaking (from 13 years and up) Top 16 KnockOut	Lee One	G-Raph	Lee One	1	3	1	0	3	0	Anso	Metal	AT							-79	-25	-5																																											2026-08-22	and8	https://and8.dance/en/stats/reports/5649/4581/?data=1&x=135&y=405&w=1225&type=r
Break Battle X - NBL 3	1vs1 Breaking (from 13 years and up) Top 16 KnockOut	Kiim	B-Rage	B-Rage	1	3	0	1	0	3	Anso	Metal	AT							54	62	22																																											2026-08-22	and8	https://and8.dance/en/stats/reports/5649/4581/?data=1&x=135&y=270&w=1225&type=r
Break Battle X - NBL 3	1vs1 Breaking (from 13 years and up) Top 16 KnockOut	Loke	Leon	Leon	1	3	0	1	0	3	Anso	Metal	AT							45	30	23																																											2026-08-22	and8	https://and8.dance/en/stats/reports/5649/4581/?data=1&x=135&y=135&w=1225&type=r
2026 Youth Breaking Championships: Grand Finals	1vs1 Breaking (U17) Top 16 KnockOut	Hon	Gokaito	Gokaito	3	5	1	2	7	8	CrosOne	Val Pal	Victor	JK-47	VillN					14	12	-1	40	7					6	-39	7	32	8					-16	-52	-6	-62	-37																							2026-08-28	and8	https://and8.dance/en/stats/reports/5654/4584/?data=1&x=615&y=615&w=1225&type=r
2026 Youth Breaking Championships: Grand Finals	1vs1 Breaking (U17) Top 16 KnockOut	Savage	Gokaito	Gokaito	2	5	0	2	3	7	CrosOne	Val Pal	Victor	JK-47	VillN					-15	10	13	-47	5					8	18	14	34	-4																																2026-08-28	and8	https://and8.dance/en/stats/reports/5654/4584/?data=1&x=745&y=360&w=1225&type=r
2026 Youth Breaking Championships: Grand Finals	1vs1 Breaking (U17) Top 16 KnockOut	Cazrok	Hon	Hon	3	5	1	2	4	11	CrosOne	Val Pal	Victor	JK-47	VillN					-14	23	9	-32	-4					18	27	11	57	38					-10	25	6	41	43																							2026-08-28	and8	https://and8.dance/en/stats/reports/5654/4584/?data=1&x=480&y=360&w=1225&type=r
2026 Youth Breaking Championships: Grand Finals	1vs1 Breaking (U17) Top 16 KnockOut	Cash Money	Gokaito	Gokaito	1	5	0	1	0	5	CrosOne	Val Pal	Victor	JK-47	VillN					18	27	9	46	8																																									2026-08-28	and8	https://and8.dance/en/stats/reports/5654/4584/?data=1&x=785&y=495&w=1225&type=r
2026 Youth Breaking Championships: Grand Finals	1vs1 Breaking (U17) Top 16 KnockOut	Sponge	Savage	Savage	1	5	0	1	0	5	CrosOne	Val Pal	Victor	JK-47	VillN					15	51	10	76	8																																									2026-08-28	and8	https://and8.dance/en/stats/reports/5654/4584/?data=1&x=785&y=225&w=1225&type=r
2026 Youth Breaking Championships: Grand Finals	1vs1 Breaking (U17) Top 16 KnockOut	Kyd Nitro	Hon	Hon	1	5	0	1	0	5	CrosOne	Val Pal	Victor	JK-47	VillN					3	9	8	21	5																																									2026-08-28	and8	https://and8.dance/en/stats/reports/5654/4584/?data=1&x=440&y=495&w=1225&type=r
2026 Youth Breaking Championships: Grand Finals	1vs1 Breaking (U17) Top 16 KnockOut	Cazrok	Demise	Cazrok	1	5	1	0	4	1	CrosOne	Val Pal	Victor	JK-47	VillN					-11	-23	-6	-88	7																																									2026-08-28	and8	https://and8.dance/en/stats/reports/5654/4584/?data=1&x=440&y=225&w=1225&type=r
2026 Youth Breaking Championships: Grand Finals	1vs1 Breaking (U17) Top 16 KnockOut	Gokaito	Chill	Gokaito	1	5	1	0	5	0	CrosOne	Val Pal	Victor	JK-47	VillN					-28	-27	-13	-84	-50																																									2026-08-28	and8	https://and8.dance/en/stats/reports/5654/4584/?data=1&x=1085&y=540&w=1225&type=r
2026 Youth Breaking Championships: Grand Finals	1vs1 Breaking (U17) Top 16 KnockOut	Motion	Cash Money	Cash Money	1	5	0	1	1	4	CrosOne	Val Pal	Victor	JK-47	VillN					23	45	9	35	-2																																									2026-08-28	and8	https://and8.dance/en/stats/reports/5654/4584/?data=1&x=1085&y=405&w=1225&type=r
2026 Youth Breaking Championships: Grand Finals	1vs1 Breaking (U17) Top 16 KnockOut	RiverFlow	Savage	Savage	1	5	0	1	0	5	CrosOne	Val Pal	Victor	JK-47	VillN					3	11	7	23	5																																									2026-08-28	and8	https://and8.dance/en/stats/reports/5654/4584/?data=1&x=1085&y=270&w=1225&type=r
2026 Youth Breaking Championships: Grand Finals	1vs1 Breaking (U17) Top 16 KnockOut	Rolo	Sponge	Sponge	1	5	0	1	2	3	CrosOne	Val Pal	Victor	JK-47	VillN					2	-16	12	-84	8																																									2026-08-28	and8	https://and8.dance/en/stats/reports/5654/4584/?data=1&x=1085&y=135&w=1225&type=r
2026 Youth Breaking Championships: Grand Finals	1vs1 Breaking (U17) Top 16 KnockOut	Finesse	Hon	Hon	1	5	0	1	0	5	CrosOne	Val Pal	Victor	JK-47	VillN					5	15	15	77	8																																									2026-08-28	and8	https://and8.dance/en/stats/reports/5654/4584/?data=1&x=135&y=540&w=1225&type=r
2026 Youth Breaking Championships: Grand Finals	1vs1 Breaking (U17) Top 16 KnockOut	Crunch	Kyd Nitro	Kyd Nitro	1	5	0	1	2	3	CrosOne	Val Pal	Victor	JK-47	VillN					-4	-10	7	46	23																																									2026-08-28	and8	https://and8.dance/en/stats/reports/5654/4584/?data=1&x=135&y=405&w=1225&type=r
2026 Youth Breaking Championships: Grand Finals	1vs1 Breaking (U17) Top 16 KnockOut	Demise	Zack	Demise	1	5	1	0	5	0	CrosOne	Val Pal	Victor	JK-47	VillN					-23	-49	-12	-58	-48																																									2026-08-28	and8	https://and8.dance/en/stats/reports/5654/4584/?data=1&x=135&y=270&w=1225&type=r
2026 Youth Breaking Championships: Grand Finals	1vs1 Breaking (U17) Top 16 KnockOut	Cazrok	Flowki	Cazrok	1	5	1	0	3	2	CrosOne	Val Pal	Victor	JK-47	VillN					-7	-7	-18	45	7																																									2026-08-28	and8	https://and8.dance/en/stats/reports/5654/4584/?data=1&x=135&y=135&w=1225&type=r
2026 Youth Breaking Championships: Grand Finals	1vs1 B-Girls (U17) Top 8 KnockOut	Lokita	Baby J	Baby J	3	5	1	2	8	7	CrosOne	Val Pal	Victor	JK-47	VillN					-8	-15	7	-31	-3					-12	22	12	-32	14					-12	17	-4	33	14																							2026-08-28	and8	https://and8.dance/en/stats/reports/5654/4589/?data=1&x=615&y=615&w=1225&type=r
2026 Youth Breaking Championships: Grand Finals	1vs1 B-Girls (U17) Top 8 KnockOut	NoVe	Baby J	Baby J	3	5	1	2	6	9	CrosOne	Val Pal	Victor	JK-47	VillN					13	17	-8	27	-13					-10	-13	9	22	-3					5	11	8	-37	15																							2026-08-28	and8	https://and8.dance/en/stats/reports/5654/4589/?data=1&x=760&y=360&w=1225&type=r
2026 Youth Breaking Championships: Grand Finals	1vs1 B-Girls (U17) Top 8 KnockOut	Lokita	Katana	Lokita	2	5	2	0	10	0	CrosOne	Val Pal	Victor	JK-47	VillN					-16	-23	-8	-39	-22					-7	-35	-10	-45	-50																																2026-08-28	and8	https://and8.dance/en/stats/reports/5654/4589/?data=1&x=465&y=360&w=1225&type=r
2026 Youth Breaking Championships: Grand Finals	1vs1 B-Girls (U17) Top 8 KnockOut	Baby J	DISRUPTOR	Baby J	1	5	1	0	5	0	CrosOne	Val Pal	Victor	JK-47	VillN					-5	-24	-7	-67	-3																																									2026-08-28	and8	https://and8.dance/en/stats/reports/5654/4589/?data=1&x=980&y=430&w=1225&type=r
2026 Youth Breaking Championships: Grand Finals	1vs1 B-Girls (U17) Top 8 KnockOut	Yare	NoVe	NoVe	1	5	0	1	1	4	CrosOne	Val Pal	Victor	JK-47	VillN					17	26	6	-12	33																																									2026-08-28	and8	https://and8.dance/en/stats/reports/5654/4589/?data=1&x=980&y=160&w=1225&type=r
2026 Youth Breaking Championships: Grand Finals	1vs1 B-Girls (U17) Top 8 KnockOut	Katana	Lady Grace	Katana	1	5	1	0	5	0	CrosOne	Val Pal	Victor	JK-47	VillN					-5	-17	-8	-55	-25																																									2026-08-28	and8	https://and8.dance/en/stats/reports/5654/4589/?data=1&x=245&y=430&w=1225&type=r
2026 Youth Breaking Championships: Grand Finals	1vs1 B-Girls (U17) Top 8 KnockOut	Lokita	5YMMETRY	Lokita	1	5	1	0	5	0	CrosOne	Val Pal	Victor	JK-47	VillN					-23	-11	-8	-76	-25																																									2026-08-28	and8	https://and8.dance/en/stats/reports/5654/4589/?data=1&x=245&y=160&w=1225&type=r
The World Battle 2026 | URB-X	1vs1 KIDS Breaking Battle Top 32 KnockOut	Thaumas	Gera	Thaumas	3	3	2	1	5	4	Madman	Babyson	Jona							-11	-13	-57							-4	3	-9							3	31	2																									2026-08-30	and8	https://and8.dance/en/stats/reports/5245/3713/?data=1&x=615&y=615&w=1225&type=r
The World Battle 2026 | URB-X	1vs1 KIDS Breaking Battle Top 32 KnockOut	Rius	Gera	Gera	2	3	0	2	1	5	Madman	Babyson	Jona							4	12	7							-4	12	13																																		2026-08-30	and8	https://and8.dance/en/stats/reports/5245/3713/?data=1&x=695&y=375&w=1225&type=r
The World Battle 2026 | URB-X	1vs1 KIDS Breaking Battle Top 32 KnockOut	Gorets	Thaumas	Thaumas	3	3	1	2	3	6	Madman	Babyson	Jona							-3	-12	4							3	-5	2							8	16	37																									2026-08-30	and8	https://and8.dance/en/stats/reports/5245/3713/?data=1&x=535&y=375&w=1225&type=r
The World Battle 2026 | URB-X	1vs1 KIDS Breaking Battle Top 32 KnockOut	Shtorm	Gera	Gera	2	3	0	2	2	4	Madman	Babyson	Jona							11	-15	6							5	-16	2																																		2026-08-30	and8	https://and8.dance/en/stats/reports/5245/3713/?data=1&x=740&y=500&w=1225&type=r
The World Battle 2026 | URB-X	1vs1 KIDS Breaking Battle Top 32 KnockOut	Rius	Snow	Rius	2	3	2	0	6	0	Madman	Babyson	Jona							-15	-7	-2							-13	-11	-2																																		2026-08-30	and8	https://and8.dance/en/stats/reports/5245/3713/?data=1&x=740&y=245&w=1225&type=r
The World Battle 2026 | URB-X	1vs1 KIDS Breaking Battle Top 32 KnockOut	David	Thaumas	Thaumas	2	3	0	2	1	5	Madman	Babyson	Jona							5	2	-5							4	5	16																																		2026-08-30	and8	https://and8.dance/en/stats/reports/5245/3713/?data=1&x=490&y=500&w=1225&type=r
The World Battle 2026 | URB-X	1vs1 KIDS Breaking Battle Top 32 KnockOut	Kanato	Gorets	Gorets	3	3	1	2	4	5	Madman	Babyson	Jona							13	-1	4							-10	11	-5							4	6	-4																									2026-08-30	and8	https://and8.dance/en/stats/reports/5245/3713/?data=1&x=490&y=245&w=1225&type=r
The World Battle 2026 | URB-X	1vs1 KIDS Breaking Battle Top 32 KnockOut	Gera	Seier	Gera	1	3	1	0	3	0	Madman	Babyson	Jona							-5	-52	-5																																											2026-08-30	and8	https://and8.dance/en/stats/reports/5245/3713/?data=1&x=775&y=565&w=1225&type=r
The World Battle 2026 | URB-X	1vs1 KIDS Breaking Battle Top 32 KnockOut	Shtorm	Berserk	Shtorm	1	3	1	0	2	1	Madman	Babyson	Jona							-5	-11	1																																											2026-08-30	and8	https://and8.dance/en/stats/reports/5245/3713/?data=1&x=775&y=435&w=1225&type=r
The World Battle 2026 | URB-X	1vs1 KIDS Breaking Battle Top 32 KnockOut	Snow	CChange	Snow	1	3	1	0	2	1	Madman	Babyson	Jona							-14	-11	6																																											2026-08-30	and8	https://and8.dance/en/stats/reports/5245/3713/?data=1&x=775&y=310&w=1225&type=r
The World Battle 2026 | URB-X	1vs1 KIDS Breaking Battle Top 32 KnockOut	Rius	Iris	Rius	1	3	1	0	3	0	Madman	Babyson	Jona							-30	-11	-22																																											2026-08-30	and8	https://and8.dance/en/stats/reports/5245/3713/?data=1&x=775&y=180&w=1225&type=r
The World Battle 2026 | URB-X	1vs1 KIDS Breaking Battle Top 32 KnockOut	B-Boy Kay	Thaumas	Thaumas	1	3	0	1	1	2	Madman	Babyson	Jona							10	-5	43																																											2026-08-30	and8	https://and8.dance/en/stats/reports/5245/3713/?data=1&x=450&y=565&w=1225&type=r
The World Battle 2026 | URB-X	1vs1 KIDS Breaking Battle Top 32 KnockOut	David	Sylvia	David	1	3	1	0	2	1	Madman	Babyson	Jona							-5	-11	1																																											2026-08-30	and8	https://and8.dance/en/stats/reports/5245/3713/?data=1&x=450&y=435&w=1225&type=r
The World Battle 2026 | URB-X	1vs1 KIDS Breaking Battle Top 32 KnockOut	Soultim	Gorets	Gorets	1	3	0	1	0	3	Madman	Babyson	Jona							15	8	45																																											2026-08-30	and8	https://and8.dance/en/stats/reports/5245/3713/?data=1&x=450&y=310&w=1225&type=r
The World Battle 2026 | URB-X	1vs1 KIDS Breaking Battle Top 32 KnockOut	Ding Xiao Nao	Kanato	Kanato	1	3	0	1	0	3	Madman	Babyson	Jona							4	4	24																																											2026-08-30	and8	https://and8.dance/en/stats/reports/5245/3713/?data=1&x=450&y=180&w=1225&type=r
The World Battle 2026 | URB-X	1vs1 KIDS Breaking Battle Top 32 KnockOut	Seier	Cesar	Seier	1	3	1	0	3	0	Madman	Babyson	Jona							-7	-8	-17																																											2026-08-30	and8	https://and8.dance/en/stats/reports/5245/3713/?data=1&x=935&y=610&w=1225&type=r
The World Battle 2026 | URB-X	1vs1 KIDS Breaking Battle Top 32 KnockOut	Nika Star	Gera	Gera	1	3	0	1	1	2	Madman	Babyson	Jona							-5	10	26																																											2026-08-30	and8	https://and8.dance/en/stats/reports/5245/3713/?data=1&x=935&y=540&w=1225&type=r
The World Battle 2026 | URB-X	1vs1 KIDS Breaking Battle Top 32 KnockOut	Brock	Berserk	Berserk	1	3	0	1	1	2	Madman	Babyson	Jona							-10	28	26																																											2026-08-30	and8	https://and8.dance/en/stats/reports/5245/3713/?data=1&x=935&y=475&w=1225&type=r
The World Battle 2026 | URB-X	1vs1 KIDS Breaking Battle Top 32 KnockOut	Shtorm	ill Will	Shtorm	1	3	1	0	2	1	Madman	Babyson	Jona							-40	-14	8																																											2026-08-30	and8	https://and8.dance/en/stats/reports/5245/3713/?data=1&x=935&y=405&w=1225&type=r
The World Battle 2026 | URB-X	1vs1 KIDS Breaking Battle Top 32 KnockOut	CChange	Melkez	CChange	1	3	1	0	3	0	Madman	Babyson	Jona							-15	-16	-29																																											2026-08-30	and8	https://and8.dance/en/stats/reports/5245/3713/?data=1&x=935&y=340&w=1225&type=r
The World Battle 2026 | URB-X	1vs1 KIDS Breaking Battle Top 32 KnockOut	Snow	Lynx	Snow	1	3	1	0	2	1	Madman	Babyson	Jona							-15	3	-17																																											2026-08-30	and8	https://and8.dance/en/stats/reports/5245/3713/?data=1&x=935&y=270&w=1225&type=r
The World Battle 2026 | URB-X	1vs1 KIDS Breaking Battle Top 32 KnockOut	Iris	Kimba	Iris	1	3	1	0	3	0	Madman	Babyson	Jona							-5	-17	-3																																											2026-08-30	and8	https://and8.dance/en/stats/reports/5245/3713/?data=1&x=935&y=200&w=1225&type=r
The World Battle 2026 | URB-X	1vs1 KIDS Breaking Battle Top 32 KnockOut	Rius	Samuelf	Rius	1	3	1	0	3	0	Madman	Babyson	Jona							-10	-11	-6																																											2026-08-30	and8	https://and8.dance/en/stats/reports/5245/3713/?data=1&x=935&y=130&w=1225&type=r
The World Battle 2026 | URB-X	1vs1 KIDS Breaking Battle Top 32 KnockOut	B-Boy Teo	Thaumas	Thaumas	1	3	0	1	1	2	Madman	Babyson	Jona							64	-6	28																																											2026-08-30	and8	https://and8.dance/en/stats/reports/5245/3713/?data=1&x=300&y=610&w=1225&type=r
The World Battle 2026 | URB-X	1vs1 KIDS Breaking Battle Top 32 KnockOut	Muha	B-Boy Kay	B-Boy Kay	1	3	0	1	0	3	Madman	Babyson	Jona							31	26	67																																											2026-08-30	and8	https://and8.dance/en/stats/reports/5245/3713/?data=1&x=300&y=540&w=1225&type=r
The World Battle 2026 | URB-X	1vs1 KIDS Breaking Battle Top 32 KnockOut	VitWill	Sylvia	Sylvia	1	3	0	1	0	3	Madman	Babyson	Jona							100	14	21																																											2026-08-30	and8	https://and8.dance/en/stats/reports/5245/3713/?data=1&x=300&y=475&w=1225&type=r
The World Battle 2026 | URB-X	1vs1 KIDS Breaking Battle Top 32 KnockOut	Jonah	David	David	1	3	0	1	0	3	Madman	Babyson	Jona							15	5	4																																											2026-08-30	and8	https://and8.dance/en/stats/reports/5245/3713/?data=1&x=300&y=405&w=1225&type=r
The World Battle 2026 | URB-X	1vs1 KIDS Breaking Battle Top 32 KnockOut	Gorets	GTV	Gorets	1	3	1	0	2	1	Madman	Babyson	Jona							-6	-14	1																																											2026-08-30	and8	https://and8.dance/en/stats/reports/5245/3713/?data=1&x=300&y=340&w=1225&type=r
The World Battle 2026 | URB-X	1vs1 KIDS Breaking Battle Top 32 KnockOut	Carlinho	Soultim	Soultim	1	3	0	1	1	2	Madman	Babyson	Jona							6	22	-10																																											2026-08-30	and8	https://and8.dance/en/stats/reports/5245/3713/?data=1&x=300&y=270&w=1225&type=r
The World Battle 2026 | URB-X	1vs1 KIDS Breaking Battle Top 32 KnockOut	Sibe	Kanato	Kanato	1	3	0	1	1	2	Madman	Babyson	Jona							10	9	-28																																											2026-08-30	and8	https://and8.dance/en/stats/reports/5245/3713/?data=1&x=300&y=200&w=1225&type=r
The World Battle 2026 | URB-X	1vs1 KIDS Breaking Battle Top 32 KnockOut	Seigo	Ding Xiao Nao	Ding Xiao Nao	1	3	0	1	1	2	Madman	Babyson	Jona							15	19	-24																																											2026-08-30	and8	https://and8.dance/en/stats/reports/5245/3713/?data=1&x=300&y=130&w=1225&type=r
The World Battle 2026 | URB-X	1vs1 BGirl Top 32 KnockOut	Angela	Alessandrina	Angela	3	5	2	1	9	6	Poe One	Ayu	Katsu One	San Andrea	Issue					-8	14	-18	-19	-14					-10	-7	26	-10	14					-7	5	22	3	-22																							2026-08-30	and8	https://and8.dance/en/stats/reports/5245/3714/?data=1&x=615&y=615&w=1225&type=r
The World Battle 2026 | URB-X	1vs1 BGirl Top 32 KnockOut	Alessandrina	Nika Star	Alessandrina	2	5	2	0	9	1	Poe One	Ayu	Katsu One	San Andrea	Issue					-17	-18	-32	-15	-39					-19	-10	-20	-16	17																																2026-08-30	and8	https://and8.dance/en/stats/reports/5245/3714/?data=1&x=695&y=375&w=1225&type=r
The World Battle 2026 | URB-X	1vs1 BGirl Top 32 KnockOut	Angela	CChange	Angela	3	5	2	1	8	7	Poe One	Ayu	Katsu One	San Andrea	Issue					8	23	33	10	17					-8	-10	-22	-20	15					-14	-19	23	-15	-28																							2026-08-30	and8	https://and8.dance/en/stats/reports/5245/3714/?data=1&x=535&y=375&w=1225&type=r
The World Battle 2026 | URB-X	1vs1 BGirl Top 32 KnockOut	Nika Star	Mirei	Nika Star	3	5	2	1	10	5	Poe One	Ayu	Katsu One	San Andrea	Issue					24	-14	15	6	-14					-35	-12	-23	-32	-10					-34	15	23	-20	-10																							2026-08-30	and8	https://and8.dance/en/stats/reports/5245/3714/?data=1&x=740&y=500&w=1225&type=r
The World Battle 2026 | URB-X	1vs1 BGirl Top 32 KnockOut	Melkez	Alessandrina	Alessandrina	2	5	0	2	1	9	Poe One	Ayu	Katsu One	San Andrea	Issue					55	34	19	11	-11					40	14	44	23	12																																2026-08-30	and8	https://and8.dance/en/stats/reports/5245/3714/?data=1&x=740&y=245&w=1225&type=r
The World Battle 2026 | URB-X	1vs1 BGirl Top 32 KnockOut	Riva	CChange	CChange	3	5	1	2	6	9	Poe One	Ayu	Katsu One	San Andrea	Issue					-12	-42	18	-14	-15					28	-10	22	6	6					23	-17	11	9	8																							2026-08-30	and8	https://and8.dance/en/stats/reports/5245/3714/?data=1&x=490&y=500&w=1225&type=r
The World Battle 2026 | URB-X	1vs1 BGirl Top 32 KnockOut	Ali	Angela	Angela	2	5	0	2	3	7	Poe One	Ayu	Katsu One	San Andrea	Issue					13	18	-40	14	14					23	-15	14	18	-9																																2026-08-30	and8	https://and8.dance/en/stats/reports/5245/3714/?data=1&x=490&y=245&w=1225&type=r
The World Battle 2026 | URB-X	1vs1 BGirl Top 32 KnockOut	FireBird	Mirei	Mirei	1	3	0	1	1	2	San Andrea	Issue	Katsu One							5	-21	18																																											2026-08-30	and8	https://and8.dance/en/stats/reports/5245/3714/?data=1&x=775&y=565&w=1225&type=r
The World Battle 2026 | URB-X	1vs1 BGirl Top 32 KnockOut	Agne	Nika Star	Nika Star	1	3	0	1	0	3	San Andrea	Issue	Katsu One							6	20	21																																											2026-08-30	and8	https://and8.dance/en/stats/reports/5245/3714/?data=1&x=775&y=435&w=1225&type=r
The World Battle 2026 | URB-X	1vs1 BGirl Top 32 KnockOut	Snow	Alessandrina	Alessandrina	1	3	0	1	0	3	San Andrea	Issue	Katsu One							6	11	20																																											2026-08-30	and8	https://and8.dance/en/stats/reports/5245/3714/?data=1&x=775&y=310&w=1225&type=r
The World Battle 2026 | URB-X	1vs1 BGirl Top 32 KnockOut	B-Girl YauYau	Melkez	Melkez	1	3	0	1	1	2	San Andrea	Issue	Katsu One							-13	21	22																																											2026-08-30	and8	https://and8.dance/en/stats/reports/5245/3714/?data=1&x=775&y=180&w=1225&type=r
The World Battle 2026 | URB-X	1vs1 BGirl Top 32 KnockOut	Iris	CChange	CChange	1	3	0	1	0	3	San Andrea	Issue	Katsu One							25	17	19																																											2026-08-30	and8	https://and8.dance/en/stats/reports/5245/3714/?data=1&x=450&y=565&w=1225&type=r
The World Battle 2026 | URB-X	1vs1 BGirl Top 32 KnockOut	Yoyo	Riva	Riva	1	3	0	1	0	3	San Andrea	Issue	Katsu One							13	21	19																																											2026-08-30	and8	https://and8.dance/en/stats/reports/5245/3714/?data=1&x=450&y=435&w=1225&type=r
The World Battle 2026 | URB-X	1vs1 BGirl Top 32 KnockOut	Sylvia	Angela	Angela	1	3	0	1	0	3	San Andrea	Issue	Katsu One							31	19	27																																											2026-08-30	and8	https://and8.dance/en/stats/reports/5245/3714/?data=1&x=450&y=310&w=1225&type=r
The World Battle 2026 | URB-X	1vs1 BGirl Top 32 KnockOut	FreeZen	Ali	Ali	1	3	0	1	1	2	San Andrea	Issue	Katsu One							13	-7	22																																											2026-08-30	and8	https://and8.dance/en/stats/reports/5245/3714/?data=1&x=450&y=180&w=1225&type=r
The World Battle 2026 | URB-X	1vs1 BGirl Top 32 KnockOut	Mirei	Leo	Mirei	1	3	1	0	3	0	San Andrea	Issue	Katsu One							-63	-28	-43																																											2026-08-30	and8	https://and8.dance/en/stats/reports/5245/3714/?data=1&x=935&y=610&w=1225&type=r
The World Battle 2026 | URB-X	1vs1 BGirl Top 32 KnockOut	Ding Xiao Nao	FireBird	FireBird	1	3	0	1	1	2	San Andrea	Issue	Katsu One							-12	14	29																																											2026-08-30	and8	https://and8.dance/en/stats/reports/5245/3714/?data=1&x=935&y=540&w=1225&type=r
The World Battle 2026 | URB-X	1vs1 BGirl Top 32 KnockOut	Chai	Nika Star	Nika Star	1	3	0	1	0	3	San Andrea	Issue	Katsu One							11	18	23																																											2026-08-30	and8	https://and8.dance/en/stats/reports/5245/3714/?data=1&x=935&y=475&w=1225&type=r
The World Battle 2026 | URB-X	1vs1 BGirl Top 32 KnockOut	Sarah	Agne	Agne	1	3	0	1	0	3	San Andrea	Issue	Katsu One							22	13	16																																											2026-08-30	and8	https://and8.dance/en/stats/reports/5245/3714/?data=1&x=935&y=405&w=1225&type=r
The World Battle 2026 | URB-X	1vs1 BGirl Top 32 KnockOut	Alessandrina	Valéria	Alessandrina	1	3	1	0	3	0	San Andrea	Issue	Katsu One							-15	-17	-28																																											2026-08-30	and8	https://and8.dance/en/stats/reports/5245/3714/?data=1&x=935&y=340&w=1225&type=r
The World Battle 2026 | URB-X	1vs1 BGirl Top 32 KnockOut	Snow	B-Girl Magic	Snow	1	3	1	0	2	1	San Andrea	Issue	Katsu One							-31	-13	25																																											2026-08-30	and8	https://and8.dance/en/stats/reports/5245/3714/?data=1&x=935&y=270&w=1225&type=r
The World Battle 2026 | URB-X	1vs1 BGirl Top 32 KnockOut	Vika Wins	Melkez	Melkez	1	3	0	1	0	3	San Andrea	Issue	Katsu One							7	18	24																																											2026-08-30	and8	https://and8.dance/en/stats/reports/5245/3714/?data=1&x=935&y=200&w=1225&type=r
The World Battle 2026 | URB-X	1vs1 BGirl Top 32 KnockOut	B-Girl YauYau	Like	B-Girl YauYau	1	3	1	0	3	0	San Andrea	Issue	Katsu One							-28	-25	-33																																											2026-08-30	and8	https://and8.dance/en/stats/reports/5245/3714/?data=1&x=935&y=130&w=1225&type=r
The World Battle 2026 | URB-X	1vs1 BGirl Top 32 KnockOut	A2K	CChange	CChange	1	3	0	1	0	3	San Andrea	Issue	Katsu One							44	43	24																																											2026-08-30	and8	https://and8.dance/en/stats/reports/5245/3714/?data=1&x=300&y=610&w=1225&type=r
The World Battle 2026 | URB-X	1vs1 BGirl Top 32 KnockOut	Eli	Iris	Iris	1	3	0	1	1	2	San Andrea	Issue	Katsu One							19	34	-52																																											2026-08-30	and8	https://and8.dance/en/stats/reports/5245/3714/?data=1&x=300&y=540&w=1225&type=r
The World Battle 2026 | URB-X	1vs1 BGirl Top 32 KnockOut	Ghita	Riva	Riva	1	3	0	1	0	3	San Andrea	Issue	Katsu One							49	47	13																																											2026-08-30	and8	https://and8.dance/en/stats/reports/5245/3714/?data=1&x=300&y=475&w=1225&type=r
The World Battle 2026 | URB-X	1vs1 BGirl Top 32 KnockOut	Yoyo	Vikos	Yoyo	1	3	1	0	3	0	San Andrea	Issue	Katsu One							-13	-43	-48																																											2026-08-30	and8	https://and8.dance/en/stats/reports/5245/3714/?data=1&x=300&y=405&w=1225&type=r
The World Battle 2026 | URB-X	1vs1 BGirl Top 32 KnockOut	Blanca	Angela	Angela	1	3	0	1	0	3	San Andrea	Issue	Katsu One							50	68	15																																											2026-08-30	and8	https://and8.dance/en/stats/reports/5245/3714/?data=1&x=300&y=340&w=1225&type=r
The World Battle 2026 | URB-X	1vs1 BGirl Top 32 KnockOut	Alexa	Sylvia	Sylvia	1	3	0	1	1	2	San Andrea	Issue	Katsu One							23	-21	16																																											2026-08-30	and8	https://and8.dance/en/stats/reports/5245/3714/?data=1&x=300&y=270&w=1225&type=r
The World Battle 2026 | URB-X	1vs1 BGirl Top 32 KnockOut	Saretta	Ali	Ali	1	3	0	1	0	3	San Andrea	Issue	Katsu One							18	27	14																																											2026-08-30	and8	https://and8.dance/en/stats/reports/5245/3714/?data=1&x=300&y=200&w=1225&type=r
The World Battle 2026 | URB-X	1vs1 BGirl Top 32 KnockOut	Layhonel	FreeZen	FreeZen	1	3	0	1	0	3	San Andrea	Issue	Katsu One							21	45	33																																											2026-08-30	and8	https://and8.dance/en/stats/reports/5245/3714/?data=1&x=300&y=130&w=1225&type=r
The World Battle 2026 | URB-X	1vs1 BBoy Top 32 KnockOut	Kalmius	Deeogo	Kalmius	3	5	2	1	8	7	Poe One	Ayu	Katsu One	San Andrea	Issue					6	12	26	-2	-10					-10	-8	21	-9	12					-9	3	-38	-7	9																							2026-08-30	and8	https://and8.dance/en/stats/reports/5245/3716/?data=1&x=615&y=615&w=1225&type=r
The World Battle 2026 | URB-X	1vs1 BBoy Top 32 KnockOut	Deeogo	Emilio	Deeogo	2	5	2	0	8	2	Poe One	Ayu	Katsu One	San Andrea	Issue					-12	-20	-29	-8	-16					-8	-10	21	-8	20																																2026-08-30	and8	https://and8.dance/en/stats/reports/5245/3716/?data=1&x=695&y=375&w=1225&type=r
The World Battle 2026 | URB-X	1vs1 BBoy Top 32 KnockOut	Kalmius	B-Boy Yao	Kalmius	2	5	2	0	6	4	Poe One	Ayu	Katsu One	San Andrea	Issue					6	-14	-47	11	-16					-10	-20	-33	6	6																																2026-08-30	and8	https://and8.dance/en/stats/reports/5245/3716/?data=1&x=535&y=375&w=1225&type=r
The World Battle 2026 | URB-X	1vs1 BBoy Top 32 KnockOut	Emilio	Nabs	Emilio	3	5	2	1	10	5	Poe One	Ayu	Katsu One	San Andrea	Issue					-42	-54	12	10	11					-36	-25	-36	10	12					-41	-58	-32	-23	-13																							2026-08-30	and8	https://and8.dance/en/stats/reports/5245/3716/?data=1&x=740&y=500&w=1225&type=r
The World Battle 2026 | URB-X	1vs1 BBoy Top 32 KnockOut	Deeogo	Ace Jo	Deeogo	3	5	2	1	10	5	Poe One	Ayu	Katsu One	San Andrea	Issue					13	-14	-21	14	10					-19	7	-14	-8	13					-16	-29	-51	-34	-13																							2026-08-30	and8	https://and8.dance/en/stats/reports/5245/3716/?data=1&x=740&y=245&w=1225&type=r
The World Battle 2026 | URB-X	1vs1 BBoy Top 32 KnockOut	Edo	B-Boy Yao	B-Boy Yao	2	5	0	2	1	9	Poe One	Ayu	Katsu One	San Andrea	Issue					20	-11	16	7	12					27	13	19	18	11																																2026-08-30	and8	https://and8.dance/en/stats/reports/5245/3716/?data=1&x=490&y=500&w=1225&type=r
The World Battle 2026 | URB-X	1vs1 BBoy Top 32 KnockOut	Pesto	Kalmius	Kalmius	3	5	1	2	5	10	Poe One	Ayu	Katsu One	San Andrea	Issue					14	6	-18	-15	11					6	-9	20	-12	-15					11	14	15	5	11																							2026-08-30	and8	https://and8.dance/en/stats/reports/5245/3716/?data=1&x=490&y=245&w=1225&type=r
The World Battle 2026 | URB-X	1vs1 BBoy Top 32 KnockOut	Prince Xin	Nabs	Nabs	1	3	0	1	0	3	Lagaet	Ayu	Poe One							9	14	7																																											2026-08-30	and8	https://and8.dance/en/stats/reports/5245/3716/?data=1&x=775&y=565&w=1225&type=r
The World Battle 2026 | URB-X	1vs1 BBoy Top 32 KnockOut	Seier	Emilio	Emilio	1	3	0	1	0	3	Lagaet	Ayu	Poe One							23	13	58																																											2026-08-30	and8	https://and8.dance/en/stats/reports/5245/3716/?data=1&x=775&y=435&w=1225&type=r
The World Battle 2026 | URB-X	1vs1 BBoy Top 32 KnockOut	Ace Jo	Tirce	Ace Jo	1	3	1	0	3	0	Lagaet	Ayu	Poe One							-27	-17	-40																																											2026-08-30	and8	https://and8.dance/en/stats/reports/5245/3716/?data=1&x=775&y=310&w=1225&type=r
The World Battle 2026 | URB-X	1vs1 BBoy Top 32 KnockOut	Salve	Deeogo	Deeogo	1	3	0	1	1	2	Lagaet	Ayu	Poe One							9	-38	7																																											2026-08-30	and8	https://and8.dance/en/stats/reports/5245/3716/?data=1&x=775&y=180&w=1225&type=r
The World Battle 2026 | URB-X	1vs1 BBoy Top 32 KnockOut	Lei	B-Boy Yao	B-Boy Yao	1	3	0	1	0	3	Lagaet	Ayu	Poe One							18	8	11																																											2026-08-30	and8	https://and8.dance/en/stats/reports/5245/3716/?data=1&x=450&y=565&w=1225&type=r
The World Battle 2026 | URB-X	1vs1 BBoy Top 32 KnockOut	Edo	Riku	Edo	1	3	1	0	3	0	Lagaet	Ayu	Poe One							-14	-9	-25																																											2026-08-30	and8	https://and8.dance/en/stats/reports/5245/3716/?data=1&x=450&y=435&w=1225&type=r
The World Battle 2026 | URB-X	1vs1 BBoy Top 32 KnockOut	Kalmius	Centurion	Kalmius	1	3	1	0	3	0	Lagaet	Ayu	Poe One							-22	-11	-54																																											2026-08-30	and8	https://and8.dance/en/stats/reports/5245/3716/?data=1&x=450&y=310&w=1225&type=r
The World Battle 2026 | URB-X	1vs1 BBoy Top 32 KnockOut	Pesto	Myhre	Pesto	1	3	1	0	2	1	Lagaet	Ayu	Poe One							6	-41	-65																																											2026-08-30	and8	https://and8.dance/en/stats/reports/5245/3716/?data=1&x=450&y=180&w=1225&type=r
The World Battle 2026 | URB-X	1vs1 BBoy Top 32 KnockOut	Nabs	Kamil	Nabs	1	3	1	0	3	0	Lagaet	Ayu	Poe One							-28	-39	-61																																											2026-08-30	and8	https://and8.dance/en/stats/reports/5245/3716/?data=1&x=935&y=610&w=1225&type=r
The World Battle 2026 | URB-X	1vs1 BBoy Top 32 KnockOut	Beazt	Prince Xin	Prince Xin	1	3	0	1	1	2	Lagaet	Ayu	Poe One							10	12	-17																																											2026-08-30	and8	https://and8.dance/en/stats/reports/5245/3716/?data=1&x=935&y=540&w=1225&type=r
The World Battle 2026 | URB-X	1vs1 BBoy Top 32 KnockOut	Gera	Emilio	Emilio	1	3	0	1	1	2	Lagaet	Ayu	Poe One							9	7	-12																																											2026-08-30	and8	https://and8.dance/en/stats/reports/5245/3716/?data=1&x=935&y=475&w=1225&type=r
The World Battle 2026 | URB-X	1vs1 BBoy Top 32 KnockOut	B-Boy Magnum	Seier	Seier	1	3	0	1	0	3	Lagaet	Ayu	Poe One							17	16	36																																											2026-08-30	and8	https://and8.dance/en/stats/reports/5245/3716/?data=1&x=935&y=405&w=1225&type=r
The World Battle 2026 | URB-X	1vs1 BBoy Top 32 KnockOut	Kimba	Tirce	Tirce	1	3	0	1	1	2	Lagaet	Ayu	Poe One							11	9	-9																																											2026-08-30	and8	https://and8.dance/en/stats/reports/5245/3716/?data=1&x=935&y=340&w=1225&type=r
The World Battle 2026 | URB-X	1vs1 BBoy Top 32 KnockOut	Ace Jo	Geeroud	Ace Jo	1	3	1	0	3	0	Lagaet	Ayu	Poe One							-14	-16	-7																																											2026-08-30	and8	https://and8.dance/en/stats/reports/5245/3716/?data=1&x=935&y=270&w=1225&type=r
The World Battle 2026 | URB-X	1vs1 BBoy Top 32 KnockOut	Deeogo	Fat	Deeogo	1	3	1	0	3	0	Lagaet	Ayu	Poe One							-16	-17	-17																																											2026-08-30	and8	https://and8.dance/en/stats/reports/5245/3716/?data=1&x=935&y=200&w=1225&type=r
The World Battle 2026 | URB-X	1vs1 BBoy Top 32 KnockOut	Seigo	Salve	Salve	1	3	0	1	1	2	Lagaet	Ayu	Poe One							5	-11	10																																											2026-08-30	and8	https://and8.dance/en/stats/reports/5245/3716/?data=1&x=935&y=130&w=1225&type=r
The World Battle 2026 | URB-X	1vs1 BBoy Top 32 KnockOut	B-Boy Yao	Tyson	B-Boy Yao	1	3	1	0	2	1	Lagaet	Ayu	Poe One							-9	15	-19																																											2026-08-30	and8	https://and8.dance/en/stats/reports/5245/3716/?data=1&x=300&y=610&w=1225&type=r
The World Battle 2026 | URB-X	1vs1 BBoy Top 32 KnockOut	Lei	Arsen	Lei	1	3	1	0	2	1	Lagaet	Ayu	Poe One							-15	13	-6																																											2026-08-30	and8	https://and8.dance/en/stats/reports/5245/3716/?data=1&x=300&y=540&w=1225&type=r
The World Battle 2026 | URB-X	1vs1 BBoy Top 32 KnockOut	Riku	Teïlo	Riku	1	3	1	0	3	0	Lagaet	Ayu	Poe One							-19	-14	-18																																											2026-08-30	and8	https://and8.dance/en/stats/reports/5245/3716/?data=1&x=300&y=475&w=1225&type=r
The World Battle 2026 | URB-X	1vs1 BBoy Top 32 KnockOut	Edo	Liam	Edo	1	3	1	0	3	0	Lagaet	Ayu	Poe One							-17	-15	-24																																											2026-08-30	and8	https://and8.dance/en/stats/reports/5245/3716/?data=1&x=300&y=405&w=1225&type=r
The World Battle 2026 | URB-X	1vs1 BBoy Top 32 KnockOut	ill Will	Centurion	Centurion	1	3	0	1	1	2	Lagaet	Ayu	Poe One							17	-15	24																																											2026-08-30	and8	https://and8.dance/en/stats/reports/5245/3716/?data=1&x=300&y=340&w=1225&type=r
The World Battle 2026 | URB-X	1vs1 BBoy Top 32 KnockOut	Kalmius	Danger	Kalmius	1	3	1	0	3	0	Lagaet	Ayu	Poe One							-8	-17	-8																																											2026-08-30	and8	https://and8.dance/en/stats/reports/5245/3716/?data=1&x=300&y=270&w=1225&type=r
The World Battle 2026 | URB-X	1vs1 BBoy Top 32 KnockOut	Myhre	eNe	Myhre	1	3	1	0	2	1	Lagaet	Ayu	Poe One							-23	-29	21																																											2026-08-30	and8	https://and8.dance/en/stats/reports/5245/3716/?data=1&x=300&y=200&w=1225&type=r
The World Battle 2026 | URB-X	1vs1 BBoy Top 32 KnockOut	B-Boy Jurre	Pesto	Pesto	1	3	0	1	0	3	Lagaet	Ayu	Poe One							24	45	69																																											2026-08-30	and8	https://and8.dance/en/stats/reports/5245/3716/?data=1&x=300&y=130&w=1225&type=r
Unbreakable 2026	1vs1 Pro Breaking Kids (U17) Top 16 KnockOut	Gera	Seigo	Seigo	3	3	1	2	4	5	Aya	Robb	Sarah Bee							60	100	46							-12	-100	-20							27	100	-21																									2026-09-04	and8	https://and8.dance/en/stats/reports/5353/4518/?data=1&x=615&y=615&w=1225&type=r
Unbreakable 2026	1vs1 Pro Breaking Kids (U17) Top 16 KnockOut	Hunter	Seigo	Seigo	2	3	0	2	0	6	Aya	Robb	Sarah Bee							2	100	22							62	100	18																																		2026-09-04	and8	https://and8.dance/en/stats/reports/5353/4518/?data=1&x=745&y=360&w=1225&type=r
Unbreakable 2026	1vs1 Pro Breaking Kids (U17) Top 16 KnockOut	Gera	Phil One	Gera	2	3	2	0	5	1	Aya	Robb	Sarah Bee							5	-100	-16							-60	-100	-14																																		2026-09-04	and8	https://and8.dance/en/stats/reports/5353/4518/?data=1&x=480&y=360&w=1225&type=r
Unbreakable 2026	1vs1 Pro Breaking Kids (U17) Top 16 KnockOut	Seigo	Seier	Seigo	2	3	2	0	5	1	Aya	Robb	Sarah Bee							-22	-100	-23							9	-100	-23																																		2026-09-04	and8	https://and8.dance/en/stats/reports/5353/4518/?data=1&x=785&y=495&w=1225&type=r
Unbreakable 2026	1vs1 Pro Breaking Kids (U17) Top 16 KnockOut	Vantok	Hunter	Hunter	3	3	1	2	3	6	Aya	Robb	Sarah Bee							40	-100	-16							42	100	19							75	100	-13																									2026-09-04	and8	https://and8.dance/en/stats/reports/5353/4518/?data=1&x=785&y=225&w=1225&type=r
Unbreakable 2026	1vs1 Pro Breaking Kids (U17) Top 16 KnockOut	Phil One	Rius	Phil One	2	3	2	0	4	2	Aya	Robb	Sarah Bee							-7	100	-20							-7	100	-16																																		2026-09-04	and8	https://and8.dance/en/stats/reports/5353/4518/?data=1&x=440&y=495&w=1225&type=r
Unbreakable 2026	1vs1 Pro Breaking Kids (U17) Top 16 KnockOut	Shtorm	Gera	Gera	2	3	0	2	0	6	Aya	Robb	Sarah Bee							8	100	21							4	100	39																																		2026-09-04	and8	https://and8.dance/en/stats/reports/5353/4518/?data=1&x=440&y=225&w=1225&type=r
Unbreakable 2026	1vs1 Pro Breaking Kids (U17) Top 16 KnockOut	#Jiin	Seier	Seier	1	3	0	1	0	3	Aya	Robb	Sarah Bee							5	100	40																																											2026-09-04	and8	https://and8.dance/en/stats/reports/5353/4518/?data=1&x=1085&y=540&w=1225&type=r
Unbreakable 2026	1vs1 Pro Breaking Kids (U17) Top 16 KnockOut	Seigo	Lynx	Seigo	1	3	1	0	3	0	Aya	Robb	Sarah Bee							-8	-100	-63																																											2026-09-04	and8	https://and8.dance/en/stats/reports/5353/4518/?data=1&x=1085&y=405&w=1225&type=r
Unbreakable 2026	1vs1 Pro Breaking Kids (U17) Top 16 KnockOut	Env	Hunter	Hunter	1	3	0	1	0	3	Aya	Robb	Sarah Bee							34	100	26																																											2026-09-04	and8	https://and8.dance/en/stats/reports/5353/4518/?data=1&x=1085&y=270&w=1225&type=r
Unbreakable 2026	1vs1 Pro Breaking Kids (U17) Top 16 KnockOut	Nambrandz	Vantok	Vantok	1	3	0	1	0	3	Aya	Robb	Sarah Bee							6	100	100																																											2026-09-04	and8	https://and8.dance/en/stats/reports/5353/4518/?data=1&x=1085&y=135&w=1225&type=r
Unbreakable 2026	1vs1 Pro Breaking Kids (U17) Top 16 KnockOut	Rius	cesar	Rius	1	3	1	0	2	1	Aya	Robb	Sarah Bee							13	-100	-25																																											2026-09-04	and8	https://and8.dance/en/stats/reports/5353/4518/?data=1&x=135&y=540&w=1225&type=r
Unbreakable 2026	1vs1 Pro Breaking Kids (U17) Top 16 KnockOut	Yannick	Phil One	Phil One	1	3	0	1	1	2	Aya	Robb	Sarah Bee							-13	100	11																																											2026-09-04	and8	https://and8.dance/en/stats/reports/5353/4518/?data=1&x=135&y=405&w=1225&type=r
Unbreakable 2026	1vs1 Pro Breaking Kids (U17) Top 16 KnockOut	Soultim	Gera	Gera	1	3	0	1	1	2	Aya	Robb	Sarah Bee							10	-100	51																																											2026-09-04	and8	https://and8.dance/en/stats/reports/5353/4518/?data=1&x=135&y=270&w=1225&type=r
Unbreakable 2026	1vs1 Pro Breaking Kids (U17) Top 16 KnockOut	Sasha	Shtorm	Shtorm	1	3	0	1	0	3	Aya	Robb	Sarah Bee							50	100	55																																											2026-09-04	and8	https://and8.dance/en/stats/reports/5353/4518/?data=1&x=135&y=135&w=1225&type=r
Unbreakable 2026	1vs1 Pro BGirl Top 16 KnockOut	India	Syssy	Syssy	3	5	1	2	8	7	Karim	Narumi	Lil John	Ronnie	Kuzya					-30	9	19	-14	7					-31	-21	-39	-15	-5					34	9	-21	28	25																							2026-09-04	and8	https://and8.dance/en/stats/reports/5353/4519/?data=1&x=615&y=615&w=1225&type=r
Unbreakable 2026	1vs1 Pro BGirl Top 16 KnockOut	Stefani	Syssy	Syssy	2	5	0	2	0	10	Karim	Narumi	Lil John	Ronnie	Kuzya					35	18	69	27	4					21	12	80	47	32																																2026-09-04	and8	https://and8.dance/en/stats/reports/5353/4519/?data=1&x=745&y=360&w=1225&type=r
Unbreakable 2026	1vs1 Pro BGirl Top 16 KnockOut	India	Nicka	India	3	5	2	1	9	6	Karim	Narumi	Lil John	Ronnie	Kuzya					-24	-15	30	8	6					40	-13	-30	-19	-6					26	12	-15	-10	-6																							2026-09-04	and8	https://and8.dance/en/stats/reports/5353/4519/?data=1&x=480&y=360&w=1225&type=r
Unbreakable 2026	1vs1 Pro BGirl Top 16 KnockOut	Saretta	Syssy	Syssy	2	5	0	2	0	10	Karim	Narumi	Lil John	Ronnie	Kuzya					67	16	80	38	36					79	16	90	42	22																																2026-09-04	and8	https://and8.dance/en/stats/reports/5353/4519/?data=1&x=785&y=495&w=1225&type=r
Unbreakable 2026	1vs1 Pro BGirl Top 16 KnockOut	Riko	Stefani	Stefani	2	5	0	2	4	6	Karim	Narumi	Lil John	Ronnie	Kuzya					31	-12	-37	11	9					-39	-11	25	10	4																																2026-09-04	and8	https://and8.dance/en/stats/reports/5353/4519/?data=1&x=785&y=225&w=1225&type=r
Unbreakable 2026	1vs1 Pro BGirl Top 16 KnockOut	Matea	Nicka	Nicka	2	5	0	2	0	10	Karim	Narumi	Lil John	Ronnie	Kuzya					50	18	50	46	57					80	10	66	40	44																																2026-09-04	and8	https://and8.dance/en/stats/reports/5353/4519/?data=1&x=440&y=495&w=1225&type=r
Unbreakable 2026	1vs1 Pro BGirl Top 16 KnockOut	Emmaaaa!	India	India	2	5	0	2	1	9	Karim	Narumi	Lil John	Ronnie	Kuzya					4	13	37	-16	3					38	15	75	46	31																																2026-09-04	and8	https://and8.dance/en/stats/reports/5353/4519/?data=1&x=440&y=225&w=1225&type=r
Unbreakable 2026	1vs1 Pro BGirl Top 16 KnockOut	Strawbie	Syssy	Syssy	2	5	0	2	1	9	Karim	Narumi	Lil John	Ronnie	Kuzya					43	10	-16	59	20					31	10	77	66	38																																2026-09-04	and8	https://and8.dance/en/stats/reports/5353/4519/?data=1&x=1085&y=540&w=1225&type=r
Unbreakable 2026	1vs1 Pro BGirl Top 16 KnockOut	Salala	Saretta	Saretta	2	5	0	2	2	8	Karim	Narumi	Lil John	Ronnie	Kuzya					19	10	-86	35	8					15	7	-60	53	21																																2026-09-04	and8	https://and8.dance/en/stats/reports/5353/4519/?data=1&x=1085&y=405&w=1225&type=r
Unbreakable 2026	1vs1 Pro BGirl Top 16 KnockOut	Stefani	Sarah	Stefani	2	5	2	0	9	1	Karim	Narumi	Lil John	Ronnie	Kuzya					-5	-11	37	-23	-19					-34	-14	-63	-42	-38																																2026-09-04	and8	https://and8.dance/en/stats/reports/5353/4519/?data=1&x=1085&y=270&w=1225&type=r
Unbreakable 2026	1vs1 Pro BGirl Top 16 KnockOut	Jana	Riko	Riko	2	5	0	2	1	9	Lil John	Karim	Narumi	Ronnie	Kuzya					78	-6	12	44	52					87	52	10	78	34																																2026-09-04	and8	https://and8.dance/en/stats/reports/5353/4519/?data=1&x=1085&y=135&w=1225&type=r
Unbreakable 2026	1vs1 Pro BGirl Top 16 KnockOut	Orélia	Nicka	Nicka	2	5	0	2	0	10	Lil John	Karim	Narumi	Ronnie	Kuzya					22	45	12	32	27					88	55	10	24	23																																2026-09-04	and8	https://and8.dance/en/stats/reports/5353/4519/?data=1&x=135&y=540&w=1225&type=r
Unbreakable 2026	1vs1 Pro BGirl Top 16 KnockOut	A.L.T	Matea	Matea	2	5	0	2	3	7	Karim	Narumi	Lil John	Ronnie	Kuzya					100	-100	100	100	100					100	-100	100	100	-100																																2026-09-04	and8	https://and8.dance/en/stats/reports/5353/4519/?data=1&x=135&y=405&w=1225&type=r
Unbreakable 2026	1vs1 Pro BGirl Top 16 KnockOut	Mona	India	India	2	5	0	2	0	10	Karim	Narumi	Lil John	Ronnie	Kuzya					100	100	100	100	100					100	100	100	100	100																																2026-09-04	and8	https://and8.dance/en/stats/reports/5353/4519/?data=1&x=135&y=270&w=1225&type=r
Unbreakable 2026	1vs1 Pro BGirl Top 16 KnockOut	Naviu	Emmaaaa!	Emmaaaa!	2	5	0	2	1	9	Lil John	Karim	Narumi	Ronnie	Kuzya					90	19	11	59	11					100	-7	14	61	16																																2026-09-04	and8	https://and8.dance/en/stats/reports/5353/4519/?data=1&x=135&y=135&w=1225&type=r
Unbreakable 2026	1vs1 Pro BBoy Top 32 KnockOut	Hiro10	Ra1on	Hiro10	3	5	2	1	10	5	Karim	Narumi	Lil John	Ronnie	Kuzya					-41	-12	22	-9	-11					40	10	10	11	-6					-55	-17	-30	-18	-5																							2026-09-04	and8	https://and8.dance/en/stats/reports/5353/4520/?data=1&x=615&y=615&w=1225&type=r
Unbreakable 2026	1vs1 Pro BBoy Top 32 KnockOut	Victor	Ra1on	Ra1on	3	5	1	2	5	10	Karim	Narumi	Lil John	Ronnie	Kuzya					-28	-15	30	-12	5					62	-12	20	9	4					20	15	10	8	-5																							2026-09-04	and8	https://and8.dance/en/stats/reports/5353/4520/?data=1&x=695&y=375&w=1225&type=r
Unbreakable 2026	1vs1 Pro BBoy Top 32 KnockOut	Tiro	Hiro10	Hiro10	2	5	0	2	2	8	Karim	Narumi	Lil John	Ronnie	Kuzya					34	15	60	34	21					16	-10	-50	12	9																																2026-09-04	and8	https://and8.dance/en/stats/reports/5353/4520/?data=1&x=535&y=375&w=1225&type=r
Unbreakable 2026	1vs1 Pro BBoy Top 32 KnockOut	Nabs	Ra1on	Ra1on	2	5	0	2	1	9	Karim	Narumi	Lil John	Ronnie	Kuzya					40	12	-36	16	17					55	12	70	13	36																																2026-09-04	and8	https://and8.dance/en/stats/reports/5353/4520/?data=1&x=740&y=500&w=1225&type=r
Unbreakable 2026	1vs1 Pro BBoy Top 32 KnockOut	Cyz	Victor	Victor	2	5	0	2	1	9	Karim	Narumi	Lil John	Ronnie	Kuzya					-7	9	53	29	9					64	12	50	21	8																																2026-09-04	and8	https://and8.dance/en/stats/reports/5353/4520/?data=1&x=740&y=245&w=1225&type=r
Unbreakable 2026	1vs1 Pro BBoy Top 32 KnockOut	Damani	Hiro10	Hiro10	2	5	0	2	1	9	Karim	Narumi	Lil John	Ronnie	Kuzya					27	17	52	17	-8					9	15	35	17	9																																2026-09-04	and8	https://and8.dance/en/stats/reports/5353/4520/?data=1&x=490&y=500&w=1225&type=r
Unbreakable 2026	1vs1 Pro BBoy Top 32 KnockOut	Tiro	BoxWon	Tiro	2	5	2	0	8	2	Karim	Narumi	Lil John	Ronnie	Kuzya					-41	-10	34	-31	-18					-43	9	-62	-7	-17																																2026-09-04	and8	https://and8.dance/en/stats/reports/5353/4520/?data=1&x=490&y=245&w=1225&type=r
Unbreakable 2026	1vs1 Pro BBoy Top 32 KnockOut	Cyz	Ra1on	Ra1on	2	5	0	2	0	10	Karim	Narumi	Lil John	Ronnie	Kuzya					2	8	68	40	8					28	12	90	31	8																																2026-09-04	and8	https://and8.dance/en/stats/reports/5353/4520/?data=1&x=775&y=565&w=1225&type=r
Unbreakable 2026	1vs1 Pro BBoy Top 32 KnockOut	Nabs	Play Rock	Nabs	2	5	2	0	8	2	Karim	Narumi	Lil John	Ronnie	Kuzya					-12	-13	-60	-43	-6					10	10	-51	-42	-6																																2026-09-04	and8	https://and8.dance/en/stats/reports/5353/4520/?data=1&x=775&y=435&w=1225&type=r
Unbreakable 2026	1vs1 Pro BBoy Top 32 KnockOut	Guss	Victor	Victor	2	5	0	2	2	8	Karim	Narumi	Lil John	Ronnie	Kuzya					9	-21	24	13	-6					48	9	20	18	16																																2026-09-04	and8	https://and8.dance/en/stats/reports/5353/4520/?data=1&x=775&y=310&w=1225&type=r
Unbreakable 2026	1vs1 Pro BBoy Top 32 KnockOut	Shahi	Raptor	Raptor	2	5	0	2	1	9	Karim	Narumi	Lil John	Ronnie	Kuzya					30	8	-26	40	24					35	12	40	25	23																																2026-09-04	and8	https://and8.dance/en/stats/reports/5353/4520/?data=1&x=775&y=180&w=1225&type=r
Unbreakable 2026	1vs1 Pro BBoy Top 32 KnockOut	Litefoot	Hiro10	Hiro10	2	5	0	2	1	9	Karim	Narumi	Lil John	Ronnie	Kuzya					8	17	-58	17	18					10	16	34	47	30																																2026-09-04	and8	https://and8.dance/en/stats/reports/5353/4520/?data=1&x=450&y=565&w=1225&type=r
Unbreakable 2026	1vs1 Pro BBoy Top 32 KnockOut	Ramy	Damani	Damani	2	5	0	2	2	8	Karim	Narumi	Lil John	Ronnie	Kuzya					9	10	-80	-22	7					49	15	59	52	21																																2026-09-04	and8	https://and8.dance/en/stats/reports/5353/4520/?data=1&x=450&y=435&w=1225&type=r
Unbreakable 2026	1vs1 Pro BBoy Top 32 KnockOut	RhythmBox	BoxWon	BoxWon	2	5	0	2	1	9	Karim	Narumi	Lil John	Ronnie	Kuzya					33	15	67	44	21					-39	8	32	12	19																																2026-09-04	and8	https://and8.dance/en/stats/reports/5353/4520/?data=1&x=450&y=310&w=1225&type=r
Unbreakable 2026	1vs1 Pro BBoy Top 32 KnockOut	Gera	Tiro	Tiro	2	5	0	2	2	8	Karim	Narumi	Lil John	Ronnie	Kuzya					25	11	62	13	5					45	-10	41	-12	6																																2026-09-04	and8	https://and8.dance/en/stats/reports/5353/4520/?data=1&x=450&y=180&w=1225&type=r
Unbreakable 2026	1vs1 Pro BBoy Top 32 KnockOut	Ra1on	Emilio	Ra1on	1	5	1	0	5	0	Lil John	Karim	Narumi	Ronnie	Kuzya					-62	-36	-9	-43	-28																																									2026-09-04	and8	https://and8.dance/en/stats/reports/5353/4520/?data=1&x=935&y=610&w=1225&type=r
Unbreakable 2026	1vs1 Pro BBoy Top 32 KnockOut	Bilel	Cyz	Cyz	1	5	0	1	1	4	Lil John	Karim	Narumi	Ronnie	Kuzya					-46	26	9	14	11																																									2026-09-04	and8	https://and8.dance/en/stats/reports/5353/4520/?data=1&x=935&y=540&w=1225&type=r
Unbreakable 2026	1vs1 Pro BBoy Top 32 KnockOut	Juubei Lee	Play Rock	Play Rock	1	5	0	1	1	4	Lil John	Karim	Narumi	Ronnie	Kuzya					29	57	8	-15	5																																									2026-09-04	and8	https://and8.dance/en/stats/reports/5353/4520/?data=1&x=935&y=475&w=1225&type=r
Unbreakable 2026	1vs1 Pro BBoy Top 32 KnockOut	Nabs	Alexis	Nabs	1	5	1	0	5	0	Lil John	Karim	Narumi	Ronnie	Kuzya					-60	-47	-9	-25	-7																																									2026-09-04	and8	https://and8.dance/en/stats/reports/5353/4520/?data=1&x=935&y=405&w=1225&type=r
Unbreakable 2026	1vs1 Pro BBoy Top 32 KnockOut	Neosan	Victor	Victor	1	5	0	1	0	5	Lil John	Karim	Narumi	Ronnie	Kuzya					40	50	14	67	5																																									2026-09-04	and8	https://and8.dance/en/stats/reports/5353/4520/?data=1&x=935&y=340&w=1225&type=r
Unbreakable 2026	1vs1 Pro BBoy Top 32 KnockOut	Guss	Zulu-Fu	Guss	1	5	1	0	3	2	Lil John	Karim	Narumi	Ronnie	Kuzya					70	-9	-7	19	-5																																									2026-09-04	and8	https://and8.dance/en/stats/reports/5353/4520/?data=1&x=935&y=270&w=1225&type=r
Unbreakable 2026	1vs1 Pro BBoy Top 32 KnockOut	Taz	Raptor	Raptor	1	5	0	1	0	5	Lil John	Karim	Narumi	Ronnie	Kuzya					85	73	10	35	23																																									2026-09-04	and8	https://and8.dance/en/stats/reports/5353/4520/?data=1&x=935&y=200&w=1225&type=r
Unbreakable 2026	1vs1 Pro BBoy Top 32 KnockOut	M17	Shahi	Shahi	1	5	0	1	2	3	Lil John	Karim	Narumi	Ronnie	Kuzya					85	-11	7	-19	2																																									2026-09-04	and8	https://and8.dance/en/stats/reports/5353/4520/?data=1&x=935&y=130&w=1225&type=r
Unbreakable 2026	1vs1 Pro BBoy Top 32 KnockOut	Hiro10	Zoon	Hiro10	1	5	1	0	5	0	Lil John	Karim	Narumi	Ronnie	Kuzya					-20	-55	-12	-28	-17																																									2026-09-04	and8	https://and8.dance/en/stats/reports/5353/4520/?data=1&x=300&y=610&w=1225&type=r
Unbreakable 2026	1vs1 Pro BBoy Top 32 KnockOut	Litefoot	Rabbitt	Litefoot	1	5	1	0	5	0	Lil John	Karim	Narumi	Ronnie	Kuzya					-43	-23	-8	-12	-9																																									2026-09-04	and8	https://and8.dance/en/stats/reports/5353/4520/?data=1&x=300&y=540&w=1225&type=r
Unbreakable 2026	1vs1 Pro BBoy Top 32 KnockOut	Staeb	Damani	Damani	1	5	0	1	1	4	Lil John	Karim	Narumi	Ronnie	Kuzya					-28	29	12	11	12																																									2026-09-04	and8	https://and8.dance/en/stats/reports/5353/4520/?data=1&x=300&y=475&w=1225&type=r
Unbreakable 2026	1vs1 Pro BBoy Top 32 KnockOut	Curt Rage	Ramy	Ramy	1	5	0	1	1	4	Lil John	Karim	Narumi	Ronnie	Kuzya					74	-13	4	14	16																																									2026-09-04	and8	https://and8.dance/en/stats/reports/5353/4520/?data=1&x=300&y=405&w=1225&type=r
Unbreakable 2026	1vs1 Pro BBoy Top 32 KnockOut	Askar	BoxWon	BoxWon	1	5	0	1	1	4	Lil John	Karim	Narumi	Ronnie	Kuzya					81	18	6	39	-8																																									2026-09-04	and8	https://and8.dance/en/stats/reports/5353/4520/?data=1&x=300&y=340&w=1225&type=r
Unbreakable 2026	1vs1 Pro BBoy Top 32 KnockOut	RhythmBox	Louis	RhythmBox	1	5	1	0	4	1	Lil John	Karim	Narumi	Ronnie	Kuzya					-42	-29	-5	10	-13																																									2026-09-04	and8	https://and8.dance/en/stats/reports/5353/4520/?data=1&x=300&y=270&w=1225&type=r
Unbreakable 2026	1vs1 Pro BBoy Top 32 KnockOut	Tiro	Aleon	Tiro	1	5	1	0	3	2	Lil John	Karim	Narumi	Ronnie	Kuzya					63	17	-5	-10	-4																																									2026-09-04	and8	https://and8.dance/en/stats/reports/5353/4520/?data=1&x=300&y=200&w=1225&type=r
Unbreakable 2026	1vs1 Pro BBoy Top 32 KnockOut	Gera	Dreivor	Gera	1	5	1	0	5	0	Lil John	Karim	Narumi	Ronnie	Kuzya					-79	-44	-11	-25	-4																																									2026-09-04	and8	https://and8.dance/en/stats/reports/5353/4520/?data=1&x=300&y=130&w=1225&type=r
NBL Youth League & NBL Challenger League - Den Bosch	BBoy 17+ years Top 16 KnockOut	GUSS	HD	GUSS	3	3	2	1	6	3	Rhythmmatic	Pauline	Kido							-16	31	-7							-15	-27	-16							-12	17	8																									2026-09-26	and8	https://and8.dance/en/stats/reports/5655/4605/?data=1&x=615&y=615&w=1225&type=r
NBL Youth League & NBL Challenger League - Den Bosch	BBoy 17+ years Top 16 KnockOut	Seigo	HD	HD	2	3	0	2	0	6	Rhythmmatic	Pauline	Kido							8	17	10							8	14	13																																		2026-09-26	and8	https://and8.dance/en/stats/reports/5655/4605/?data=1&x=745&y=360&w=1225&type=r
NBL Youth League & NBL Challenger League - Den Bosch	BBoy 17+ years Top 16 KnockOut	GUSS	King	GUSS	2	3	2	0	6	0	Rhythmmatic	Pauline	Kido							-18	-23	-2							-12	-11	-43																																		2026-09-26	and8	https://and8.dance/en/stats/reports/5655/4605/?data=1&x=480&y=360&w=1225&type=r
NBL Youth League & NBL Challenger League - Den Bosch	BBoy 17+ years Top 16 KnockOut	Inception	HD	HD	2	3	0	2	0	6	Rhythmmatic	Pauline	Kido							15	38	49							9	29	63																																		2026-09-26	and8	https://and8.dance/en/stats/reports/5655/4605/?data=1&x=785&y=495&w=1225&type=r
NBL Youth League & NBL Challenger League - Den Bosch	BBoy 17+ years Top 16 KnockOut	Seigo	David	Seigo	2	3	2	0	5	1	Rhythmmatic	Pauline	Kido							-8	-17	8							-11	-19	-31																																		2026-09-26	and8	https://and8.dance/en/stats/reports/5655/4605/?data=1&x=785&y=225&w=1225&type=r
NBL Youth League & NBL Challenger League - Den Bosch	BBoy 17+ years Top 16 KnockOut	DTales	King	King	3	3	1	2	4	5	Rhythmmatic	Pauline	Kido							11	-1	21							-17	3	-39							-7	9	5																									2026-09-26	and8	https://and8.dance/en/stats/reports/5655/4605/?data=1&x=440&y=495&w=1225&type=r
NBL Youth League & NBL Challenger League - Den Bosch	BBoy 17+ years Top 16 KnockOut	Hook Up	GUSS	GUSS	2	3	0	2	0	6	Rhythmmatic	Pauline	Kido							8	23	39							7	13	5																																		2026-09-26	and8	https://and8.dance/en/stats/reports/5655/4605/?data=1&x=440&y=225&w=1225&type=r
NBL Youth League & NBL Challenger League - Den Bosch	BBoy 17+ years Top 16 KnockOut	Sem	HD	HD	1	3	0	1	0	3	Rhythmmatic	Pauline	Kido							6	35	80																																											2026-09-26	and8	https://and8.dance/en/stats/reports/5655/4605/?data=1&x=1085&y=540&w=1225&type=r
NBL Youth League & NBL Challenger League - Den Bosch	BBoy 17+ years Top 16 KnockOut	Inception	The Narrator	Inception	1	3	1	0	3	0	Rhythmmatic	Pauline	Kido							-20	-27	-60																																											2026-09-26	and8	https://and8.dance/en/stats/reports/5655/4605/?data=1&x=1085&y=405&w=1225&type=r
NBL Youth League & NBL Challenger League - Den Bosch	BBoy 17+ years Top 16 KnockOut	David	Justin	David	1	3	1	0	3	0	Rhythmmatic	Pauline	Kido							-15	-40	-76																																											2026-09-26	and8	https://and8.dance/en/stats/reports/5655/4605/?data=1&x=1085&y=270&w=1225&type=r
NBL Youth League & NBL Challenger League - Den Bosch	BBoy 17+ years Top 16 KnockOut	Seigo	Andras	Seigo	1	3	1	0	3	0	Rhythmmatic	Pauline	Kido							-14	-70	-51																																											2026-09-26	and8	https://and8.dance/en/stats/reports/5655/4605/?data=1&x=1085&y=135&w=1225&type=r
NBL Youth League & NBL Challenger League - Den Bosch	BBoy 17+ years Top 16 KnockOut	Dimma	King	King	1	3	0	1	0	3	Rhythmmatic	Pauline	Kido							15	71	100																																											2026-09-26	and8	https://and8.dance/en/stats/reports/5655/4605/?data=1&x=135&y=540&w=1225&type=r
NBL Youth League & NBL Challenger League - Den Bosch	BBoy 17+ years Top 16 KnockOut	BWANNA	DTales	DTales	1	3	0	1	0	3	Rhythmmatic	Pauline	Kido							22	18	70																																											2026-09-26	and8	https://and8.dance/en/stats/reports/5655/4605/?data=1&x=135&y=405&w=1225&type=r
NBL Youth League & NBL Challenger League - Den Bosch	BBoy 17+ years Top 16 KnockOut	GUSS	Ravi	GUSS	1	3	1	0	3	0	Rhythmmatic	Pauline	Kido							-19	-68	-60																																											2026-09-26	and8	https://and8.dance/en/stats/reports/5655/4605/?data=1&x=135&y=270&w=1225&type=r
NBL Youth League & NBL Challenger League - Den Bosch	BBoy 17+ years Top 16 KnockOut	Hook Up	Bboy koen	Hook Up	1	3	1	0	2	1	Rhythmmatic	Pauline	Kido							-28	43	-20																																											2026-09-26	and8	https://and8.dance/en/stats/reports/5655/4605/?data=1&x=135&y=135&w=1225&type=r
NBL Youth League & NBL Challenger League - Den Bosch	BGirl 17+ years Top 8 KnockOut	A.L.T	Jazzy	Jazzy	2	3	0	2	0	6	Rhythmmatic	Pauline	Kido							10	27	42							6	23	32																																		2026-09-26	and8	https://and8.dance/en/stats/reports/5655/4606/?data=1&x=615&y=615&w=1225&type=r
NBL Youth League & NBL Challenger League - Den Bosch	BGirl 17+ years Top 8 KnockOut	Salala	Jazzy	Jazzy	2	3	0	2	0	6	Rhythmmatic	Pauline	Kido							25	40	4							8	5	13																																		2026-09-26	and8	https://and8.dance/en/stats/reports/5655/4606/?data=1&x=760&y=360&w=1225&type=r
NBL Youth League & NBL Challenger League - Den Bosch	BGirl 17+ years Top 8 KnockOut	Kat	A.L.T	A.L.T	2	3	0	2	0	6	Rhythmmatic	Pauline	Kido							16	26	38							16	34	80																																		2026-09-26	and8	https://and8.dance/en/stats/reports/5655/4606/?data=1&x=465&y=360&w=1225&type=r
NBL Youth League & NBL Challenger League - Den Bosch	BGirl 17+ years Top 8 KnockOut	Rox	Jazzy	Jazzy	1	3	0	1	0	3	Rhythmmatic	Pauline	Kido							8	81	100																																											2026-09-26	and8	https://and8.dance/en/stats/reports/5655/4606/?data=1&x=980&y=430&w=1225&type=r
NBL Youth League & NBL Challenger League - Den Bosch	BGirl 17+ years Top 8 KnockOut	Salala	Lena	Salala	1	3	1	0	3	0	Rhythmmatic	Pauline	Kido							-13	-18	-70																																											2026-09-26	and8	https://and8.dance/en/stats/reports/5655/4606/?data=1&x=980&y=160&w=1225&type=r
NBL Youth League & NBL Challenger League - Den Bosch	BGirl 17+ years Top 8 KnockOut	Or	A.L.T	A.L.T	1	3	0	1	0	3	Rhythmmatic	Pauline	Kido							11	55	51																																											2026-09-26	and8	https://and8.dance/en/stats/reports/5655/4606/?data=1&x=245&y=430&w=1225&type=r
NBL Youth League & NBL Challenger League - Den Bosch	BGirl 17+ years Top 8 KnockOut	Lua	Kat	Kat	1	3	0	1	1	2	Rhythmmatic	Pauline	Kido							8	-11	6																																											2026-09-26	and8	https://and8.dance/en/stats/reports/5655/4606/?data=1&x=245&y=160&w=1225&type=r
